quadro;irmao;desenho;obj;x;y
0;Tico;1;0;269.0;876.0
0;Tico;1;1;127.0;916.0
0;Tico;1;2;203.5;725.6
0;Teco;1;0;1651.0;876.0
0;Teco;1;1;1793.0;916.0
0;Teco;1;2;1716.5;725.6
1;Tico;1;0;269.0;876.0
1;Tico;1;1;127.0;916.0
1;Tico;1;2;190.5;724.8
1;Teco;1;0;1651.0;876.0
1;Teco;1;1;1793.0;916.0
1;Teco;1;2;1729.5;724.8
2;Tico;1;0;269.0;876.0
2;Tico;1;1;127.0;916.0
2;Tico;1;2;177.3;725.2
2;Teco;1;0;1651.0;876.0
2;Teco;1;1;1793.0;916.0
2;Teco;1;2;1742.7;725.2
3;Tico;1;0;269.0;876.0
3;Tico;1;1;127.0;916.0
3;Tico;1;2;164.2;726.7
3;Teco;1;0;1651.0;876.0
3;Teco;1;1;1793.0;916.0
3;Teco;1;2;1755.8;726.7
4;Tico;1;0;269.0;876.0
4;Tico;1;1;127.0;916.0
4;Tico;1;2;151.4;729.4
4;Teco;1;0;1651.0;876.0
4;Teco;1;1;1793.0;916.0
4;Teco;1;2;1768.6;729.4
5;Tico;2;0;274.0;852.0
5;Tico;2;1;141.1;910.1
5;Tico;2;2;139.0;733.2
5;Teco;2;0;1646.0;852.0
5;Teco;2;1;1778.9;910.1
5;Teco;2;2;1781.0;733.2
6;Tico;2;0;274.0;852.0
6;Tico;2;1;155.2;904.9
6;Tico;2;2;127.4;738.3
6;Teco;2;0;1646.0;852.0
6;Teco;2;1;1764.8;904.9
6;Teco;2;2;1792.6;738.3
7;Tico;2;0;274.0;852.0
7;Tico;2;1;169.3;900.3
7;Tico;2;2;116.7;744.5
7;Teco;2;0;1646.0;852.0
7;Teco;2;1;1750.7;900.3
7;Teco;2;2;1803.3;744.5
8;Tico;2;0;274.0;852.0
8;Tico;2;1;183.4;896.3
8;Tico;2;2;107.1;751.9
8;Teco;2;0;1646.0;852.0
8;Teco;2;1;1736.6;896.3
8;Teco;2;2;1812.9;751.9
9;Tico;2;0;274.0;852.0
9;Tico;2;1;197.5;893.0
9;Tico;2;2;98.8;760.4
9;Teco;2;0;1646.0;852.0
9;Teco;2;1;1722.5;893.0
9;Teco;2;2;1821.2;760.4
10;Tico;3;0;275.7;795.7
10;Tico;3;1;211.6;890.3
10;Tico;3;2;88.1;768.3
10;Teco;3;0;1644.3;795.7
10;Teco;3;1;1708.4;890.3
10;Teco;3;2;1831.9;768.3
11;Tico;3;0;275.9;783.5
11;Tico;3;1;225.7;888.3
11;Tico;3;2;82.4;777.0
11;Teco;3;0;1644.1;783.5
11;Teco;3;1;1694.3;888.3
11;Teco;3;2;1837.6;777.0
12;Tico;3;0;273.9;772.4
12;Tico;3;1;239.8;886.9
12;Tico;3;2;78.7;787.0
12;Teco;3;0;1646.1;772.4
12;Teco;3;1;1680.2;886.9
12;Teco;3;2;1841.3;787.0
13;Tico;3;0;269.7;762.5
13;Tico;3;1;253.9;886.1
13;Tico;3;2;77.0;798.1
13;Teco;3;0;1650.3;762.5
13;Teco;3;1;1666.1;886.1
13;Teco;3;2;1843.0;798.1
14;Tico;3;0;263.8;753.7
14;Tico;3;1;268.0;886.0
14;Tico;3;2;77.8;810.4
14;Teco;3;0;1656.2;753.7
14;Teco;3;1;1652.0;886.0
14;Teco;3;2;1842.2;810.4
15;Tico;4;0;256.2;746.0
15;Tico;4;1;268.0;886.0
15;Tico;4;2;81.1;823.9
15;Teco;4;0;1663.8;746.0
15;Teco;4;1;1652.0;886.0
15;Teco;4;2;1838.9;823.9
16;Tico;4;0;247.2;739.5
16;Tico;4;1;268.0;886.0
16;Tico;4;2;87.1;838.6
16;Teco;4;0;1672.8;739.5
16;Teco;4;1;1652.0;886.0
16;Teco;4;2;1832.9;838.6
17;Tico;4;0;236.9;734.2
17;Tico;4;1;268.0;886.0
17;Tico;4;2;96.1;854.5
17;Teco;4;0;1683.1;734.2
17;Teco;4;1;1652.0;886.0
17;Teco;4;2;1823.9;854.5
18;Tico;4;0;225.7;730.0
18;Tico;4;1;268.0;886.0
18;Tico;4;2;108.4;871.6
18;Teco;4;0;1694.3;730.0
18;Teco;4;1;1652.0;886.0
18;Teco;4;2;1811.6;871.6
19;Tico;4;0;213.6;727.0
19;Tico;4;1;268.0;886.0
19;Tico;4;2;124.0;890.0
19;Teco;4;0;1706.4;727.0
19;Teco;4;1;1652.0;886.0
19;Teco;4;2;1796.0;890.0
20;Tico;5;0;200.9;725.1
20;Tico;5;1;270.0;874.0
20;Tico;5;2;137.0;912.0
20;Teco;5;0;1719.1;725.1
20;Teco;5;1;1650.0;874.0
20;Teco;5;2;1783.0;912.0
21;Tico;5;0;187.9;724.4
21;Tico;5;1;270.0;874.0
21;Tico;5;2;137.0;912.0
21;Teco;5;0;1732.1;724.4
21;Teco;5;1;1650.0;874.0
21;Teco;5;2;1783.0;912.0
22;Tico;5;0;174.7;724.9
22;Tico;5;1;270.0;874.0
22;Tico;5;2;137.0;912.0
22;Teco;5;0;1745.3;724.9
22;Teco;5;1;1650.0;874.0
22;Teco;5;2;1783.0;912.0
23;Tico;5;0;161.5;726.5
23;Tico;5;1;270.0;874.0
23;Tico;5;2;137.0;912.0
23;Teco;5;0;1758.5;726.5
23;Teco;5;1;1650.0;874.0
23;Teco;5;2;1783.0;912.0
24;Tico;5;0;148.6;729.4
24;Tico;5;1;270.0;874.0
24;Tico;5;2;137.0;912.0
24;Teco;5;0;1771.4;729.4
24;Teco;5;1;1650.0;874.0
24;Teco;5;2;1783.0;912.0
25;Tico;6;0;136.2;733.4
25;Tico;6;1;278.0;836.0
25;Tico;6;2;150.9;898.9
25;Teco;6;0;1783.8;733.4
25;Teco;6;1;1642.0;836.0
25;Teco;6;2;1769.1;898.9
26;Tico;6;0;124.4;738.6
26;Tico;6;1;278.0;836.0
26;Tico;6;2;164.8;886.5
26;Teco;6;0;1795.6;738.6
26;Teco;6;1;1642.0;836.0
26;Teco;6;2;1755.2;886.5
27;Tico;6;0;113.4;745.0
27;Tico;6;1;278.0;836.0
27;Tico;6;2;178.7;874.7
27;Teco;6;0;1806.6;745.0
27;Teco;6;1;1642.0;836.0
27;Teco;6;2;1741.3;874.7
28;Tico;6;0;103.6;752.6
28;Tico;6;1;278.0;836.0
28;Tico;6;2;192.6;863.5
28;Teco;6;0;1816.4;752.6
28;Teco;6;1;1642.0;836.0
28;Teco;6;2;1727.4;863.5
29;Tico;6;0;95.1;761.4
29;Tico;6;1;278.0;836.0
29;Tico;6;2;206.5;853.0
29;Teco;6;0;1824.9;761.4
29;Teco;6;1;1642.0;836.0
29;Teco;6;2;1713.5;853.0
30;Tico;7;0;88.0;771.4
30;Tico;7;1;278.7;796.7
30;Tico;7;2;220.4;843.1
30;Teco;7;0;1832.0;771.4
30;Teco;7;1;1641.3;796.7
30;Teco;7;2;1699.6;843.1
31;Tico;7;0;82.7;782.6
31;Tico;7;1;278.9;784.4
31;Tico;7;2;234.3;833.9
31;Teco;7;0;1837.3;782.6
31;Teco;7;1;1641.1;784.4
31;Teco;7;2;1685.7;833.9
32;Tico;7;0;79.3;795.0
32;Tico;7;1;276.8;773.4
32;Tico;7;2;248.2;825.3
32;Teco;7;0;1840.7;795.0
32;Teco;7;1;1643.2;773.4
32;Teco;7;2;1671.8;825.3
33;Tico;7;0;78.1;808.6
33;Tico;7;1;272.6;763.4
33;Tico;7;2;262.1;817.3
33;Teco;7;0;1841.9;808.6
33;Teco;7;1;1647.4;763.4
33;Teco;7;2;1657.9;817.3
34;Tico;7;0;79.1;823.4
34;Tico;7;1;266.6;754.6
34;Tico;7;2;276.0;810.0
34;Teco;7;0;1840.9;823.4
34;Teco;7;1;1653.4;754.6
34;Teco;7;2;1644.0;810.0
35;Tico;8;0;82.8;839.5
35;Tico;8;1;259.0;746.9
35;Tico;8;2;270.0;884.0
35;Teco;8;0;1837.2;839.5
35;Teco;8;1;1661.0;746.9
35;Teco;8;2;1650.0;884.0
36;Tico;8;0;89.2;856.8
36;Tico;8;1;249.9;740.3
36;Tico;8;2;270.0;884.0
36;Teco;8;0;1830.8;856.8
36;Teco;8;1;1670.1;740.3
36;Teco;8;2;1650.0;884.0
37;Tico;8;0;98.5;875.3
37;Tico;8;1;239.6;734.9
37;Tico;8;2;270.0;884.0
37;Teco;8;0;1821.5;875.3
37;Teco;8;1;1680.4;734.9
37;Teco;8;2;1650.0;884.0
38;Tico;8;0;111.1;895.0
38;Tico;8;1;228.3;730.7
38;Tico;8;2;270.0;884.0
38;Teco;8;0;1808.9;895.0
38;Teco;8;1;1691.7;730.7
38;Teco;8;2;1650.0;884.0
39;Tico;8;0;127.0;916.0
39;Tico;8;1;216.2;727.6
39;Tico;8;2;270.0;884.0
39;Teco;8;0;1793.0;916.0
39;Teco;8;1;1703.8;727.6
39;Teco;8;2;1650.0;884.0
40;Tico;1;0;127.0;916.0
40;Tico;1;1;203.5;725.6
40;Tico;1;2;269.0;876.0
40;Teco;1;0;1793.0;916.0
40;Teco;1;1;1716.5;725.6
40;Teco;1;2;1651.0;876.0
41;Tico;1;0;127.0;916.0
41;Tico;1;1;190.5;724.8
41;Tico;1;2;269.0;876.0
41;Teco;1;0;1793.0;916.0
41;Teco;1;1;1729.5;724.8
41;Teco;1;2;1651.0;876.0
42;Tico;1;0;127.0;916.0
42;Tico;1;1;177.3;725.2
42;Tico;1;2;269.0;876.0
42;Teco;1;0;1793.0;916.0
42;Teco;1;1;1742.7;725.2
42;Teco;1;2;1651.0;876.0
43;Tico;1;0;127.0;916.0
43;Tico;1;1;164.2;726.7
43;Tico;1;2;269.0;876.0
43;Teco;1;0;1793.0;916.0
43;Teco;1;1;1755.8;726.7
43;Teco;1;2;1651.0;876.0
44;Tico;1;0;127.0;916.0
44;Tico;1;1;151.4;729.4
44;Tico;1;2;269.0;876.0
44;Teco;1;0;1793.0;916.0
44;Teco;1;1;1768.6;729.4
44;Teco;1;2;1651.0;876.0
45;Tico;2;0;141.1;910.1
45;Tico;2;1;139.0;733.2
45;Tico;2;2;274.0;852.0
45;Teco;2;0;1778.9;910.1
45;Teco;2;1;1781.0;733.2
45;Teco;2;2;1646.0;852.0
46;Tico;2;0;155.2;904.9
46;Tico;2;1;127.4;738.3
46;Tico;2;2;274.0;852.0
46;Teco;2;0;1764.8;904.9
46;Teco;2;1;1792.6;738.3
46;Teco;2;2;1646.0;852.0
47;Tico;2;0;169.3;900.3
47;Tico;2;1;116.7;744.5
47;Tico;2;2;274.0;852.0
47;Teco;2;0;1750.7;900.3
47;Teco;2;1;1803.3;744.5
47;Teco;2;2;1646.0;852.0
48;Tico;2;0;183.4;896.3
48;Tico;2;1;107.1;751.9
48;Tico;2;2;274.0;852.0
48;Teco;2;0;1736.6;896.3
48;Teco;2;1;1812.9;751.9
48;Teco;2;2;1646.0;852.0
49;Tico;2;0;197.5;893.0
49;Tico;2;1;98.8;760.4
49;Tico;2;2;274.0;852.0
49;Teco;2;0;1722.5;893.0
49;Teco;2;1;1821.2;760.4
49;Teco;2;2;1646.0;852.0
50;Tico;3;0;211.6;890.3
50;Tico;3;1;92.1;770.2
50;Tico;3;2;275.7;795.7
50;Teco;3;0;1708.4;890.3
50;Teco;3;1;1827.9;770.2
50;Teco;3;2;1644.3;795.7
51;Tico;3;0;225.7;888.3
51;Tico;3;1;87.2;781.2
51;Tico;3;2;275.9;783.5
51;Teco;3;0;1694.3;888.3
51;Teco;3;1;1832.8;781.2
51;Teco;3;2;1644.1;783.5
52;Tico;3;0;239.8;886.9
52;Tico;3;1;84.2;793.3
52;Tico;3;2;273.9;772.4
52;Teco;3;0;1680.2;886.9
52;Teco;3;1;1835.8;793.3
52;Teco;3;2;1646.1;772.4
53;Tico;3;0;253.9;886.1
53;Tico;3;1;83.5;806.6
53;Tico;3;2;269.7;762.5
53;Teco;3;0;1666.1;886.1
53;Teco;3;1;1836.5;806.6
53;Teco;3;2;1650.3;762.5
54;Tico;3;0;268.0;886.0
54;Tico;3;1;85.1;821.2
54;Tico;3;2;263.8;753.7
54;Teco;3;0;1652.0;886.0
54;Teco;3;1;1834.9;821.2
54;Teco;3;2;1656.2;753.7
55;Tico;4;0;268.0;886.0
55;Tico;4;1;89.4;836.9
55;Tico;4;2;256.2;746.0
55;Teco;4;0;1652.0;886.0
55;Teco;4;1;1830.6;836.9
55;Teco;4;2;1663.8;746.0
56;Tico;4;0;268.0;886.0
56;Tico;4;1;96.5;853.9
56;Tico;4;2;247.2;739.5
56;Teco;4;0;1652.0;886.0
56;Teco;4;1;1823.5;853.9
56;Teco;4;2;1672.8;739.5
57;Tico;4;0;268.0;886.0
57;Tico;4;1;106.7;872.0
57;Tico;4;2;236.9;734.2
57;Teco;4;0;1652.0;886.0
57;Teco;4;1;1813.3;872.0
57;Teco;4;2;1683.1;734.2
58;Tico;4;0;268.0;886.0
58;Tico;4;1;120.1;891.4
58;Tico;4;2;225.7;730.0
58;Teco;4;0;1652.0;886.0
58;Teco;4;1;1799.9;891.4
58;Teco;4;2;1694.3;730.0
59;Tico;4;0;268.0;886.0
59;Tico;4;1;137.0;912.0
59;Tico;4;2;213.6;727.0
59;Teco;4;0;1652.0;886.0
59;Teco;4;1;1783.0;912.0
59;Teco;4;2;1706.4;727.0
