quadro;irmao;desenho;obj;estado;pegada;x;y
0;Tico;1;0;mao_frente;1.00;269.0;876.0
0;Tico;1;1;mao_tras;1.00;127.0;916.0
0;Tico;1;2;voo_alto;0.00;203.5;725.6
0;Teco;1;0;mao_frente;1.00;1651.0;876.0
0;Teco;1;1;mao_tras;1.00;1793.0;916.0
0;Teco;1;2;voo_alto;0.00;1716.5;725.6
1;Tico;1;0;mao_frente;1.00;269.0;876.0
1;Tico;1;1;mao_tras;1.00;127.0;916.0
1;Tico;1;2;voo_alto;0.00;190.5;724.8
1;Teco;1;0;mao_frente;1.00;1651.0;876.0
1;Teco;1;1;mao_tras;1.00;1793.0;916.0
1;Teco;1;2;voo_alto;0.00;1729.5;724.8
2;Tico;1;0;mao_frente;1.00;269.0;876.0
2;Tico;1;1;mao_tras;1.00;127.0;916.0
2;Tico;1;2;voo_alto;0.00;177.3;725.2
2;Teco;1;0;mao_frente;1.00;1651.0;876.0
2;Teco;1;1;mao_tras;1.00;1793.0;916.0
2;Teco;1;2;voo_alto;0.00;1742.7;725.2
3;Tico;2;0;mao_frente;1.00;274.0;852.0
3;Tico;2;1;mao_tras;1.00;129.0;904.0
3;Tico;2;2;voo_alto;0.00;164.2;726.7
3;Teco;2;0;mao_frente;1.00;1646.0;852.0
3;Teco;2;1;mao_tras;1.00;1791.0;904.0
3;Teco;2;2;voo_alto;0.00;1755.8;726.7
4;Tico;2;0;mao_frente;1.00;274.0;852.0
4;Tico;2;1;voo_baixo;1.00;129.0;904.0
4;Tico;2;2;voo_alto;0.00;151.4;729.4
4;Teco;2;0;mao_frente;1.00;1646.0;852.0
4;Teco;2;1;voo_baixo;1.00;1791.0;904.0
4;Teco;2;2;voo_alto;0.00;1768.6;729.4
5;Tico;2;0;mao_frente;1.00;274.0;852.0
5;Tico;2;1;voo_baixo;1.00;144.4;896.3
5;Tico;2;2;voo_alto;0.00;139.0;733.2
5;Teco;2;0;mao_frente;1.00;1646.0;852.0
5;Teco;2;1;voo_baixo;1.00;1775.6;896.3
5;Teco;2;2;voo_alto;0.00;1781.0;733.2
6;Tico;3;0;mao_frente;1.00;272.0;837.0
6;Tico;3;1;voo_baixo;1.00;159.8;889.3
6;Tico;3;2;voo_alto;0.00;127.4;738.3
6;Teco;3;0;mao_frente;1.00;1648.0;837.0
6;Teco;3;1;voo_baixo;1.00;1760.2;889.3
6;Teco;3;2;voo_alto;0.00;1792.6;738.3
7;Tico;3;0;mao_frente;1.00;272.0;837.0
7;Tico;3;1;voo_baixo;1.00;175.2;882.9
7;Tico;3;2;voo_alto;0.00;116.7;744.5
7;Teco;3;0;mao_frente;1.00;1648.0;837.0
7;Teco;3;1;voo_baixo;1.00;1744.8;882.9
7;Teco;3;2;voo_alto;0.00;1803.3;744.5
8;Tico;3;0;mao_frente;1.00;272.0;837.0
8;Tico;3;1;voo_baixo;1.00;190.6;877.1
8;Tico;3;2;voo_alto;0.00;107.1;751.9
8;Teco;3;0;mao_frente;1.00;1648.0;837.0
8;Teco;3;1;voo_baixo;1.00;1729.4;877.1
8;Teco;3;2;voo_alto;0.00;1812.9;751.9
9;Tico;4;0;mao_frente;1.00;273.0;809.0
9;Tico;4;1;voo_baixo;1.00;206.0;872.0
9;Tico;4;2;voo_alto;0.00;98.8;760.4
9;Teco;4;0;mao_frente;1.00;1647.0;809.0
9;Teco;4;1;voo_baixo;1.00;1714.0;872.0
9;Teco;4;2;voo_alto;0.00;1821.2;760.4
10;Tico;4;0;voo_alto;0.89;275.7;795.7
10;Tico;4;1;voo_baixo;1.00;221.4;867.5
10;Tico;4;2;voo_alto;0.00;92.1;770.2
10;Teco;4;0;voo_alto;0.89;1644.3;795.7
10;Teco;4;1;voo_baixo;1.00;1698.6;867.5
10;Teco;4;2;voo_alto;0.00;1827.9;770.2
11;Tico;4;0;voo_alto;0.62;275.9;783.5
11;Tico;4;1;voo_baixo;1.00;236.8;863.7
11;Tico;4;2;voo_alto;0.00;87.2;781.2
11;Teco;4;0;voo_alto;0.62;1644.1;783.5
11;Teco;4;1;voo_baixo;1.00;1683.2;863.7
11;Teco;4;2;voo_alto;0.00;1832.8;781.2
12;Tico;4;0;voo_alto;0.32;273.9;772.4
12;Tico;4;1;voo_baixo;1.00;252.2;860.5
12;Tico;4;2;voo_alto;0.00;84.2;793.3
12;Teco;4;0;voo_alto;0.32;1646.1;772.4
12;Teco;4;1;voo_baixo;1.00;1667.8;860.5
12;Teco;4;2;voo_alto;0.00;1835.8;793.3
13;Tico;5;0;voo_alto;0.07;269.7;762.5
13;Tico;5;1;voo_baixo;1.00;267.6;857.9
13;Tico;5;2;voo_alto;0.00;83.5;806.6
13;Teco;5;0;voo_alto;0.07;1650.3;762.5
13;Teco;5;1;voo_baixo;1.00;1652.4;857.9
13;Teco;5;2;voo_alto;0.00;1836.5;806.6
14;Tico;5;0;voo_alto;0.00;263.8;753.7
14;Tico;5;1;voo_baixo;1.00;283.0;856.0
14;Tico;5;2;voo_alto;0.00;85.1;821.2
14;Teco;5;0;voo_alto;0.00;1656.2;753.7
14;Teco;5;1;voo_baixo;1.00;1637.0;856.0
14;Teco;5;2;voo_alto;0.00;1834.9;821.2
15;Tico;5;0;voo_alto;0.00;256.2;746.0
15;Tico;5;1;mao_frente;1.00;283.0;856.0
15;Tico;5;2;voo_alto;0.07;89.4;836.9
15;Teco;5;0;voo_alto;0.00;1663.8;746.0
15;Teco;5;1;mao_frente;1.00;1637.0;856.0
15;Teco;5;2;voo_alto;0.07;1830.6;836.9
16;Tico;6;0;voo_alto;0.00;247.2;739.5
16;Tico;6;1;mao_frente;1.00;268.0;886.0
16;Tico;6;2;voo_alto;0.32;96.5;853.9
16;Teco;6;0;voo_alto;0.00;1672.8;739.5
16;Teco;6;1;mao_frente;1.00;1652.0;886.0
16;Teco;6;2;voo_alto;0.32;1823.5;853.9
17;Tico;6;0;voo_alto;0.00;236.9;734.2
17;Tico;6;1;mao_frente;1.00;268.0;886.0
17;Tico;6;2;voo_alto;0.62;106.7;872.0
17;Teco;6;0;voo_alto;0.00;1683.1;734.2
17;Teco;6;1;mao_frente;1.00;1652.0;886.0
17;Teco;6;2;voo_alto;0.62;1813.3;872.0
18;Tico;6;0;voo_alto;0.00;225.7;730.0
18;Tico;6;1;mao_frente;1.00;268.0;886.0
18;Tico;6;2;voo_alto;0.89;120.1;891.4
18;Teco;6;0;voo_alto;0.00;1694.3;730.0
18;Teco;6;1;mao_frente;1.00;1652.0;886.0
18;Teco;6;2;voo_alto;0.89;1799.9;891.4
19;Tico;7;0;voo_alto;0.00;213.6;727.0
19;Tico;7;1;mao_frente;1.00;270.0;874.0
19;Tico;7;2;voo_alto;1.00;137.0;912.0
19;Teco;7;0;voo_alto;0.00;1706.4;727.0
19;Teco;7;1;mao_frente;1.00;1650.0;874.0
19;Teco;7;2;voo_alto;1.00;1783.0;912.0
20;Tico;7;0;voo_alto;0.00;200.9;725.1
20;Tico;7;1;mao_frente;1.00;270.0;874.0
20;Tico;7;2;mao_tras;1.00;137.0;912.0
20;Teco;7;0;voo_alto;0.00;1719.1;725.1
20;Teco;7;1;mao_frente;1.00;1650.0;874.0
20;Teco;7;2;mao_tras;1.00;1783.0;912.0
21;Tico;7;0;voo_alto;0.00;187.9;724.4
21;Tico;7;1;mao_frente;1.00;270.0;874.0
21;Tico;7;2;mao_tras;1.00;137.0;912.0
21;Teco;7;0;voo_alto;0.00;1732.1;724.4
21;Teco;7;1;mao_frente;1.00;1650.0;874.0
21;Teco;7;2;mao_tras;1.00;1783.0;912.0
22;Tico;7;0;voo_alto;0.00;174.7;724.9
22;Tico;7;1;mao_frente;1.00;270.0;874.0
22;Tico;7;2;mao_tras;1.00;137.0;912.0
22;Teco;7;0;voo_alto;0.00;1745.3;724.9
22;Teco;7;1;mao_frente;1.00;1650.0;874.0
22;Teco;7;2;mao_tras;1.00;1783.0;912.0
23;Tico;8;0;voo_alto;0.00;161.5;726.5
23;Tico;8;1;mao_frente;1.00;281.0;856.0
23;Tico;8;2;mao_tras;1.00;137.0;912.0
23;Teco;8;0;voo_alto;0.00;1758.5;726.5
23;Teco;8;1;mao_frente;1.00;1639.0;856.0
23;Teco;8;2;mao_tras;1.00;1783.0;912.0
24;Tico;8;0;voo_alto;0.00;148.6;729.4
24;Tico;8;1;mao_frente;1.00;281.0;856.0
24;Tico;8;2;voo_baixo;1.00;137.0;912.0
24;Teco;8;0;voo_alto;0.00;1771.4;729.4
24;Teco;8;1;mao_frente;1.00;1639.0;856.0
24;Teco;8;2;voo_baixo;1.00;1783.0;912.0
25;Tico;8;0;voo_alto;0.00;136.2;733.4
25;Tico;8;1;mao_frente;1.00;281.0;856.0
25;Tico;8;2;voo_baixo;1.00;151.9;903.5
25;Teco;8;0;voo_alto;0.00;1783.8;733.4
25;Teco;8;1;mao_frente;1.00;1639.0;856.0
25;Teco;8;2;voo_baixo;1.00;1768.1;903.5
26;Tico;9;0;voo_alto;0.00;124.4;738.6
26;Tico;9;1;mao_frente;1.00;278.0;836.0
26;Tico;9;2;voo_baixo;1.00;166.8;895.7
26;Teco;9;0;voo_alto;0.00;1795.6;738.6
26;Teco;9;1;mao_frente;1.00;1642.0;836.0
26;Teco;9;2;voo_baixo;1.00;1753.2;895.7
27;Tico;9;0;voo_alto;0.00;113.4;745.0
27;Tico;9;1;mao_frente;1.00;278.0;836.0
27;Tico;9;2;voo_baixo;1.00;181.7;888.5
27;Teco;9;0;voo_alto;0.00;1806.6;745.0
27;Teco;9;1;mao_frente;1.00;1642.0;836.0
27;Teco;9;2;voo_baixo;1.00;1738.3;888.5
28;Tico;9;0;voo_alto;0.00;103.6;752.6
28;Tico;9;1;mao_frente;1.00;278.0;836.0
28;Tico;9;2;voo_baixo;1.00;196.6;881.9
28;Teco;9;0;voo_alto;0.00;1816.4;752.6
28;Teco;9;1;mao_frente;1.00;1642.0;836.0
28;Teco;9;2;voo_baixo;1.00;1723.4;881.9
29;Tico;10;0;voo_alto;0.00;95.1;761.4
29;Tico;10;1;mao_frente;1.00;276.0;810.0
29;Tico;10;2;voo_baixo;1.00;211.5;876.0
29;Teco;10;0;voo_alto;0.00;1824.9;761.4
29;Teco;10;1;mao_frente;1.00;1644.0;810.0
29;Teco;10;2;voo_baixo;1.00;1708.5;876.0
30;Tico;10;0;voo_alto;0.00;88.0;771.4
30;Tico;10;1;voo_alto;0.89;278.7;796.7
30;Tico;10;2;voo_baixo;1.00;226.4;870.7
30;Teco;10;0;voo_alto;0.00;1832.0;771.4
30;Teco;10;1;voo_alto;0.89;1641.3;796.7
30;Teco;10;2;voo_baixo;1.00;1693.6;870.7
31;Tico;10;0;voo_alto;0.00;82.7;782.6
31;Tico;10;1;voo_alto;0.62;278.9;784.4
31;Tico;10;2;voo_baixo;1.00;241.3;866.1
31;Teco;10;0;voo_alto;0.00;1837.3;782.6
31;Teco;10;1;voo_alto;0.62;1641.1;784.4
31;Teco;10;2;voo_baixo;1.00;1678.7;866.1
32;Tico;10;0;voo_alto;0.00;79.3;795.0
32;Tico;10;1;voo_alto;0.32;276.8;773.4
32;Tico;10;2;voo_baixo;1.00;256.2;862.1
32;Teco;10;0;voo_alto;0.00;1840.7;795.0
32;Teco;10;1;voo_alto;0.32;1643.2;773.4
32;Teco;10;2;voo_baixo;1.00;1663.8;862.1
33;Tico;11;0;voo_alto;0.00;78.1;808.6
33;Tico;11;1;voo_alto;0.07;272.6;763.4
33;Tico;11;2;voo_baixo;1.00;271.1;858.7
33;Teco;11;0;voo_alto;0.00;1841.9;808.6
33;Teco;11;1;voo_alto;0.07;1647.4;763.4
33;Teco;11;2;voo_baixo;1.00;1648.9;858.7
34;Tico;11;0;voo_alto;0.00;79.1;823.4
34;Tico;11;1;voo_alto;0.00;266.6;754.6
34;Tico;11;2;voo_baixo;1.00;286.0;856.0
34;Teco;11;0;voo_alto;0.00;1840.9;823.4
34;Teco;11;1;voo_alto;0.00;1653.4;754.6
34;Teco;11;2;voo_baixo;1.00;1634.0;856.0
35;Tico;11;0;voo_alto;0.07;82.8;839.5
35;Tico;11;1;voo_alto;0.00;259.0;746.9
35;Tico;11;2;mao_frente;1.00;286.0;856.0
35;Teco;11;0;voo_alto;0.07;1837.2;839.5
35;Teco;11;1;voo_alto;0.00;1661.0;746.9
35;Teco;11;2;mao_frente;1.00;1634.0;856.0
36;Tico;12;0;voo_alto;0.32;89.2;856.8
36;Tico;12;1;voo_alto;0.00;249.9;740.3
36;Tico;12;2;mao_frente;1.00;270.0;884.0
36;Teco;12;0;voo_alto;0.32;1830.8;856.8
36;Teco;12;1;voo_alto;0.00;1670.1;740.3
36;Teco;12;2;mao_frente;1.00;1650.0;884.0
37;Tico;12;0;voo_alto;0.62;98.5;875.3
37;Tico;12;1;voo_alto;0.00;239.6;734.9
37;Tico;12;2;mao_frente;1.00;270.0;884.0
37;Teco;12;0;voo_alto;0.62;1821.5;875.3
37;Teco;12;1;voo_alto;0.00;1680.4;734.9
37;Teco;12;2;mao_frente;1.00;1650.0;884.0
38;Tico;12;0;voo_alto;0.89;111.1;895.0
38;Tico;12;1;voo_alto;0.00;228.3;730.7
38;Tico;12;2;mao_frente;1.00;270.0;884.0
38;Teco;12;0;voo_alto;0.89;1808.9;895.0
38;Teco;12;1;voo_alto;0.00;1691.7;730.7
38;Teco;12;2;mao_frente;1.00;1650.0;884.0
39;Tico;1;0;voo_alto;1.00;127.0;916.0
39;Tico;1;1;voo_alto;0.00;216.2;727.6
39;Tico;1;2;mao_frente;1.00;269.0;876.0
39;Teco;1;0;voo_alto;1.00;1793.0;916.0
39;Teco;1;1;voo_alto;0.00;1703.8;727.6
39;Teco;1;2;mao_frente;1.00;1651.0;876.0
40;Tico;1;0;mao_tras;1.00;127.0;916.0
40;Tico;1;1;voo_alto;0.00;203.5;725.6
40;Tico;1;2;mao_frente;1.00;269.0;876.0
40;Teco;1;0;mao_tras;1.00;1793.0;916.0
40;Teco;1;1;voo_alto;0.00;1716.5;725.6
40;Teco;1;2;mao_frente;1.00;1651.0;876.0
41;Tico;1;0;mao_tras;1.00;127.0;916.0
41;Tico;1;1;voo_alto;0.00;190.5;724.8
41;Tico;1;2;mao_frente;1.00;269.0;876.0
41;Teco;1;0;mao_tras;1.00;1793.0;916.0
41;Teco;1;1;voo_alto;0.00;1729.5;724.8
41;Teco;1;2;mao_frente;1.00;1651.0;876.0
42;Tico;1;0;mao_tras;1.00;127.0;916.0
42;Tico;1;1;voo_alto;0.00;177.3;725.2
42;Tico;1;2;mao_frente;1.00;269.0;876.0
42;Teco;1;0;mao_tras;1.00;1793.0;916.0
42;Teco;1;1;voo_alto;0.00;1742.7;725.2
42;Teco;1;2;mao_frente;1.00;1651.0;876.0
43;Tico;2;0;mao_tras;1.00;129.0;904.0
43;Tico;2;1;voo_alto;0.00;164.2;726.7
43;Tico;2;2;mao_frente;1.00;274.0;852.0
43;Teco;2;0;mao_tras;1.00;1791.0;904.0
43;Teco;2;1;voo_alto;0.00;1755.8;726.7
43;Teco;2;2;mao_frente;1.00;1646.0;852.0
44;Tico;2;0;voo_baixo;1.00;129.0;904.0
44;Tico;2;1;voo_alto;0.00;151.4;729.4
44;Tico;2;2;mao_frente;1.00;274.0;852.0
44;Teco;2;0;voo_baixo;1.00;1791.0;904.0
44;Teco;2;1;voo_alto;0.00;1768.6;729.4
44;Teco;2;2;mao_frente;1.00;1646.0;852.0
45;Tico;2;0;voo_baixo;1.00;144.4;896.3
45;Tico;2;1;voo_alto;0.00;139.0;733.2
45;Tico;2;2;mao_frente;1.00;274.0;852.0
45;Teco;2;0;voo_baixo;1.00;1775.6;896.3
45;Teco;2;1;voo_alto;0.00;1781.0;733.2
45;Teco;2;2;mao_frente;1.00;1646.0;852.0
46;Tico;3;0;voo_baixo;1.00;159.8;889.3
46;Tico;3;1;voo_alto;0.00;127.4;738.3
46;Tico;3;2;mao_frente;1.00;272.0;837.0
46;Teco;3;0;voo_baixo;1.00;1760.2;889.3
46;Teco;3;1;voo_alto;0.00;1792.6;738.3
46;Teco;3;2;mao_frente;1.00;1648.0;837.0
47;Tico;3;0;voo_baixo;1.00;175.2;882.9
47;Tico;3;1;voo_alto;0.00;116.7;744.5
47;Tico;3;2;mao_frente;1.00;272.0;837.0
47;Teco;3;0;voo_baixo;1.00;1744.8;882.9
47;Teco;3;1;voo_alto;0.00;1803.3;744.5
47;Teco;3;2;mao_frente;1.00;1648.0;837.0
48;Tico;3;0;voo_baixo;1.00;190.6;877.1
48;Tico;3;1;voo_alto;0.00;107.1;751.9
48;Tico;3;2;mao_frente;1.00;272.0;837.0
48;Teco;3;0;voo_baixo;1.00;1729.4;877.1
48;Teco;3;1;voo_alto;0.00;1812.9;751.9
48;Teco;3;2;mao_frente;1.00;1648.0;837.0
49;Tico;4;0;voo_baixo;1.00;206.0;872.0
49;Tico;4;1;voo_alto;0.00;98.8;760.4
49;Tico;4;2;mao_frente;1.00;273.0;809.0
49;Teco;4;0;voo_baixo;1.00;1714.0;872.0
49;Teco;4;1;voo_alto;0.00;1821.2;760.4
49;Teco;4;2;mao_frente;1.00;1647.0;809.0
50;Tico;4;0;voo_baixo;1.00;221.4;867.5
50;Tico;4;1;voo_alto;0.00;92.1;770.2
50;Tico;4;2;voo_alto;0.89;275.7;795.7
50;Teco;4;0;voo_baixo;1.00;1698.6;867.5
50;Teco;4;1;voo_alto;0.00;1827.9;770.2
50;Teco;4;2;voo_alto;0.89;1644.3;795.7
51;Tico;4;0;voo_baixo;1.00;236.8;863.7
51;Tico;4;1;voo_alto;0.00;87.2;781.2
51;Tico;4;2;voo_alto;0.62;275.9;783.5
51;Teco;4;0;voo_baixo;1.00;1683.2;863.7
51;Teco;4;1;voo_alto;0.00;1832.8;781.2
51;Teco;4;2;voo_alto;0.62;1644.1;783.5
52;Tico;4;0;voo_baixo;1.00;252.2;860.5
52;Tico;4;1;voo_alto;0.00;84.2;793.3
52;Tico;4;2;voo_alto;0.32;273.9;772.4
52;Teco;4;0;voo_baixo;1.00;1667.8;860.5
52;Teco;4;1;voo_alto;0.00;1835.8;793.3
52;Teco;4;2;voo_alto;0.32;1646.1;772.4
53;Tico;5;0;voo_baixo;1.00;267.6;857.9
53;Tico;5;1;voo_alto;0.00;83.5;806.6
53;Tico;5;2;voo_alto;0.07;269.7;762.5
53;Teco;5;0;voo_baixo;1.00;1652.4;857.9
53;Teco;5;1;voo_alto;0.00;1836.5;806.6
53;Teco;5;2;voo_alto;0.07;1650.3;762.5
54;Tico;5;0;voo_baixo;1.00;283.0;856.0
54;Tico;5;1;voo_alto;0.00;85.1;821.2
54;Tico;5;2;voo_alto;0.00;263.8;753.7
54;Teco;5;0;voo_baixo;1.00;1637.0;856.0
54;Teco;5;1;voo_alto;0.00;1834.9;821.2
54;Teco;5;2;voo_alto;0.00;1656.2;753.7
55;Tico;5;0;mao_frente;1.00;283.0;856.0
55;Tico;5;1;voo_alto;0.07;89.4;836.9
55;Tico;5;2;voo_alto;0.00;256.2;746.0
55;Teco;5;0;mao_frente;1.00;1637.0;856.0
55;Teco;5;1;voo_alto;0.07;1830.6;836.9
55;Teco;5;2;voo_alto;0.00;1663.8;746.0
56;Tico;6;0;mao_frente;1.00;268.0;886.0
56;Tico;6;1;voo_alto;0.32;96.5;853.9
56;Tico;6;2;voo_alto;0.00;247.2;739.5
56;Teco;6;0;mao_frente;1.00;1652.0;886.0
56;Teco;6;1;voo_alto;0.32;1823.5;853.9
56;Teco;6;2;voo_alto;0.00;1672.8;739.5
57;Tico;6;0;mao_frente;1.00;268.0;886.0
57;Tico;6;1;voo_alto;0.62;106.7;872.0
57;Tico;6;2;voo_alto;0.00;236.9;734.2
57;Teco;6;0;mao_frente;1.00;1652.0;886.0
57;Teco;6;1;voo_alto;0.62;1813.3;872.0
57;Teco;6;2;voo_alto;0.00;1683.1;734.2
58;Tico;6;0;mao_frente;1.00;268.0;886.0
58;Tico;6;1;voo_alto;0.89;120.1;891.4
58;Tico;6;2;voo_alto;0.00;225.7;730.0
58;Teco;6;0;mao_frente;1.00;1652.0;886.0
58;Teco;6;1;voo_alto;0.89;1799.9;891.4
58;Teco;6;2;voo_alto;0.00;1694.3;730.0
59;Tico;7;0;mao_frente;1.00;270.0;874.0
59;Tico;7;1;voo_alto;1.00;137.0;912.0
59;Tico;7;2;voo_alto;0.00;213.6;727.0
59;Teco;7;0;mao_frente;1.00;1650.0;874.0
59;Teco;7;1;voo_alto;1.00;1783.0;912.0
59;Teco;7;2;voo_alto;0.00;1706.4;727.0
60;Tico;7;0;mao_frente;1.00;270.0;874.0
60;Tico;7;1;mao_tras;1.00;137.0;912.0
60;Tico;7;2;voo_alto;0.00;200.9;725.1
60;Teco;7;0;mao_frente;1.00;1650.0;874.0
60;Teco;7;1;mao_tras;1.00;1783.0;912.0
60;Teco;7;2;voo_alto;0.00;1719.1;725.1
61;Tico;7;0;mao_frente;1.00;270.0;874.0
61;Tico;7;1;mao_tras;1.00;137.0;912.0
61;Tico;7;2;voo_alto;0.00;187.9;724.4
61;Teco;7;0;mao_frente;1.00;1650.0;874.0
61;Teco;7;1;mao_tras;1.00;1783.0;912.0
61;Teco;7;2;voo_alto;0.00;1732.1;724.4
62;Tico;7;0;mao_frente;1.00;270.0;874.0
62;Tico;7;1;mao_tras;1.00;137.0;912.0
62;Tico;7;2;voo_alto;0.00;174.7;724.9
62;Teco;7;0;mao_frente;1.00;1650.0;874.0
62;Teco;7;1;mao_tras;1.00;1783.0;912.0
62;Teco;7;2;voo_alto;0.00;1745.3;724.9
63;Tico;8;0;mao_frente;1.00;281.0;856.0
63;Tico;8;1;mao_tras;1.00;137.0;912.0
63;Tico;8;2;voo_alto;0.00;161.5;726.5
63;Teco;8;0;mao_frente;1.00;1639.0;856.0
63;Teco;8;1;mao_tras;1.00;1783.0;912.0
63;Teco;8;2;voo_alto;0.00;1758.5;726.5
64;Tico;8;0;mao_frente;1.00;281.0;856.0
64;Tico;8;1;voo_baixo;1.00;137.0;912.0
64;Tico;8;2;voo_alto;0.00;148.6;729.4
64;Teco;8;0;mao_frente;1.00;1639.0;856.0
64;Teco;8;1;voo_baixo;1.00;1783.0;912.0
64;Teco;8;2;voo_alto;0.00;1771.4;729.4
65;Tico;8;0;mao_frente;1.00;281.0;856.0
65;Tico;8;1;voo_baixo;1.00;151.9;903.5
65;Tico;8;2;voo_alto;0.00;136.2;733.4
65;Teco;8;0;mao_frente;1.00;1639.0;856.0
65;Teco;8;1;voo_baixo;1.00;1768.1;903.5
65;Teco;8;2;voo_alto;0.00;1783.8;733.4
66;Tico;9;0;mao_frente;1.00;278.0;836.0
66;Tico;9;1;voo_baixo;1.00;166.8;895.7
66;Tico;9;2;voo_alto;0.00;124.4;738.6
66;Teco;9;0;mao_frente;1.00;1642.0;836.0
66;Teco;9;1;voo_baixo;1.00;1753.2;895.7
66;Teco;9;2;voo_alto;0.00;1795.6;738.6
67;Tico;9;0;mao_frente;1.00;278.0;836.0
67;Tico;9;1;voo_baixo;1.00;181.7;888.5
67;Tico;9;2;voo_alto;0.00;113.4;745.0
67;Teco;9;0;mao_frente;1.00;1642.0;836.0
67;Teco;9;1;voo_baixo;1.00;1738.3;888.5
67;Teco;9;2;voo_alto;0.00;1806.6;745.0
68;Tico;9;0;mao_frente;1.00;278.0;836.0
68;Tico;9;1;voo_baixo;1.00;196.6;881.9
68;Tico;9;2;voo_alto;0.00;103.6;752.6
68;Teco;9;0;mao_frente;1.00;1642.0;836.0
68;Teco;9;1;voo_baixo;1.00;1723.4;881.9
68;Teco;9;2;voo_alto;0.00;1816.4;752.6
69;Tico;10;0;mao_frente;1.00;276.0;810.0
69;Tico;10;1;voo_baixo;1.00;211.5;876.0
69;Tico;10;2;voo_alto;0.00;95.1;761.4
69;Teco;10;0;mao_frente;1.00;1644.0;810.0
69;Teco;10;1;voo_baixo;1.00;1708.5;876.0
69;Teco;10;2;voo_alto;0.00;1824.9;761.4
70;Tico;10;0;voo_alto;0.89;278.7;796.7
70;Tico;10;1;voo_baixo;1.00;226.4;870.7
70;Tico;10;2;voo_alto;0.00;88.0;771.4
70;Teco;10;0;voo_alto;0.89;1641.3;796.7
70;Teco;10;1;voo_baixo;1.00;1693.6;870.7
70;Teco;10;2;voo_alto;0.00;1832.0;771.4
71;Tico;10;0;voo_alto;0.62;278.9;784.4
71;Tico;10;1;voo_baixo;1.00;241.3;866.1
71;Tico;10;2;voo_alto;0.00;82.7;782.6
71;Teco;10;0;voo_alto;0.62;1641.1;784.4
71;Teco;10;1;voo_baixo;1.00;1678.7;866.1
71;Teco;10;2;voo_alto;0.00;1837.3;782.6
72;Tico;10;0;voo_alto;0.32;276.8;773.4
72;Tico;10;1;voo_baixo;1.00;256.2;862.1
72;Tico;10;2;voo_alto;0.00;79.3;795.0
72;Teco;10;0;voo_alto;0.32;1643.2;773.4
72;Teco;10;1;voo_baixo;1.00;1663.8;862.1
72;Teco;10;2;voo_alto;0.00;1840.7;795.0
73;Tico;11;0;voo_alto;0.07;272.6;763.4
73;Tico;11;1;voo_baixo;1.00;271.1;858.7
73;Tico;11;2;voo_alto;0.00;78.1;808.6
73;Teco;11;0;voo_alto;0.07;1647.4;763.4
73;Teco;11;1;voo_baixo;1.00;1648.9;858.7
73;Teco;11;2;voo_alto;0.00;1841.9;808.6
74;Tico;11;0;voo_alto;0.00;266.6;754.6
74;Tico;11;1;voo_baixo;1.00;286.0;856.0
74;Tico;11;2;voo_alto;0.00;79.1;823.4
74;Teco;11;0;voo_alto;0.00;1653.4;754.6
74;Teco;11;1;voo_baixo;1.00;1634.0;856.0
74;Teco;11;2;voo_alto;0.00;1840.9;823.4
75;Tico;11;0;voo_alto;0.00;259.0;746.9
75;Tico;11;1;mao_frente;1.00;286.0;856.0
75;Tico;11;2;voo_alto;0.07;82.8;839.5
75;Teco;11;0;voo_alto;0.00;1661.0;746.9
75;Teco;11;1;mao_frente;1.00;1634.0;856.0
75;Teco;11;2;voo_alto;0.07;1837.2;839.5
76;Tico;12;0;voo_alto;0.00;249.9;740.3
76;Tico;12;1;mao_frente;1.00;270.0;884.0
76;Tico;12;2;voo_alto;0.32;89.2;856.8
76;Teco;12;0;voo_alto;0.00;1670.1;740.3
76;Teco;12;1;mao_frente;1.00;1650.0;884.0
76;Teco;12;2;voo_alto;0.32;1830.8;856.8
77;Tico;12;0;voo_alto;0.00;239.6;734.9
77;Tico;12;1;mao_frente;1.00;270.0;884.0
77;Tico;12;2;voo_alto;0.62;98.5;875.3
77;Teco;12;0;voo_alto;0.00;1680.4;734.9
77;Teco;12;1;mao_frente;1.00;1650.0;884.0
77;Teco;12;2;voo_alto;0.62;1821.5;875.3
78;Tico;12;0;voo_alto;0.00;228.3;730.7
78;Tico;12;1;mao_frente;1.00;270.0;884.0
78;Tico;12;2;voo_alto;0.89;111.1;895.0
78;Teco;12;0;voo_alto;0.00;1691.7;730.7
78;Teco;12;1;mao_frente;1.00;1650.0;884.0
78;Teco;12;2;voo_alto;0.89;1808.9;895.0
79;Tico;1;0;voo_alto;0.00;216.2;727.6
79;Tico;1;1;mao_frente;1.00;269.0;876.0
79;Tico;1;2;voo_alto;1.00;127.0;916.0
79;Teco;1;0;voo_alto;0.00;1703.8;727.6
79;Teco;1;1;mao_frente;1.00;1651.0;876.0
79;Teco;1;2;voo_alto;1.00;1793.0;916.0
80;Tico;1;0;voo_alto;0.00;203.5;725.6
80;Tico;1;1;mao_frente;1.00;269.0;876.0
80;Tico;1;2;mao_tras;1.00;127.0;916.0
80;Teco;1;0;voo_alto;0.00;1716.5;725.6
80;Teco;1;1;mao_frente;1.00;1651.0;876.0
80;Teco;1;2;mao_tras;1.00;1793.0;916.0
81;Tico;1;0;voo_alto;0.00;190.5;724.8
81;Tico;1;1;mao_frente;1.00;269.0;876.0
81;Tico;1;2;mao_tras;1.00;127.0;916.0
81;Teco;1;0;voo_alto;0.00;1729.5;724.8
81;Teco;1;1;mao_frente;1.00;1651.0;876.0
81;Teco;1;2;mao_tras;1.00;1793.0;916.0
82;Tico;1;0;voo_alto;0.00;177.3;725.2
82;Tico;1;1;mao_frente;1.00;269.0;876.0
82;Tico;1;2;mao_tras;1.00;127.0;916.0
82;Teco;1;0;voo_alto;0.00;1742.7;725.2
82;Teco;1;1;mao_frente;1.00;1651.0;876.0
82;Teco;1;2;mao_tras;1.00;1793.0;916.0
83;Tico;2;0;voo_alto;0.00;164.2;726.7
83;Tico;2;1;mao_frente;1.00;274.0;852.0
83;Tico;2;2;mao_tras;1.00;129.0;904.0
83;Teco;2;0;voo_alto;0.00;1755.8;726.7
83;Teco;2;1;mao_frente;1.00;1646.0;852.0
83;Teco;2;2;mao_tras;1.00;1791.0;904.0
84;Tico;2;0;voo_alto;0.00;151.4;729.4
84;Tico;2;1;mao_frente;1.00;274.0;852.0
84;Tico;2;2;voo_baixo;1.00;129.0;904.0
84;Teco;2;0;voo_alto;0.00;1768.6;729.4
84;Teco;2;1;mao_frente;1.00;1646.0;852.0
84;Teco;2;2;voo_baixo;1.00;1791.0;904.0
85;Tico;2;0;voo_alto;0.00;139.0;733.2
85;Tico;2;1;mao_frente;1.00;274.0;852.0
85;Tico;2;2;voo_baixo;1.00;144.4;896.3
85;Teco;2;0;voo_alto;0.00;1781.0;733.2
85;Teco;2;1;mao_frente;1.00;1646.0;852.0
85;Teco;2;2;voo_baixo;1.00;1775.6;896.3
86;Tico;3;0;voo_alto;0.00;127.4;738.3
86;Tico;3;1;mao_frente;1.00;272.0;837.0
86;Tico;3;2;voo_baixo;1.00;159.8;889.3
86;Teco;3;0;voo_alto;0.00;1792.6;738.3
86;Teco;3;1;mao_frente;1.00;1648.0;837.0
86;Teco;3;2;voo_baixo;1.00;1760.2;889.3
87;Tico;3;0;voo_alto;0.00;116.7;744.5
87;Tico;3;1;mao_frente;1.00;272.0;837.0
87;Tico;3;2;voo_baixo;1.00;175.2;882.9
87;Teco;3;0;voo_alto;0.00;1803.3;744.5
87;Teco;3;1;mao_frente;1.00;1648.0;837.0
87;Teco;3;2;voo_baixo;1.00;1744.8;882.9
88;Tico;3;0;voo_alto;0.00;107.1;751.9
88;Tico;3;1;mao_frente;1.00;272.0;837.0
88;Tico;3;2;voo_baixo;1.00;190.6;877.1
88;Teco;3;0;voo_alto;0.00;1812.9;751.9
88;Teco;3;1;mao_frente;1.00;1648.0;837.0
88;Teco;3;2;voo_baixo;1.00;1729.4;877.1
89;Tico;4;0;voo_alto;0.00;98.8;760.4
89;Tico;4;1;mao_frente;1.00;273.0;809.0
89;Tico;4;2;voo_baixo;1.00;206.0;872.0
89;Teco;4;0;voo_alto;0.00;1821.2;760.4
89;Teco;4;1;mao_frente;1.00;1647.0;809.0
89;Teco;4;2;voo_baixo;1.00;1714.0;872.0
90;Tico;4;0;voo_alto;0.00;92.1;770.2
90;Tico;4;1;voo_alto;0.89;275.7;795.7
90;Tico;4;2;voo_baixo;1.00;221.4;867.5
90;Teco;4;0;voo_alto;0.00;1827.9;770.2
90;Teco;4;1;voo_alto;0.89;1644.3;795.7
90;Teco;4;2;voo_baixo;1.00;1698.6;867.5
91;Tico;4;0;voo_alto;0.00;87.2;781.2
91;Tico;4;1;voo_alto;0.62;275.9;783.5
91;Tico;4;2;voo_baixo;1.00;236.8;863.7
91;Teco;4;0;voo_alto;0.00;1832.8;781.2
91;Teco;4;1;voo_alto;0.62;1644.1;783.5
91;Teco;4;2;voo_baixo;1.00;1683.2;863.7
92;Tico;4;0;voo_alto;0.00;84.2;793.3
92;Tico;4;1;voo_alto;0.32;273.9;772.4
92;Tico;4;2;voo_baixo;1.00;252.2;860.5
92;Teco;4;0;voo_alto;0.00;1835.8;793.3
92;Teco;4;1;voo_alto;0.32;1646.1;772.4
92;Teco;4;2;voo_baixo;1.00;1667.8;860.5
93;Tico;5;0;voo_alto;0.00;83.5;806.6
93;Tico;5;1;voo_alto;0.07;269.7;762.5
93;Tico;5;2;voo_baixo;1.00;267.6;857.9
93;Teco;5;0;voo_alto;0.00;1836.5;806.6
93;Teco;5;1;voo_alto;0.07;1650.3;762.5
93;Teco;5;2;voo_baixo;1.00;1652.4;857.9
94;Tico;5;0;voo_alto;0.00;85.1;821.2
94;Tico;5;1;voo_alto;0.00;263.8;753.7
94;Tico;5;2;voo_baixo;1.00;283.0;856.0
94;Teco;5;0;voo_alto;0.00;1834.9;821.2
94;Teco;5;1;voo_alto;0.00;1656.2;753.7
94;Teco;5;2;voo_baixo;1.00;1637.0;856.0
95;Tico;5;0;voo_alto;0.07;89.4;836.9
95;Tico;5;1;voo_alto;0.00;256.2;746.0
95;Tico;5;2;mao_frente;1.00;283.0;856.0
95;Teco;5;0;voo_alto;0.07;1830.6;836.9
95;Teco;5;1;voo_alto;0.00;1663.8;746.0
95;Teco;5;2;mao_frente;1.00;1637.0;856.0
96;Tico;6;0;voo_alto;0.32;96.5;853.9
96;Tico;6;1;voo_alto;0.00;247.2;739.5
96;Tico;6;2;mao_frente;1.00;268.0;886.0
96;Teco;6;0;voo_alto;0.32;1823.5;853.9
96;Teco;6;1;voo_alto;0.00;1672.8;739.5
96;Teco;6;2;mao_frente;1.00;1652.0;886.0
97;Tico;6;0;voo_alto;0.62;106.7;872.0
97;Tico;6;1;voo_alto;0.00;236.9;734.2
97;Tico;6;2;mao_frente;1.00;268.0;886.0
97;Teco;6;0;voo_alto;0.62;1813.3;872.0
97;Teco;6;1;voo_alto;0.00;1683.1;734.2
97;Teco;6;2;mao_frente;1.00;1652.0;886.0
98;Tico;6;0;voo_alto;0.89;120.1;891.4
98;Tico;6;1;voo_alto;0.00;225.7;730.0
98;Tico;6;2;mao_frente;1.00;268.0;886.0
98;Teco;6;0;voo_alto;0.89;1799.9;891.4
98;Teco;6;1;voo_alto;0.00;1694.3;730.0
98;Teco;6;2;mao_frente;1.00;1652.0;886.0
99;Tico;7;0;voo_alto;1.00;137.0;912.0
99;Tico;7;1;voo_alto;0.00;213.6;727.0
99;Tico;7;2;mao_frente;1.00;270.0;874.0
99;Teco;7;0;voo_alto;1.00;1783.0;912.0
99;Teco;7;1;voo_alto;0.00;1706.4;727.0
99;Teco;7;2;mao_frente;1.00;1650.0;874.0
100;Tico;7;0;mao_tras;1.00;137.0;912.0
100;Tico;7;1;voo_alto;0.00;200.9;725.1
100;Tico;7;2;mao_frente;1.00;270.0;874.0
100;Teco;7;0;mao_tras;1.00;1783.0;912.0
100;Teco;7;1;voo_alto;0.00;1719.1;725.1
100;Teco;7;2;mao_frente;1.00;1650.0;874.0
101;Tico;7;0;mao_tras;1.00;137.0;912.0
101;Tico;7;1;voo_alto;0.00;187.9;724.4
101;Tico;7;2;mao_frente;1.00;270.0;874.0
101;Teco;7;0;mao_tras;1.00;1783.0;912.0
101;Teco;7;1;voo_alto;0.00;1732.1;724.4
101;Teco;7;2;mao_frente;1.00;1650.0;874.0
102;Tico;7;0;mao_tras;1.00;137.0;912.0
102;Tico;7;1;voo_alto;0.00;174.7;724.9
102;Tico;7;2;mao_frente;1.00;270.0;874.0
102;Teco;7;0;mao_tras;1.00;1783.0;912.0
102;Teco;7;1;voo_alto;0.00;1745.3;724.9
102;Teco;7;2;mao_frente;1.00;1650.0;874.0
103;Tico;8;0;mao_tras;1.00;137.0;912.0
103;Tico;8;1;voo_alto;0.00;161.5;726.5
103;Tico;8;2;mao_frente;1.00;281.0;856.0
103;Teco;8;0;mao_tras;1.00;1783.0;912.0
103;Teco;8;1;voo_alto;0.00;1758.5;726.5
103;Teco;8;2;mao_frente;1.00;1639.0;856.0
104;Tico;8;0;voo_baixo;1.00;137.0;912.0
104;Tico;8;1;voo_alto;0.00;148.6;729.4
104;Tico;8;2;mao_frente;1.00;281.0;856.0
104;Teco;8;0;voo_baixo;1.00;1783.0;912.0
104;Teco;8;1;voo_alto;0.00;1771.4;729.4
104;Teco;8;2;mao_frente;1.00;1639.0;856.0
105;Tico;8;0;voo_baixo;1.00;151.9;903.5
105;Tico;8;1;voo_alto;0.00;136.2;733.4
105;Tico;8;2;mao_frente;1.00;281.0;856.0
105;Teco;8;0;voo_baixo;1.00;1768.1;903.5
105;Teco;8;1;voo_alto;0.00;1783.8;733.4
105;Teco;8;2;mao_frente;1.00;1639.0;856.0
106;Tico;9;0;voo_baixo;1.00;166.8;895.7
106;Tico;9;1;voo_alto;0.00;124.4;738.6
106;Tico;9;2;mao_frente;1.00;278.0;836.0
106;Teco;9;0;voo_baixo;1.00;1753.2;895.7
106;Teco;9;1;voo_alto;0.00;1795.6;738.6
106;Teco;9;2;mao_frente;1.00;1642.0;836.0
107;Tico;9;0;voo_baixo;1.00;181.7;888.5
107;Tico;9;1;voo_alto;0.00;113.4;745.0
107;Tico;9;2;mao_frente;1.00;278.0;836.0
107;Teco;9;0;voo_baixo;1.00;1738.3;888.5
107;Teco;9;1;voo_alto;0.00;1806.6;745.0
107;Teco;9;2;mao_frente;1.00;1642.0;836.0
108;Tico;9;0;voo_baixo;1.00;196.6;881.9
108;Tico;9;1;voo_alto;0.00;103.6;752.6
108;Tico;9;2;mao_frente;1.00;278.0;836.0
108;Teco;9;0;voo_baixo;1.00;1723.4;881.9
108;Teco;9;1;voo_alto;0.00;1816.4;752.6
108;Teco;9;2;mao_frente;1.00;1642.0;836.0
109;Tico;10;0;voo_baixo;1.00;211.5;876.0
109;Tico;10;1;voo_alto;0.00;95.1;761.4
109;Tico;10;2;mao_frente;1.00;276.0;810.0
109;Teco;10;0;voo_baixo;1.00;1708.5;876.0
109;Teco;10;1;voo_alto;0.00;1824.9;761.4
109;Teco;10;2;mao_frente;1.00;1644.0;810.0
110;Tico;10;0;voo_baixo;1.00;226.4;870.7
110;Tico;10;1;voo_alto;0.00;88.0;771.4
110;Tico;10;2;voo_alto;0.89;278.7;796.7
110;Teco;10;0;voo_baixo;1.00;1693.6;870.7
110;Teco;10;1;voo_alto;0.00;1832.0;771.4
110;Teco;10;2;voo_alto;0.89;1641.3;796.7
111;Tico;10;0;voo_baixo;1.00;241.3;866.1
111;Tico;10;1;voo_alto;0.00;82.7;782.6
111;Tico;10;2;voo_alto;0.62;278.9;784.4
111;Teco;10;0;voo_baixo;1.00;1678.7;866.1
111;Teco;10;1;voo_alto;0.00;1837.3;782.6
111;Teco;10;2;voo_alto;0.62;1641.1;784.4
112;Tico;10;0;voo_baixo;1.00;256.2;862.1
112;Tico;10;1;voo_alto;0.00;79.3;795.0
112;Tico;10;2;voo_alto;0.32;276.8;773.4
112;Teco;10;0;voo_baixo;1.00;1663.8;862.1
112;Teco;10;1;voo_alto;0.00;1840.7;795.0
112;Teco;10;2;voo_alto;0.32;1643.2;773.4
113;Tico;11;0;voo_baixo;1.00;271.1;858.7
113;Tico;11;1;voo_alto;0.00;78.1;808.6
113;Tico;11;2;voo_alto;0.07;272.6;763.4
113;Teco;11;0;voo_baixo;1.00;1648.9;858.7
113;Teco;11;1;voo_alto;0.00;1841.9;808.6
113;Teco;11;2;voo_alto;0.07;1647.4;763.4
114;Tico;11;0;voo_baixo;1.00;286.0;856.0
114;Tico;11;1;voo_alto;0.00;79.1;823.4
114;Tico;11;2;voo_alto;0.00;266.6;754.6
114;Teco;11;0;voo_baixo;1.00;1634.0;856.0
114;Teco;11;1;voo_alto;0.00;1840.9;823.4
114;Teco;11;2;voo_alto;0.00;1653.4;754.6
115;Tico;11;0;mao_frente;1.00;286.0;856.0
115;Tico;11;1;voo_alto;0.07;82.8;839.5
115;Tico;11;2;voo_alto;0.00;259.0;746.9
115;Teco;11;0;mao_frente;1.00;1634.0;856.0
115;Teco;11;1;voo_alto;0.07;1837.2;839.5
115;Teco;11;2;voo_alto;0.00;1661.0;746.9
116;Tico;12;0;mao_frente;1.00;270.0;884.0
116;Tico;12;1;voo_alto;0.32;89.2;856.8
116;Tico;12;2;voo_alto;0.00;249.9;740.3
116;Teco;12;0;mao_frente;1.00;1650.0;884.0
116;Teco;12;1;voo_alto;0.32;1830.8;856.8
116;Teco;12;2;voo_alto;0.00;1670.1;740.3
117;Tico;12;0;mao_frente;1.00;270.0;884.0
117;Tico;12;1;voo_alto;0.62;98.5;875.3
117;Tico;12;2;voo_alto;0.00;239.6;734.9
117;Teco;12;0;mao_frente;1.00;1650.0;884.0
117;Teco;12;1;voo_alto;0.62;1821.5;875.3
117;Teco;12;2;voo_alto;0.00;1680.4;734.9
118;Tico;12;0;mao_frente;1.00;270.0;884.0
118;Tico;12;1;voo_alto;0.89;111.1;895.0
118;Tico;12;2;voo_alto;0.00;228.3;730.7
118;Teco;12;0;mao_frente;1.00;1650.0;884.0
118;Teco;12;1;voo_alto;0.89;1808.9;895.0
118;Teco;12;2;voo_alto;0.00;1691.7;730.7
119;Tico;1;0;mao_frente;1.00;269.0;876.0
119;Tico;1;1;voo_alto;1.00;127.0;916.0
119;Tico;1;2;voo_alto;0.00;216.2;727.6
119;Teco;1;0;mao_frente;1.00;1651.0;876.0
119;Teco;1;1;voo_alto;1.00;1793.0;916.0
119;Teco;1;2;voo_alto;0.00;1703.8;727.6
120;Tico;1;0;mao_frente;1.00;269.0;876.0
120;Tico;1;1;mao_tras;1.00;127.0;916.0
120;Tico;1;2;voo_alto;0.00;203.5;725.6
120;Teco;1;0;mao_frente;1.00;1651.0;876.0
120;Teco;1;1;mao_tras;1.00;1793.0;916.0
120;Teco;1;2;voo_alto;0.00;1716.5;725.6
121;Tico;1;0;mao_frente;1.00;269.0;876.0
121;Tico;1;1;mao_tras;1.00;127.0;916.0
121;Tico;1;2;voo_alto;0.00;190.5;724.8
121;Teco;1;0;mao_frente;1.00;1651.0;876.0
121;Teco;1;1;mao_tras;1.00;1793.0;916.0
121;Teco;1;2;voo_alto;0.00;1729.5;724.8
122;Tico;1;0;mao_frente;1.00;269.0;876.0
122;Tico;1;1;mao_tras;1.00;127.0;916.0
122;Tico;1;2;voo_alto;0.00;177.3;725.2
122;Teco;1;0;mao_frente;1.00;1651.0;876.0
122;Teco;1;1;mao_tras;1.00;1793.0;916.0
122;Teco;1;2;voo_alto;0.00;1742.7;725.2
123;Tico;2;0;mao_frente;1.00;274.0;852.0
123;Tico;2;1;mao_tras;1.00;129.0;904.0
123;Tico;2;2;voo_alto;0.00;164.2;726.7
123;Teco;2;0;mao_frente;1.00;1646.0;852.0
123;Teco;2;1;mao_tras;1.00;1791.0;904.0
123;Teco;2;2;voo_alto;0.00;1755.8;726.7
124;Tico;2;0;mao_frente;1.00;274.0;852.0
124;Tico;2;1;voo_baixo;1.00;129.0;904.0
124;Tico;2;2;voo_alto;0.00;151.4;729.4
124;Teco;2;0;mao_frente;1.00;1646.0;852.0
124;Teco;2;1;voo_baixo;1.00;1791.0;904.0
124;Teco;2;2;voo_alto;0.00;1768.6;729.4
125;Tico;2;0;mao_frente;1.00;274.0;852.0
125;Tico;2;1;voo_baixo;1.00;144.4;896.3
125;Tico;2;2;voo_alto;0.00;139.0;733.2
125;Teco;2;0;mao_frente;1.00;1646.0;852.0
125;Teco;2;1;voo_baixo;1.00;1775.6;896.3
125;Teco;2;2;voo_alto;0.00;1781.0;733.2
126;Tico;3;0;mao_frente;1.00;272.0;837.0
126;Tico;3;1;voo_baixo;1.00;159.8;889.3
126;Tico;3;2;voo_alto;0.00;127.4;738.3
126;Teco;3;0;mao_frente;1.00;1648.0;837.0
126;Teco;3;1;voo_baixo;1.00;1760.2;889.3
126;Teco;3;2;voo_alto;0.00;1792.6;738.3
127;Tico;3;0;mao_frente;1.00;272.0;837.0
127;Tico;3;1;voo_baixo;1.00;175.2;882.9
127;Tico;3;2;voo_alto;0.00;116.7;744.5
127;Teco;3;0;mao_frente;1.00;1648.0;837.0
127;Teco;3;1;voo_baixo;1.00;1744.8;882.9
127;Teco;3;2;voo_alto;0.00;1803.3;744.5
128;Tico;3;0;mao_frente;1.00;272.0;837.0
128;Tico;3;1;voo_baixo;1.00;190.6;877.1
128;Tico;3;2;voo_alto;0.00;107.1;751.9
128;Teco;3;0;mao_frente;1.00;1648.0;837.0
128;Teco;3;1;voo_baixo;1.00;1729.4;877.1
128;Teco;3;2;voo_alto;0.00;1812.9;751.9
129;Tico;4;0;mao_frente;1.00;273.0;809.0
129;Tico;4;1;voo_baixo;1.00;206.0;872.0
129;Tico;4;2;voo_alto;0.00;98.8;760.4
129;Teco;4;0;mao_frente;1.00;1647.0;809.0
129;Teco;4;1;voo_baixo;1.00;1714.0;872.0
129;Teco;4;2;voo_alto;0.00;1821.2;760.4
130;Tico;4;0;voo_alto;0.89;275.7;795.7
130;Tico;4;1;voo_baixo;1.00;221.4;867.5
130;Tico;4;2;voo_alto;0.00;92.1;770.2
130;Teco;4;0;voo_alto;0.89;1644.3;795.7
130;Teco;4;1;voo_baixo;1.00;1698.6;867.5
130;Teco;4;2;voo_alto;0.00;1827.9;770.2
131;Tico;4;0;voo_alto;0.62;275.9;783.5
131;Tico;4;1;voo_baixo;1.00;236.8;863.7
131;Tico;4;2;voo_alto;0.00;87.2;781.2
131;Teco;4;0;voo_alto;0.62;1644.1;783.5
131;Teco;4;1;voo_baixo;1.00;1683.2;863.7
131;Teco;4;2;voo_alto;0.00;1832.8;781.2
132;Tico;4;0;voo_alto;0.32;273.9;772.4
132;Tico;4;1;voo_baixo;1.00;252.2;860.5
132;Tico;4;2;voo_alto;0.00;84.2;793.3
132;Teco;4;0;voo_alto;0.32;1646.1;772.4
132;Teco;4;1;voo_baixo;1.00;1667.8;860.5
132;Teco;4;2;voo_alto;0.00;1835.8;793.3
133;Tico;5;0;voo_alto;0.07;269.7;762.5
133;Tico;5;1;voo_baixo;1.00;267.6;857.9
133;Tico;5;2;voo_alto;0.00;83.5;806.6
133;Teco;5;0;voo_alto;0.07;1650.3;762.5
133;Teco;5;1;voo_baixo;1.00;1652.4;857.9
133;Teco;5;2;voo_alto;0.00;1836.5;806.6
134;Tico;5;0;voo_alto;0.00;263.8;753.7
134;Tico;5;1;voo_baixo;1.00;283.0;856.0
134;Tico;5;2;voo_alto;0.00;85.1;821.2
134;Teco;5;0;voo_alto;0.00;1656.2;753.7
134;Teco;5;1;voo_baixo;1.00;1637.0;856.0
134;Teco;5;2;voo_alto;0.00;1834.9;821.2
135;Tico;5;0;voo_alto;0.00;256.2;746.0
135;Tico;5;1;mao_frente;1.00;283.0;856.0
135;Tico;5;2;voo_alto;0.07;89.4;836.9
135;Teco;5;0;voo_alto;0.00;1663.8;746.0
135;Teco;5;1;mao_frente;1.00;1637.0;856.0
135;Teco;5;2;voo_alto;0.07;1830.6;836.9
136;Tico;6;0;voo_alto;0.00;247.2;739.5
136;Tico;6;1;mao_frente;1.00;268.0;886.0
136;Tico;6;2;voo_alto;0.32;96.5;853.9
136;Teco;6;0;voo_alto;0.00;1672.8;739.5
136;Teco;6;1;mao_frente;1.00;1652.0;886.0
136;Teco;6;2;voo_alto;0.32;1823.5;853.9
137;Tico;6;0;voo_alto;0.00;236.9;734.2
137;Tico;6;1;mao_frente;1.00;268.0;886.0
137;Tico;6;2;voo_alto;0.62;106.7;872.0
137;Teco;6;0;voo_alto;0.00;1683.1;734.2
137;Teco;6;1;mao_frente;1.00;1652.0;886.0
137;Teco;6;2;voo_alto;0.62;1813.3;872.0
138;Tico;6;0;voo_alto;0.00;225.7;730.0
138;Tico;6;1;mao_frente;1.00;268.0;886.0
138;Tico;6;2;voo_alto;0.89;120.1;891.4
138;Teco;6;0;voo_alto;0.00;1694.3;730.0
138;Teco;6;1;mao_frente;1.00;1652.0;886.0
138;Teco;6;2;voo_alto;0.89;1799.9;891.4
139;Tico;7;0;voo_alto;0.00;213.6;727.0
139;Tico;7;1;mao_frente;1.00;270.0;874.0
139;Tico;7;2;voo_alto;1.00;137.0;912.0
139;Teco;7;0;voo_alto;0.00;1706.4;727.0
139;Teco;7;1;mao_frente;1.00;1650.0;874.0
139;Teco;7;2;voo_alto;1.00;1783.0;912.0
140;Tico;7;0;voo_alto;0.00;200.9;725.1
140;Tico;7;1;mao_frente;1.00;270.0;874.0
140;Tico;7;2;mao_tras;1.00;137.0;912.0
140;Teco;7;0;voo_alto;0.00;1719.1;725.1
140;Teco;7;1;mao_frente;1.00;1650.0;874.0
140;Teco;7;2;mao_tras;1.00;1783.0;912.0
141;Tico;7;0;voo_alto;0.00;187.9;724.4
141;Tico;7;1;mao_frente;1.00;270.0;874.0
141;Tico;7;2;mao_tras;1.00;137.0;912.0
141;Teco;7;0;voo_alto;0.00;1732.1;724.4
141;Teco;7;1;mao_frente;1.00;1650.0;874.0
141;Teco;7;2;mao_tras;1.00;1783.0;912.0
142;Tico;7;0;voo_alto;0.00;174.7;724.9
142;Tico;7;1;mao_frente;1.00;270.0;874.0
142;Tico;7;2;mao_tras;1.00;137.0;912.0
142;Teco;7;0;voo_alto;0.00;1745.3;724.9
142;Teco;7;1;mao_frente;1.00;1650.0;874.0
142;Teco;7;2;mao_tras;1.00;1783.0;912.0
143;Tico;8;0;voo_alto;0.00;161.5;726.5
143;Tico;8;1;mao_frente;1.00;281.0;856.0
143;Tico;8;2;mao_tras;1.00;137.0;912.0
143;Teco;8;0;voo_alto;0.00;1758.5;726.5
143;Teco;8;1;mao_frente;1.00;1639.0;856.0
143;Teco;8;2;mao_tras;1.00;1783.0;912.0
144;Tico;8;0;voo_alto;0.00;148.6;729.4
144;Tico;8;1;mao_frente;1.00;281.0;856.0
144;Tico;8;2;voo_baixo;1.00;137.0;912.0
144;Teco;8;0;voo_alto;0.00;1771.4;729.4
144;Teco;8;1;mao_frente;1.00;1639.0;856.0
144;Teco;8;2;voo_baixo;1.00;1783.0;912.0
145;Tico;8;0;voo_alto;0.00;136.2;733.4
145;Tico;8;1;mao_frente;1.00;281.0;856.0
145;Tico;8;2;voo_baixo;1.00;151.9;903.5
145;Teco;8;0;voo_alto;0.00;1783.8;733.4
145;Teco;8;1;mao_frente;1.00;1639.0;856.0
145;Teco;8;2;voo_baixo;1.00;1768.1;903.5
146;Tico;9;0;voo_alto;0.00;124.4;738.6
146;Tico;9;1;mao_frente;1.00;278.0;836.0
146;Tico;9;2;voo_baixo;1.00;166.8;895.7
146;Teco;9;0;voo_alto;0.00;1795.6;738.6
146;Teco;9;1;mao_frente;1.00;1642.0;836.0
146;Teco;9;2;voo_baixo;1.00;1753.2;895.7
147;Tico;9;0;voo_alto;0.00;113.4;745.0
147;Tico;9;1;mao_frente;1.00;278.0;836.0
147;Tico;9;2;voo_baixo;1.00;181.7;888.5
147;Teco;9;0;voo_alto;0.00;1806.6;745.0
147;Teco;9;1;mao_frente;1.00;1642.0;836.0
147;Teco;9;2;voo_baixo;1.00;1738.3;888.5
148;Tico;9;0;voo_alto;0.00;103.6;752.6
148;Tico;9;1;mao_frente;1.00;278.0;836.0
148;Tico;9;2;voo_baixo;1.00;196.6;881.9
148;Teco;9;0;voo_alto;0.00;1816.4;752.6
148;Teco;9;1;mao_frente;1.00;1642.0;836.0
148;Teco;9;2;voo_baixo;1.00;1723.4;881.9
149;Tico;10;0;voo_alto;0.00;95.1;761.4
149;Tico;10;1;mao_frente;1.00;276.0;810.0
149;Tico;10;2;voo_baixo;1.00;211.5;876.0
149;Teco;10;0;voo_alto;0.00;1824.9;761.4
149;Teco;10;1;mao_frente;1.00;1644.0;810.0
149;Teco;10;2;voo_baixo;1.00;1708.5;876.0
150;Tico;10;0;voo_alto;0.00;88.0;771.4
150;Tico;10;1;voo_alto;0.89;278.7;796.7
150;Tico;10;2;voo_baixo;1.00;226.4;870.7
150;Teco;10;0;voo_alto;0.00;1832.0;771.4
150;Teco;10;1;voo_alto;0.89;1641.3;796.7
150;Teco;10;2;voo_baixo;1.00;1693.6;870.7
151;Tico;10;0;voo_alto;0.00;82.7;782.6
151;Tico;10;1;voo_alto;0.62;278.9;784.4
151;Tico;10;2;voo_baixo;1.00;241.3;866.1
151;Teco;10;0;voo_alto;0.00;1837.3;782.6
151;Teco;10;1;voo_alto;0.62;1641.1;784.4
151;Teco;10;2;voo_baixo;1.00;1678.7;866.1
152;Tico;10;0;voo_alto;0.00;79.3;795.0
152;Tico;10;1;voo_alto;0.32;276.8;773.4
152;Tico;10;2;voo_baixo;1.00;256.2;862.1
152;Teco;10;0;voo_alto;0.00;1840.7;795.0
152;Teco;10;1;voo_alto;0.32;1643.2;773.4
152;Teco;10;2;voo_baixo;1.00;1663.8;862.1
153;Tico;11;0;voo_alto;0.00;78.1;808.6
153;Tico;11;1;voo_alto;0.07;272.6;763.4
153;Tico;11;2;voo_baixo;1.00;271.1;858.7
153;Teco;11;0;voo_alto;0.00;1841.9;808.6
153;Teco;11;1;voo_alto;0.07;1647.4;763.4
153;Teco;11;2;voo_baixo;1.00;1648.9;858.7
154;Tico;11;0;voo_alto;0.00;79.1;823.4
154;Tico;11;1;voo_alto;0.00;266.6;754.6
154;Tico;11;2;voo_baixo;1.00;286.0;856.0
154;Teco;11;0;voo_alto;0.00;1840.9;823.4
154;Teco;11;1;voo_alto;0.00;1653.4;754.6
154;Teco;11;2;voo_baixo;1.00;1634.0;856.0
155;Tico;11;0;voo_alto;0.07;82.8;839.5
155;Tico;11;1;voo_alto;0.00;259.0;746.9
155;Tico;11;2;mao_frente;1.00;286.0;856.0
155;Teco;11;0;voo_alto;0.07;1837.2;839.5
155;Teco;11;1;voo_alto;0.00;1661.0;746.9
155;Teco;11;2;mao_frente;1.00;1634.0;856.0
156;Tico;12;0;voo_alto;0.32;89.2;856.8
156;Tico;12;1;voo_alto;0.00;249.9;740.3
156;Tico;12;2;mao_frente;1.00;270.0;884.0
156;Teco;12;0;voo_alto;0.32;1830.8;856.8
156;Teco;12;1;voo_alto;0.00;1670.1;740.3
156;Teco;12;2;mao_frente;1.00;1650.0;884.0
157;Tico;12;0;voo_alto;0.62;98.5;875.3
157;Tico;12;1;voo_alto;0.00;239.6;734.9
157;Tico;12;2;mao_frente;1.00;270.0;884.0
157;Teco;12;0;voo_alto;0.62;1821.5;875.3
157;Teco;12;1;voo_alto;0.00;1680.4;734.9
157;Teco;12;2;mao_frente;1.00;1650.0;884.0
158;Tico;12;0;voo_alto;0.89;111.1;895.0
158;Tico;12;1;voo_alto;0.00;228.3;730.7
158;Tico;12;2;mao_frente;1.00;270.0;884.0
158;Teco;12;0;voo_alto;0.89;1808.9;895.0
158;Teco;12;1;voo_alto;0.00;1691.7;730.7
158;Teco;12;2;mao_frente;1.00;1650.0;884.0
159;Tico;1;0;voo_alto;1.00;127.0;916.0
159;Tico;1;1;voo_alto;0.00;216.2;727.6
159;Tico;1;2;mao_frente;1.00;269.0;876.0
159;Teco;1;0;voo_alto;1.00;1793.0;916.0
159;Teco;1;1;voo_alto;0.00;1703.8;727.6
159;Teco;1;2;mao_frente;1.00;1651.0;876.0
160;Tico;1;0;mao_tras;1.00;127.0;916.0
160;Tico;1;1;voo_alto;0.00;203.5;725.6
160;Tico;1;2;mao_frente;1.00;269.0;876.0
160;Teco;1;0;mao_tras;1.00;1793.0;916.0
160;Teco;1;1;voo_alto;0.00;1716.5;725.6
160;Teco;1;2;mao_frente;1.00;1651.0;876.0
161;Tico;1;0;mao_tras;1.00;127.0;916.0
161;Tico;1;1;voo_alto;0.00;190.5;724.8
161;Tico;1;2;mao_frente;1.00;269.0;876.0
161;Teco;1;0;mao_tras;1.00;1793.0;916.0
161;Teco;1;1;voo_alto;0.00;1729.5;724.8
161;Teco;1;2;mao_frente;1.00;1651.0;876.0
162;Tico;1;0;mao_tras;1.00;127.0;916.0
162;Tico;1;1;voo_alto;0.00;177.3;725.2
162;Tico;1;2;mao_frente;1.00;269.0;876.0
162;Teco;1;0;mao_tras;1.00;1793.0;916.0
162;Teco;1;1;voo_alto;0.00;1742.7;725.2
162;Teco;1;2;mao_frente;1.00;1651.0;876.0
163;Tico;2;0;mao_tras;1.00;129.0;904.0
163;Tico;2;1;voo_alto;0.00;164.2;726.7
163;Tico;2;2;mao_frente;1.00;274.0;852.0
163;Teco;2;0;mao_tras;1.00;1791.0;904.0
163;Teco;2;1;voo_alto;0.00;1755.8;726.7
163;Teco;2;2;mao_frente;1.00;1646.0;852.0
164;Tico;2;0;voo_baixo;1.00;129.0;904.0
164;Tico;2;1;voo_alto;0.00;151.4;729.4
164;Tico;2;2;mao_frente;1.00;274.0;852.0
164;Teco;2;0;voo_baixo;1.00;1791.0;904.0
164;Teco;2;1;voo_alto;0.00;1768.6;729.4
164;Teco;2;2;mao_frente;1.00;1646.0;852.0
165;Tico;2;0;voo_baixo;1.00;144.4;896.3
165;Tico;2;1;voo_alto;0.00;139.0;733.2
165;Tico;2;2;mao_frente;1.00;274.0;852.0
165;Teco;2;0;voo_baixo;1.00;1775.6;896.3
165;Teco;2;1;voo_alto;0.00;1781.0;733.2
165;Teco;2;2;mao_frente;1.00;1646.0;852.0
166;Tico;3;0;voo_baixo;1.00;159.8;889.3
166;Tico;3;1;voo_alto;0.00;127.4;738.3
166;Tico;3;2;mao_frente;1.00;272.0;837.0
166;Teco;3;0;voo_baixo;1.00;1760.2;889.3
166;Teco;3;1;voo_alto;0.00;1792.6;738.3
166;Teco;3;2;mao_frente;1.00;1648.0;837.0
167;Tico;3;0;voo_baixo;1.00;175.2;882.9
167;Tico;3;1;voo_alto;0.00;116.7;744.5
167;Tico;3;2;mao_frente;1.00;272.0;837.0
167;Teco;3;0;voo_baixo;1.00;1744.8;882.9
167;Teco;3;1;voo_alto;0.00;1803.3;744.5
167;Teco;3;2;mao_frente;1.00;1648.0;837.0
168;Tico;3;0;voo_baixo;1.00;190.6;877.1
168;Tico;3;1;voo_alto;0.00;107.1;751.9
168;Tico;3;2;mao_frente;1.00;272.0;837.0
168;Teco;3;0;voo_baixo;1.00;1729.4;877.1
168;Teco;3;1;voo_alto;0.00;1812.9;751.9
168;Teco;3;2;mao_frente;1.00;1648.0;837.0
169;Tico;4;0;voo_baixo;1.00;206.0;872.0
169;Tico;4;1;voo_alto;0.00;98.8;760.4
169;Tico;4;2;mao_frente;1.00;273.0;809.0
169;Teco;4;0;voo_baixo;1.00;1714.0;872.0
169;Teco;4;1;voo_alto;0.00;1821.2;760.4
169;Teco;4;2;mao_frente;1.00;1647.0;809.0
170;Tico;4;0;voo_baixo;1.00;221.4;867.5
170;Tico;4;1;voo_alto;0.00;92.1;770.2
170;Tico;4;2;voo_alto;0.89;275.7;795.7
170;Teco;4;0;voo_baixo;1.00;1698.6;867.5
170;Teco;4;1;voo_alto;0.00;1827.9;770.2
170;Teco;4;2;voo_alto;0.89;1644.3;795.7
171;Tico;4;0;voo_baixo;1.00;236.8;863.7
171;Tico;4;1;voo_alto;0.00;87.2;781.2
171;Tico;4;2;voo_alto;0.62;275.9;783.5
171;Teco;4;0;voo_baixo;1.00;1683.2;863.7
171;Teco;4;1;voo_alto;0.00;1832.8;781.2
171;Teco;4;2;voo_alto;0.62;1644.1;783.5
172;Tico;4;0;voo_baixo;1.00;252.2;860.5
172;Tico;4;1;voo_alto;0.00;84.2;793.3
172;Tico;4;2;voo_alto;0.32;273.9;772.4
172;Teco;4;0;voo_baixo;1.00;1667.8;860.5
172;Teco;4;1;voo_alto;0.00;1835.8;793.3
172;Teco;4;2;voo_alto;0.32;1646.1;772.4
173;Tico;5;0;voo_baixo;1.00;267.6;857.9
173;Tico;5;1;voo_alto;0.00;83.5;806.6
173;Tico;5;2;voo_alto;0.07;269.7;762.5
173;Teco;5;0;voo_baixo;1.00;1652.4;857.9
173;Teco;5;1;voo_alto;0.00;1836.5;806.6
173;Teco;5;2;voo_alto;0.07;1650.3;762.5
174;Tico;5;0;voo_baixo;1.00;283.0;856.0
174;Tico;5;1;voo_alto;0.00;85.1;821.2
174;Tico;5;2;voo_alto;0.00;263.8;753.7
174;Teco;5;0;voo_baixo;1.00;1637.0;856.0
174;Teco;5;1;voo_alto;0.00;1834.9;821.2
174;Teco;5;2;voo_alto;0.00;1656.2;753.7
175;Tico;5;0;mao_frente;1.00;283.0;856.0
175;Tico;5;1;voo_alto;0.07;89.4;836.9
175;Tico;5;2;voo_alto;0.00;256.2;746.0
175;Teco;5;0;mao_frente;1.00;1637.0;856.0
175;Teco;5;1;voo_alto;0.07;1830.6;836.9
175;Teco;5;2;voo_alto;0.00;1663.8;746.0
176;Tico;6;0;mao_frente;1.00;268.0;886.0
176;Tico;6;1;voo_alto;0.32;96.5;853.9
176;Tico;6;2;voo_alto;0.00;247.2;739.5
176;Teco;6;0;mao_frente;1.00;1652.0;886.0
176;Teco;6;1;voo_alto;0.32;1823.5;853.9
176;Teco;6;2;voo_alto;0.00;1672.8;739.5
177;Tico;6;0;mao_frente;1.00;268.0;886.0
177;Tico;6;1;voo_alto;0.62;106.7;872.0
177;Tico;6;2;voo_alto;0.00;236.9;734.2
177;Teco;6;0;mao_frente;1.00;1652.0;886.0
177;Teco;6;1;voo_alto;0.62;1813.3;872.0
177;Teco;6;2;voo_alto;0.00;1683.1;734.2
178;Tico;6;0;mao_frente;1.00;268.0;886.0
178;Tico;6;1;voo_alto;0.89;120.1;891.4
178;Tico;6;2;voo_alto;0.00;225.7;730.0
178;Teco;6;0;mao_frente;1.00;1652.0;886.0
178;Teco;6;1;voo_alto;0.89;1799.9;891.4
178;Teco;6;2;voo_alto;0.00;1694.3;730.0
179;Tico;7;0;mao_frente;1.00;270.0;874.0
179;Tico;7;1;voo_alto;1.00;137.0;912.0
179;Tico;7;2;voo_alto;0.00;213.6;727.0
179;Teco;7;0;mao_frente;1.00;1650.0;874.0
179;Teco;7;1;voo_alto;1.00;1783.0;912.0
179;Teco;7;2;voo_alto;0.00;1706.4;727.0
