ataque;quadro;irmao;pose;arte;desenho;pes_x;pes_y;nariz_x;nariz_y
JugglePass;1;Tico;idle;true;4;190.0;1000.0;206.0;850.5
JugglePass;1;Teco;idle;true;4;1730.0;1000.0;1714.0;850.5
JugglePass;2;Tico;idle;true;4;190.0;1000.0;206.0;850.5
JugglePass;2;Teco;idle;true;4;1730.0;1000.0;1714.0;850.5
JugglePass;3;Tico;idle;true;5;190.0;1000.0;217.0;841.0
JugglePass;3;Teco;idle;true;5;1730.0;1000.0;1703.0;841.0
JugglePass;4;Tico;idle;true;5;190.0;1000.0;217.0;841.0
JugglePass;4;Teco;idle;true;5;1730.0;1000.0;1703.0;841.0
JugglePass;5;Tico;idle;true;5;190.0;1000.0;217.0;841.0
JugglePass;5;Teco;idle;true;5;1730.0;1000.0;1703.0;841.0
JugglePass;6;Tico;idle;true;6;190.0;1000.0;217.0;841.0
JugglePass;6;Teco;idle;true;6;1730.0;1000.0;1703.0;841.0
JugglePass;7;Tico;idle;true;6;190.0;1000.0;217.0;841.0
JugglePass;7;Teco;idle;true;6;1730.0;1000.0;1703.0;841.0
JugglePass;8;Tico;idle;true;6;190.0;1000.0;217.0;841.0
JugglePass;8;Teco;idle;true;6;1730.0;1000.0;1703.0;841.0
JugglePass;9;Tico;idle;true;7;190.0;1000.0;226.5;841.0
JugglePass;9;Teco;idle;true;7;1730.0;1000.0;1693.5;841.0
JugglePass;10;Tico;idle;true;7;190.0;1000.0;226.5;841.0
JugglePass;10;Teco;idle;true;7;1730.0;1000.0;1693.5;841.0
JugglePass;11;Tico;idle;true;7;190.0;1000.0;226.5;841.0
JugglePass;11;Teco;idle;true;7;1730.0;1000.0;1693.5;841.0
JugglePass;12;Tico;idle;true;7;190.0;1000.0;226.5;841.0
JugglePass;12;Teco;idle;true;7;1730.0;1000.0;1693.5;841.0
JugglePass;13;Tico;idle;true;8;190.0;1000.0;226.5;841.0
JugglePass;13;Teco;idle;true;8;1730.0;1000.0;1693.5;841.0
JugglePass;14;Tico;idle;true;8;190.0;1000.0;226.5;841.0
JugglePass;14;Teco;idle;true;8;1730.0;1000.0;1693.5;841.0
JugglePass;15;Tico;throw;true;4;190.0;1000.0;227.5;847.0
JugglePass;15;Teco;idle;true;8;1730.0;1000.0;1693.5;841.0
JugglePass;16;Tico;throw;true;4;190.0;1000.0;227.5;847.0
JugglePass;16;Teco;idle;true;9;1730.0;1000.0;1696.0;835.5
JugglePass;17;Tico;throw;true;4;190.0;1000.0;227.5;847.0
JugglePass;17;Teco;idle;true;9;1730.0;1000.0;1696.0;835.5
JugglePass;18;Tico;throw;true;4;190.0;1000.0;227.5;847.0
JugglePass;18;Teco;idle;true;9;1730.0;1000.0;1696.0;835.5
JugglePass;19;Tico;throw;true;4;190.0;1000.0;227.5;847.0
JugglePass;19;Teco;idle;true;10;1730.0;1000.0;1711.0;846.5
JugglePass;20;Tico;throw;true;4;190.0;1000.0;227.5;847.0
JugglePass;20;Teco;idle;true;10;1730.0;1000.0;1711.0;846.5
JugglePass;21;Tico;throw;true;4;190.0;1000.0;227.5;847.0
JugglePass;21;Teco;idle;true;10;1730.0;1000.0;1711.0;846.5
JugglePass;22;Tico;throw;true;4;190.0;1000.0;227.5;847.0
JugglePass;22;Teco;idle;true;10;1730.0;1000.0;1711.0;846.5
JugglePass;23;Tico;throw;true;4;190.0;1000.0;227.5;847.0
JugglePass;23;Teco;idle;true;11;1730.0;1000.0;1690.0;843.5
JugglePass;24;Tico;throw;true;4;190.0;1000.0;227.5;847.0
JugglePass;24;Teco;idle;true;11;1730.0;1000.0;1690.0;843.5
JugglePass;25;Tico;throw;true;4;190.0;1000.0;227.5;847.0
JugglePass;25;Teco;idle;true;11;1730.0;1000.0;1690.0;843.5
JugglePass;26;Tico;throw;true;3;190.0;1000.0;212.5;828.5
JugglePass;26;Teco;idle;true;12;1730.0;1000.0;1690.0;843.5
JugglePass;27;Tico;throw;true;3;190.0;1000.0;212.5;828.5
JugglePass;27;Teco;idle;true;12;1730.0;1000.0;1690.0;843.5
JugglePass;28;Tico;throw;true;3;190.0;1000.0;212.5;828.5
JugglePass;28;Teco;idle;true;12;1730.0;1000.0;1690.0;843.5
JugglePass;29;Tico;throw;true;3;190.0;1000.0;212.5;828.5
JugglePass;29;Teco;idle;true;1;1730.0;1000.0;1695.0;843.5
JugglePass;30;Tico;throw;true;3;190.0;1000.0;212.5;828.5
JugglePass;30;Teco;idle;true;1;1730.0;1000.0;1695.0;843.5
JugglePass;31;Tico;throw;true;3;190.0;1000.0;212.5;828.5
JugglePass;31;Teco;idle;true;1;1730.0;1000.0;1695.0;843.5
JugglePass;32;Tico;throw;true;3;190.0;1000.0;212.5;828.5
JugglePass;32;Teco;idle;true;1;1730.0;1000.0;1695.0;843.5
JugglePass;33;Tico;throw;true;3;190.0;1000.0;212.5;828.5
JugglePass;33;Teco;idle;true;2;1730.0;1000.0;1709.0;846.0
JugglePass;34;Tico;throw;true;2;190.0;1000.0;219.0;834.0
JugglePass;34;Teco;idle;true;2;1730.0;1000.0;1709.0;846.0
JugglePass;35;Tico;throw;true;2;190.0;1000.0;219.0;834.0
JugglePass;35;Teco;idle;true;2;1730.0;1000.0;1709.0;846.0
JugglePass;36;Tico;idle;true;3;190.0;1000.0;211.0;846.0
JugglePass;36;Teco;idle;true;3;1730.0;1000.0;1709.0;846.0
JugglePass;37;Tico;idle;true;3;190.0;1000.0;211.0;846.0
JugglePass;37;Teco;idle;true;3;1730.0;1000.0;1709.0;846.0
JugglePass;38;Tico;idle;true;3;190.0;1000.0;211.0;846.0
JugglePass;38;Teco;idle;true;3;1730.0;1000.0;1709.0;846.0
JugglePass;39;Tico;idle;true;4;190.0;1000.0;206.0;850.5
JugglePass;39;Teco;idle;true;4;1730.0;1000.0;1714.0;850.5
JugglePass;40;Tico;idle;true;4;190.0;1000.0;206.0;850.5
JugglePass;40;Teco;idle;true;4;1730.0;1000.0;1714.0;850.5
JugglePass;41;Tico;idle;true;4;190.0;1000.0;206.0;850.5
JugglePass;41;Teco;idle;true;4;1730.0;1000.0;1714.0;850.5
JugglePass;42;Tico;idle;true;4;190.0;1000.0;206.0;850.5
JugglePass;42;Teco;idle;true;4;1730.0;1000.0;1714.0;850.5
JugglePass;43;Tico;idle;true;5;190.0;1000.0;217.0;841.0
JugglePass;43;Teco;idle;true;5;1730.0;1000.0;1703.0;841.0
JugglePass;44;Tico;idle;true;5;190.0;1000.0;217.0;841.0
JugglePass;44;Teco;idle;true;5;1730.0;1000.0;1703.0;841.0
JugglePass;45;Tico;idle;true;5;190.0;1000.0;217.0;841.0
JugglePass;45;Teco;idle;true;5;1730.0;1000.0;1703.0;841.0
JugglePass;46;Tico;idle;true;6;190.0;1000.0;217.0;841.0
JugglePass;46;Teco;idle;true;6;1730.0;1000.0;1703.0;841.0
JugglePass;47;Tico;idle;true;6;190.0;1000.0;217.0;841.0
JugglePass;47;Teco;idle;true;6;1730.0;1000.0;1703.0;841.0
JugglePass;48;Tico;idle;true;6;190.0;1000.0;217.0;841.0
JugglePass;48;Teco;throw;true;4;1730.0;1000.0;1692.5;847.0
JugglePass;49;Tico;idle;true;7;190.0;1000.0;226.5;841.0
JugglePass;49;Teco;throw;true;4;1730.0;1000.0;1692.5;847.0
JugglePass;50;Tico;idle;true;7;190.0;1000.0;226.5;841.0
JugglePass;50;Teco;throw;true;4;1730.0;1000.0;1692.5;847.0
JugglePass;51;Tico;idle;true;7;190.0;1000.0;226.5;841.0
JugglePass;51;Teco;throw;true;4;1730.0;1000.0;1692.5;847.0
JugglePass;52;Tico;idle;true;7;190.0;1000.0;226.5;841.0
JugglePass;52;Teco;throw;true;4;1730.0;1000.0;1692.5;847.0
JugglePass;53;Tico;idle;true;8;190.0;1000.0;226.5;841.0
JugglePass;53;Teco;throw;true;4;1730.0;1000.0;1692.5;847.0
JugglePass;54;Tico;idle;true;8;190.0;1000.0;226.5;841.0
JugglePass;54;Teco;throw;true;4;1730.0;1000.0;1692.5;847.0
JugglePass;55;Tico;idle;true;8;190.0;1000.0;226.5;841.0
JugglePass;55;Teco;throw;true;4;1730.0;1000.0;1692.5;847.0
JugglePass;56;Tico;idle;true;9;190.0;1000.0;224.0;835.5
JugglePass;56;Teco;throw;true;4;1730.0;1000.0;1692.5;847.0
JugglePass;57;Tico;idle;true;9;190.0;1000.0;224.0;835.5
JugglePass;57;Teco;throw;true;4;1730.0;1000.0;1692.5;847.0
JugglePass;58;Tico;idle;true;9;190.0;1000.0;224.0;835.5
JugglePass;58;Teco;throw;true;4;1730.0;1000.0;1692.5;847.0
JugglePass;59;Tico;idle;true;10;190.0;1000.0;209.0;846.5
JugglePass;59;Teco;throw;true;3;1730.0;1000.0;1707.5;828.5
JugglePass;60;Tico;idle;true;10;190.0;1000.0;209.0;846.5
JugglePass;60;Teco;throw;true;3;1730.0;1000.0;1707.5;828.5
JugglePass;61;Tico;idle;true;10;190.0;1000.0;209.0;846.5
JugglePass;61;Teco;throw;true;3;1730.0;1000.0;1707.5;828.5
JugglePass;62;Tico;idle;true;10;190.0;1000.0;209.0;846.5
JugglePass;62;Teco;throw;true;3;1730.0;1000.0;1707.5;828.5
JugglePass;63;Tico;idle;true;11;190.0;1000.0;230.0;843.5
JugglePass;63;Teco;throw;true;3;1730.0;1000.0;1707.5;828.5
JugglePass;64;Tico;idle;true;11;190.0;1000.0;230.0;843.5
JugglePass;64;Teco;throw;true;3;1730.0;1000.0;1707.5;828.5
JugglePass;65;Tico;idle;true;11;190.0;1000.0;230.0;843.5
JugglePass;65;Teco;throw;true;3;1730.0;1000.0;1707.5;828.5
JugglePass;66;Tico;idle;true;12;190.0;1000.0;230.0;843.5
JugglePass;66;Teco;throw;true;3;1730.0;1000.0;1707.5;828.5
JugglePass;67;Tico;idle;true;12;190.0;1000.0;230.0;843.5
JugglePass;67;Teco;throw;true;2;1730.0;1000.0;1701.0;834.0
JugglePass;68;Tico;idle;true;12;190.0;1000.0;230.0;843.5
JugglePass;68;Teco;throw;true;2;1730.0;1000.0;1701.0;834.0
JugglePass;69;Tico;idle;true;1;190.0;1000.0;225.0;843.5
JugglePass;69;Teco;idle;true;1;1730.0;1000.0;1695.0;843.5
JugglePass;70;Tico;idle;true;1;190.0;1000.0;225.0;843.5
JugglePass;70;Teco;idle;true;1;1730.0;1000.0;1695.0;843.5
JugglePass;71;Tico;idle;true;1;190.0;1000.0;225.0;843.5
JugglePass;71;Teco;idle;true;1;1730.0;1000.0;1695.0;843.5
JugglePass;72;Tico;idle;true;1;190.0;1000.0;225.0;843.5
JugglePass;72;Teco;idle;true;1;1730.0;1000.0;1695.0;843.5
JugglePass;73;Tico;idle;true;2;190.0;1000.0;211.0;846.0
JugglePass;73;Teco;idle;true;2;1730.0;1000.0;1709.0;846.0
JugglePass;74;Tico;idle;true;2;190.0;1000.0;211.0;846.0
JugglePass;74;Teco;idle;true;2;1730.0;1000.0;1709.0;846.0
JugglePass;75;Tico;idle;true;2;190.0;1000.0;211.0;846.0
JugglePass;75;Teco;idle;true;2;1730.0;1000.0;1709.0;846.0
JugglePass;76;Tico;idle;true;3;190.0;1000.0;211.0;846.0
JugglePass;76;Teco;idle;true;3;1730.0;1000.0;1709.0;846.0
JugglePass;77;Tico;idle;true;3;190.0;1000.0;211.0;846.0
JugglePass;77;Teco;idle;true;3;1730.0;1000.0;1709.0;846.0
JugglePass;78;Tico;idle;true;3;190.0;1000.0;211.0;846.0
JugglePass;78;Teco;idle;true;3;1730.0;1000.0;1709.0;846.0
JugglePass;79;Tico;idle;true;4;190.0;1000.0;206.0;850.5
JugglePass;79;Teco;idle;true;4;1730.0;1000.0;1714.0;850.5
JugglePass;80;Tico;idle;true;4;190.0;1000.0;206.0;850.5
JugglePass;80;Teco;idle;true;4;1730.0;1000.0;1714.0;850.5
JugglePass;81;Tico;throw;true;4;190.0;1000.0;227.5;847.0
JugglePass;81;Teco;idle;true;4;1730.0;1000.0;1714.0;850.5
JugglePass;82;Tico;throw;true;4;190.0;1000.0;227.5;847.0
JugglePass;82;Teco;idle;true;4;1730.0;1000.0;1714.0;850.5
JugglePass;83;Tico;throw;true;4;190.0;1000.0;227.5;847.0
JugglePass;83;Teco;idle;true;5;1730.0;1000.0;1703.0;841.0
JugglePass;84;Tico;throw;true;4;190.0;1000.0;227.5;847.0
JugglePass;84;Teco;idle;true;5;1730.0;1000.0;1703.0;841.0
JugglePass;85;Tico;throw;true;4;190.0;1000.0;227.5;847.0
JugglePass;85;Teco;idle;true;5;1730.0;1000.0;1703.0;841.0
JugglePass;86;Tico;throw;true;4;190.0;1000.0;227.5;847.0
JugglePass;86;Teco;idle;true;6;1730.0;1000.0;1703.0;841.0
JugglePass;87;Tico;throw;true;4;190.0;1000.0;227.5;847.0
JugglePass;87;Teco;idle;true;6;1730.0;1000.0;1703.0;841.0
JugglePass;88;Tico;throw;true;4;190.0;1000.0;227.5;847.0
JugglePass;88;Teco;idle;true;6;1730.0;1000.0;1703.0;841.0
JugglePass;89;Tico;throw;true;4;190.0;1000.0;227.5;847.0
JugglePass;89;Teco;idle;true;7;1730.0;1000.0;1693.5;841.0
JugglePass;90;Tico;throw;true;4;190.0;1000.0;227.5;847.0
JugglePass;90;Teco;idle;true;7;1730.0;1000.0;1693.5;841.0
JugglePass;91;Tico;throw;true;4;190.0;1000.0;227.5;847.0
JugglePass;91;Teco;idle;true;7;1730.0;1000.0;1693.5;841.0
JugglePass;92;Tico;throw;true;3;190.0;1000.0;212.5;828.5
JugglePass;92;Teco;idle;true;7;1730.0;1000.0;1693.5;841.0
JugglePass;93;Tico;throw;true;3;190.0;1000.0;212.5;828.5
JugglePass;93;Teco;idle;true;8;1730.0;1000.0;1693.5;841.0
JugglePass;94;Tico;throw;true;3;190.0;1000.0;212.5;828.5
JugglePass;94;Teco;idle;true;8;1730.0;1000.0;1693.5;841.0
JugglePass;95;Tico;throw;true;3;190.0;1000.0;212.5;828.5
JugglePass;95;Teco;idle;true;8;1730.0;1000.0;1693.5;841.0
JugglePass;96;Tico;throw;true;3;190.0;1000.0;212.5;828.5
JugglePass;96;Teco;idle;true;9;1730.0;1000.0;1696.0;835.5
JugglePass;97;Tico;throw;true;3;190.0;1000.0;212.5;828.5
JugglePass;97;Teco;idle;true;9;1730.0;1000.0;1696.0;835.5
JugglePass;98;Tico;throw;true;3;190.0;1000.0;212.5;828.5
JugglePass;98;Teco;idle;true;9;1730.0;1000.0;1696.0;835.5
JugglePass;99;Tico;throw;true;3;190.0;1000.0;212.5;828.5
JugglePass;99;Teco;idle;true;10;1730.0;1000.0;1711.0;846.5
JugglePass;100;Tico;throw;true;2;190.0;1000.0;219.0;834.0
JugglePass;100;Teco;idle;true;10;1730.0;1000.0;1711.0;846.5
JugglePass;101;Tico;throw;true;2;190.0;1000.0;219.0;834.0
JugglePass;101;Teco;idle;true;10;1730.0;1000.0;1711.0;846.5
JugglePass;102;Tico;throw;true;2;190.0;1000.0;219.0;834.0
JugglePass;102;Teco;idle;true;10;1730.0;1000.0;1711.0;846.5
JugglePass;103;Tico;idle;true;11;190.0;1000.0;230.0;843.5
JugglePass;103;Teco;idle;true;11;1730.0;1000.0;1690.0;843.5
JugglePass;104;Tico;idle;true;11;190.0;1000.0;230.0;843.5
JugglePass;104;Teco;idle;true;11;1730.0;1000.0;1690.0;843.5
JugglePass;105;Tico;idle;true;11;190.0;1000.0;230.0;843.5
JugglePass;105;Teco;idle;true;11;1730.0;1000.0;1690.0;843.5
JugglePass;106;Tico;idle;true;12;190.0;1000.0;230.0;843.5
JugglePass;106;Teco;idle;true;12;1730.0;1000.0;1690.0;843.5
JugglePass;107;Tico;idle;true;12;190.0;1000.0;230.0;843.5
JugglePass;107;Teco;idle;true;12;1730.0;1000.0;1690.0;843.5
JugglePass;108;Tico;idle;true;12;190.0;1000.0;230.0;843.5
JugglePass;108;Teco;idle;true;12;1730.0;1000.0;1690.0;843.5
JugglePass;109;Tico;idle;true;1;190.0;1000.0;225.0;843.5
JugglePass;109;Teco;idle;true;1;1730.0;1000.0;1695.0;843.5
JugglePass;110;Tico;idle;true;1;190.0;1000.0;225.0;843.5
JugglePass;110;Teco;idle;true;1;1730.0;1000.0;1695.0;843.5
JugglePass;111;Tico;idle;true;1;190.0;1000.0;225.0;843.5
JugglePass;111;Teco;idle;true;1;1730.0;1000.0;1695.0;843.5
JugglePass;112;Tico;idle;true;1;190.0;1000.0;225.0;843.5
JugglePass;112;Teco;idle;true;1;1730.0;1000.0;1695.0;843.5
JugglePass;113;Tico;idle;true;2;190.0;1000.0;211.0;846.0
JugglePass;113;Teco;idle;true;2;1730.0;1000.0;1709.0;846.0
JugglePass;114;Tico;idle;true;2;190.0;1000.0;211.0;846.0
JugglePass;114;Teco;idle;true;2;1730.0;1000.0;1709.0;846.0
JugglePass;115;Tico;idle;true;2;190.0;1000.0;211.0;846.0
JugglePass;115;Teco;throw;true;4;1730.0;1000.0;1692.5;847.0
JugglePass;116;Tico;idle;true;3;190.0;1000.0;211.0;846.0
JugglePass;116;Teco;throw;true;4;1730.0;1000.0;1692.5;847.0
JugglePass;117;Tico;idle;true;3;190.0;1000.0;211.0;846.0
JugglePass;117;Teco;throw;true;4;1730.0;1000.0;1692.5;847.0
JugglePass;118;Tico;idle;true;3;190.0;1000.0;211.0;846.0
JugglePass;118;Teco;throw;true;4;1730.0;1000.0;1692.5;847.0
JugglePass;119;Tico;idle;true;4;190.0;1000.0;206.0;850.5
JugglePass;119;Teco;throw;true;4;1730.0;1000.0;1692.5;847.0
JugglePass;120;Tico;idle;true;4;190.0;1000.0;206.0;850.5
JugglePass;120;Teco;throw;true;4;1730.0;1000.0;1692.5;847.0
JugglePass;121;Tico;idle;true;4;190.0;1000.0;206.0;850.5
JugglePass;121;Teco;throw;true;4;1730.0;1000.0;1692.5;847.0
JugglePass;122;Tico;idle;true;4;190.0;1000.0;206.0;850.5
JugglePass;122;Teco;throw;true;4;1730.0;1000.0;1692.5;847.0
JugglePass;123;Tico;idle;true;5;190.0;1000.0;217.0;841.0
JugglePass;123;Teco;throw;true;4;1730.0;1000.0;1692.5;847.0
JugglePass;124;Tico;idle;true;5;190.0;1000.0;217.0;841.0
JugglePass;124;Teco;throw;true;4;1730.0;1000.0;1692.5;847.0
JugglePass;125;Tico;idle;true;5;190.0;1000.0;217.0;841.0
JugglePass;125;Teco;throw;true;4;1730.0;1000.0;1692.5;847.0
JugglePass;126;Tico;idle;true;6;190.0;1000.0;217.0;841.0
JugglePass;126;Teco;throw;true;3;1730.0;1000.0;1707.5;828.5
JugglePass;127;Tico;idle;true;6;190.0;1000.0;217.0;841.0
JugglePass;127;Teco;throw;true;3;1730.0;1000.0;1707.5;828.5
JugglePass;128;Tico;idle;true;6;190.0;1000.0;217.0;841.0
JugglePass;128;Teco;throw;true;3;1730.0;1000.0;1707.5;828.5
JugglePass;129;Tico;idle;true;7;190.0;1000.0;226.5;841.0
JugglePass;129;Teco;throw;true;3;1730.0;1000.0;1707.5;828.5
JugglePass;130;Tico;idle;true;7;190.0;1000.0;226.5;841.0
JugglePass;130;Teco;throw;true;3;1730.0;1000.0;1707.5;828.5
JugglePass;131;Tico;idle;true;7;190.0;1000.0;226.5;841.0
JugglePass;131;Teco;throw;true;3;1730.0;1000.0;1707.5;828.5
JugglePass;132;Tico;idle;true;7;190.0;1000.0;226.5;841.0
JugglePass;132;Teco;throw;true;3;1730.0;1000.0;1707.5;828.5
JugglePass;133;Tico;idle;true;8;190.0;1000.0;226.5;841.0
JugglePass;133;Teco;throw;true;3;1730.0;1000.0;1707.5;828.5
JugglePass;134;Tico;idle;true;8;190.0;1000.0;226.5;841.0
JugglePass;134;Teco;throw;true;2;1730.0;1000.0;1701.0;834.0
JugglePass;135;Tico;idle;true;8;190.0;1000.0;226.5;841.0
JugglePass;135;Teco;throw;true;2;1730.0;1000.0;1701.0;834.0
JugglePass;136;Tico;idle;true;9;190.0;1000.0;224.0;835.5
JugglePass;136;Teco;idle;true;9;1730.0;1000.0;1696.0;835.5
JugglePass;137;Tico;idle;true;9;190.0;1000.0;224.0;835.5
JugglePass;137;Teco;idle;true;9;1730.0;1000.0;1696.0;835.5
JugglePass;138;Tico;idle;true;9;190.0;1000.0;224.0;835.5
JugglePass;138;Teco;idle;true;9;1730.0;1000.0;1696.0;835.5
JugglePass;139;Tico;idle;true;10;190.0;1000.0;209.0;846.5
JugglePass;139;Teco;idle;true;10;1730.0;1000.0;1711.0;846.5
JugglePass;140;Tico;idle;true;10;190.0;1000.0;209.0;846.5
JugglePass;140;Teco;idle;true;10;1730.0;1000.0;1711.0;846.5
JugglePass;141;Tico;idle;true;10;190.0;1000.0;209.0;846.5
JugglePass;141;Teco;idle;true;10;1730.0;1000.0;1711.0;846.5
JugglePass;142;Tico;idle;true;10;190.0;1000.0;209.0;846.5
JugglePass;142;Teco;idle;true;10;1730.0;1000.0;1711.0;846.5
JugglePass;143;Tico;idle;true;11;190.0;1000.0;230.0;843.5
JugglePass;143;Teco;idle;true;11;1730.0;1000.0;1690.0;843.5
JugglePass;144;Tico;idle;true;11;190.0;1000.0;230.0;843.5
JugglePass;144;Teco;idle;true;11;1730.0;1000.0;1690.0;843.5
JugglePass;145;Tico;idle;true;11;190.0;1000.0;230.0;843.5
JugglePass;145;Teco;idle;true;11;1730.0;1000.0;1690.0;843.5
JugglePass;146;Tico;idle;true;12;190.0;1000.0;230.0;843.5
JugglePass;146;Teco;idle;true;12;1730.0;1000.0;1690.0;843.5
JugglePass;147;Tico;idle;true;12;190.0;1000.0;230.0;843.5
JugglePass;147;Teco;idle;true;12;1730.0;1000.0;1690.0;843.5
JugglePass;148;Tico;throw;true;4;190.0;1000.0;227.5;847.0
JugglePass;148;Teco;idle;true;12;1730.0;1000.0;1690.0;843.5
JugglePass;149;Tico;throw;true;4;190.0;1000.0;227.5;847.0
JugglePass;149;Teco;idle;true;1;1730.0;1000.0;1695.0;843.5
JugglePass;150;Tico;throw;true;4;190.0;1000.0;227.5;847.0
JugglePass;150;Teco;idle;true;1;1730.0;1000.0;1695.0;843.5
JugglePass;151;Tico;throw;true;4;190.0;1000.0;227.5;847.0
JugglePass;151;Teco;idle;true;1;1730.0;1000.0;1695.0;843.5
JugglePass;152;Tico;throw;true;4;190.0;1000.0;227.5;847.0
JugglePass;152;Teco;idle;true;1;1730.0;1000.0;1695.0;843.5
JugglePass;153;Tico;throw;true;4;190.0;1000.0;227.5;847.0
JugglePass;153;Teco;idle;true;2;1730.0;1000.0;1709.0;846.0
JugglePass;154;Tico;throw;true;4;190.0;1000.0;227.5;847.0
JugglePass;154;Teco;idle;true;2;1730.0;1000.0;1709.0;846.0
JugglePass;155;Tico;throw;true;4;190.0;1000.0;227.5;847.0
JugglePass;155;Teco;idle;true;2;1730.0;1000.0;1709.0;846.0
JugglePass;156;Tico;throw;true;4;190.0;1000.0;227.5;847.0
JugglePass;156;Teco;idle;true;3;1730.0;1000.0;1709.0;846.0
JugglePass;157;Tico;throw;true;4;190.0;1000.0;227.5;847.0
JugglePass;157;Teco;idle;true;3;1730.0;1000.0;1709.0;846.0
JugglePass;158;Tico;throw;true;4;190.0;1000.0;227.5;847.0
JugglePass;158;Teco;idle;true;3;1730.0;1000.0;1709.0;846.0
JugglePass;159;Tico;throw;true;3;190.0;1000.0;212.5;828.5
JugglePass;159;Teco;idle;true;4;1730.0;1000.0;1714.0;850.5
JugglePass;160;Tico;throw;true;3;190.0;1000.0;212.5;828.5
JugglePass;160;Teco;idle;true;4;1730.0;1000.0;1714.0;850.5
JugglePass;161;Tico;throw;true;3;190.0;1000.0;212.5;828.5
JugglePass;161;Teco;idle;true;4;1730.0;1000.0;1714.0;850.5
JugglePass;162;Tico;throw;true;3;190.0;1000.0;212.5;828.5
JugglePass;162;Teco;idle;true;4;1730.0;1000.0;1714.0;850.5
JugglePass;163;Tico;throw;true;3;190.0;1000.0;212.5;828.5
JugglePass;163;Teco;idle;true;5;1730.0;1000.0;1703.0;841.0
JugglePass;164;Tico;throw;true;3;190.0;1000.0;212.5;828.5
JugglePass;164;Teco;idle;true;5;1730.0;1000.0;1703.0;841.0
JugglePass;165;Tico;throw;true;3;190.0;1000.0;212.5;828.5
JugglePass;165;Teco;idle;true;5;1730.0;1000.0;1703.0;841.0
JugglePass;166;Tico;throw;true;3;190.0;1000.0;212.5;828.5
JugglePass;166;Teco;idle;true;6;1730.0;1000.0;1703.0;841.0
JugglePass;167;Tico;throw;true;2;190.0;1000.0;219.0;834.0
JugglePass;167;Teco;idle;true;6;1730.0;1000.0;1703.0;841.0
JugglePass;168;Tico;throw;true;2;190.0;1000.0;219.0;834.0
JugglePass;168;Teco;idle;true;6;1730.0;1000.0;1703.0;841.0
JugglePass;169;Tico;idle;true;7;190.0;1000.0;226.5;841.0
JugglePass;169;Teco;idle;true;7;1730.0;1000.0;1693.5;841.0
JugglePass;170;Tico;idle;true;7;190.0;1000.0;226.5;841.0
JugglePass;170;Teco;idle;true;7;1730.0;1000.0;1693.5;841.0
JugglePass;171;Tico;idle;true;7;190.0;1000.0;226.5;841.0
JugglePass;171;Teco;idle;true;7;1730.0;1000.0;1693.5;841.0
JugglePass;172;Tico;idle;true;7;190.0;1000.0;226.5;841.0
JugglePass;172;Teco;idle;true;7;1730.0;1000.0;1693.5;841.0
JugglePass;173;Tico;idle;true;8;190.0;1000.0;226.5;841.0
JugglePass;173;Teco;idle;true;8;1730.0;1000.0;1693.5;841.0
JugglePass;174;Tico;idle;true;8;190.0;1000.0;226.5;841.0
JugglePass;174;Teco;idle;true;8;1730.0;1000.0;1693.5;841.0
JugglePass;175;Tico;idle;true;8;190.0;1000.0;226.5;841.0
JugglePass;175;Teco;idle;true;8;1730.0;1000.0;1693.5;841.0
JugglePass;176;Tico;idle;true;9;190.0;1000.0;224.0;835.5
JugglePass;176;Teco;idle;true;9;1730.0;1000.0;1696.0;835.5
JugglePass;177;Tico;idle;true;9;190.0;1000.0;224.0;835.5
JugglePass;177;Teco;idle;true;9;1730.0;1000.0;1696.0;835.5
JugglePass;178;Tico;idle;true;9;190.0;1000.0;224.0;835.5
JugglePass;178;Teco;idle;true;9;1730.0;1000.0;1696.0;835.5
JugglePass;179;Tico;idle;true;10;190.0;1000.0;209.0;846.5
JugglePass;179;Teco;idle;true;10;1730.0;1000.0;1711.0;846.5
JugglePass;180;Tico;idle;true;10;190.0;1000.0;209.0;846.5
JugglePass;180;Teco;idle;true;10;1730.0;1000.0;1711.0;846.5
JugglePass;181;Tico;idle;true;10;190.0;1000.0;209.0;846.5
JugglePass;181;Teco;throw;true;4;1730.0;1000.0;1692.5;847.0
JugglePass;182;Tico;idle;true;10;190.0;1000.0;209.0;846.5
JugglePass;182;Teco;throw;true;4;1730.0;1000.0;1692.5;847.0
JugglePass;183;Tico;idle;true;11;190.0;1000.0;230.0;843.5
JugglePass;183;Teco;throw;true;4;1730.0;1000.0;1692.5;847.0
JugglePass;184;Tico;idle;true;11;190.0;1000.0;230.0;843.5
JugglePass;184;Teco;throw;true;4;1730.0;1000.0;1692.5;847.0
JugglePass;185;Tico;idle;true;11;190.0;1000.0;230.0;843.5
JugglePass;185;Teco;throw;true;4;1730.0;1000.0;1692.5;847.0
JugglePass;186;Tico;idle;true;12;190.0;1000.0;230.0;843.5
JugglePass;186;Teco;throw;true;4;1730.0;1000.0;1692.5;847.0
JugglePass;187;Tico;idle;true;12;190.0;1000.0;230.0;843.5
JugglePass;187;Teco;throw;true;4;1730.0;1000.0;1692.5;847.0
JugglePass;188;Tico;idle;true;12;190.0;1000.0;230.0;843.5
JugglePass;188;Teco;throw;true;4;1730.0;1000.0;1692.5;847.0
JugglePass;189;Tico;idle;true;1;190.0;1000.0;225.0;843.5
JugglePass;189;Teco;throw;true;4;1730.0;1000.0;1692.5;847.0
JugglePass;190;Tico;idle;true;1;190.0;1000.0;225.0;843.5
JugglePass;190;Teco;throw;true;4;1730.0;1000.0;1692.5;847.0
JugglePass;191;Tico;idle;true;1;190.0;1000.0;225.0;843.5
JugglePass;191;Teco;throw;true;4;1730.0;1000.0;1692.5;847.0
JugglePass;192;Tico;idle;true;1;190.0;1000.0;225.0;843.5
JugglePass;192;Teco;throw;true;3;1730.0;1000.0;1707.5;828.5
JugglePass;193;Tico;idle;true;2;190.0;1000.0;211.0;846.0
JugglePass;193;Teco;throw;true;3;1730.0;1000.0;1707.5;828.5
JugglePass;194;Tico;idle;true;2;190.0;1000.0;211.0;846.0
JugglePass;194;Teco;throw;true;3;1730.0;1000.0;1707.5;828.5
JugglePass;195;Tico;idle;true;2;190.0;1000.0;211.0;846.0
JugglePass;195;Teco;throw;true;3;1730.0;1000.0;1707.5;828.5
JugglePass;196;Tico;idle;true;3;190.0;1000.0;211.0;846.0
JugglePass;196;Teco;throw;true;3;1730.0;1000.0;1707.5;828.5
JugglePass;197;Tico;idle;true;3;190.0;1000.0;211.0;846.0
JugglePass;197;Teco;throw;true;3;1730.0;1000.0;1707.5;828.5
JugglePass;198;Tico;idle;true;3;190.0;1000.0;211.0;846.0
JugglePass;198;Teco;throw;true;3;1730.0;1000.0;1707.5;828.5
JugglePass;199;Tico;idle;true;4;190.0;1000.0;206.0;850.5
JugglePass;199;Teco;throw;true;3;1730.0;1000.0;1707.5;828.5
JugglePass;200;Tico;idle;true;4;190.0;1000.0;206.0;850.5
JugglePass;200;Teco;throw;true;2;1730.0;1000.0;1701.0;834.0
JugglePass;201;Tico;idle;true;4;190.0;1000.0;206.0;850.5
JugglePass;201;Teco;throw;true;2;1730.0;1000.0;1701.0;834.0
JugglePass;202;Tico;idle;true;4;190.0;1000.0;206.0;850.5
JugglePass;202;Teco;idle;true;4;1730.0;1000.0;1714.0;850.5
JugglePass;203;Tico;idle;true;5;190.0;1000.0;217.0;841.0
JugglePass;203;Teco;idle;true;5;1730.0;1000.0;1703.0;841.0
JugglePass;204;Tico;idle;true;5;190.0;1000.0;217.0;841.0
JugglePass;204;Teco;idle;true;5;1730.0;1000.0;1703.0;841.0
JugglePass;205;Tico;idle;true;5;190.0;1000.0;217.0;841.0
JugglePass;205;Teco;idle;true;5;1730.0;1000.0;1703.0;841.0
JugglePass;206;Tico;idle;true;6;190.0;1000.0;217.0;841.0
JugglePass;206;Teco;idle;true;6;1730.0;1000.0;1703.0;841.0
JugglePass;207;Tico;idle;true;6;190.0;1000.0;217.0;841.0
JugglePass;207;Teco;idle;true;6;1730.0;1000.0;1703.0;841.0
JugglePass;208;Tico;idle;true;6;190.0;1000.0;217.0;841.0
JugglePass;208;Teco;idle;true;6;1730.0;1000.0;1703.0;841.0
JugglePass;209;Tico;idle;true;7;190.0;1000.0;226.5;841.0
JugglePass;209;Teco;idle;true;7;1730.0;1000.0;1693.5;841.0
JugglePass;210;Tico;idle;true;7;190.0;1000.0;226.5;841.0
JugglePass;210;Teco;idle;true;7;1730.0;1000.0;1693.5;841.0
JugglePass;211;Tico;idle;true;7;190.0;1000.0;226.5;841.0
JugglePass;211;Teco;idle;true;7;1730.0;1000.0;1693.5;841.0
JugglePass;212;Tico;idle;true;7;190.0;1000.0;226.5;841.0
JugglePass;212;Teco;idle;true;7;1730.0;1000.0;1693.5;841.0
JugglePass;213;Tico;idle;true;8;190.0;1000.0;226.5;841.0
JugglePass;213;Teco;idle;true;8;1730.0;1000.0;1693.5;841.0
JugglePass;214;Tico;idle;true;8;190.0;1000.0;226.5;841.0
JugglePass;214;Teco;idle;true;8;1730.0;1000.0;1693.5;841.0
JugglePass;215;Tico;idle;true;8;190.0;1000.0;226.5;841.0
JugglePass;215;Teco;idle;true;8;1730.0;1000.0;1693.5;841.0
JugglePass;216;Tico;idle;true;9;190.0;1000.0;224.0;835.5
JugglePass;216;Teco;idle;true;9;1730.0;1000.0;1696.0;835.5
JugglePass;217;Tico;idle;true;9;190.0;1000.0;224.0;835.5
JugglePass;217;Teco;idle;true;9;1730.0;1000.0;1696.0;835.5
JugglePass;218;Tico;idle;true;9;190.0;1000.0;224.0;835.5
JugglePass;218;Teco;idle;true;9;1730.0;1000.0;1696.0;835.5
JugglePass;219;Tico;idle;true;10;190.0;1000.0;209.0;846.5
JugglePass;219;Teco;idle;true;10;1730.0;1000.0;1711.0;846.5
JugglePass;220;Tico;idle;true;10;190.0;1000.0;209.0;846.5
JugglePass;220;Teco;idle;true;10;1730.0;1000.0;1711.0;846.5
JugglePass;221;Tico;idle;true;10;190.0;1000.0;209.0;846.5
JugglePass;221;Teco;idle;true;10;1730.0;1000.0;1711.0;846.5
JugglePass;222;Tico;idle;true;10;190.0;1000.0;209.0;846.5
JugglePass;222;Teco;idle;true;10;1730.0;1000.0;1711.0;846.5
JugglePass;223;Tico;idle;true;11;190.0;1000.0;230.0;843.5
JugglePass;223;Teco;idle;true;11;1730.0;1000.0;1690.0;843.5
JugglePass;224;Tico;idle;true;11;190.0;1000.0;230.0;843.5
JugglePass;224;Teco;idle;true;11;1730.0;1000.0;1690.0;843.5
JugglePass;225;Tico;idle;true;11;190.0;1000.0;230.0;843.5
JugglePass;225;Teco;idle;true;11;1730.0;1000.0;1690.0;843.5
JugglePass;226;Tico;idle;true;12;190.0;1000.0;230.0;843.5
JugglePass;226;Teco;idle;true;12;1730.0;1000.0;1690.0;843.5
JugglePass;227;Tico;idle;true;12;190.0;1000.0;230.0;843.5
JugglePass;227;Teco;idle;true;12;1730.0;1000.0;1690.0;843.5
JugglePass;228;Tico;idle;true;12;190.0;1000.0;230.0;843.5
JugglePass;228;Teco;idle;true;12;1730.0;1000.0;1690.0;843.5
JugglePass;229;Tico;idle;true;1;190.0;1000.0;225.0;843.5
JugglePass;229;Teco;idle;true;1;1730.0;1000.0;1695.0;843.5
JugglePass;230;Tico;idle;true;1;190.0;1000.0;225.0;843.5
JugglePass;230;Teco;idle;true;1;1730.0;1000.0;1695.0;843.5
JugglePass;231;Tico;idle;true;1;190.0;1000.0;225.0;843.5
JugglePass;231;Teco;idle;true;1;1730.0;1000.0;1695.0;843.5
JugglePass;232;Tico;idle;true;1;190.0;1000.0;225.0;843.5
JugglePass;232;Teco;idle;true;1;1730.0;1000.0;1695.0;843.5
JugglePass;233;Tico;idle;true;2;190.0;1000.0;211.0;846.0
JugglePass;233;Teco;idle;true;2;1730.0;1000.0;1709.0;846.0
JugglePass;234;Tico;idle;true;2;190.0;1000.0;211.0;846.0
JugglePass;234;Teco;idle;true;2;1730.0;1000.0;1709.0;846.0
JugglePass;235;Tico;idle;true;2;190.0;1000.0;211.0;846.0
JugglePass;235;Teco;idle;true;2;1730.0;1000.0;1709.0;846.0
JugglePass;236;Tico;idle;true;3;190.0;1000.0;211.0;846.0
JugglePass;236;Teco;idle;true;3;1730.0;1000.0;1709.0;846.0
JugglePass;237;Tico;idle;true;3;190.0;1000.0;211.0;846.0
JugglePass;237;Teco;idle;true;3;1730.0;1000.0;1709.0;846.0
JugglePass;238;Tico;idle;true;3;190.0;1000.0;211.0;846.0
JugglePass;238;Teco;idle;true;3;1730.0;1000.0;1709.0;846.0
JugglePass;239;Tico;idle;true;4;190.0;1000.0;206.0;850.5
JugglePass;239;Teco;idle;true;4;1730.0;1000.0;1714.0;850.5
JugglePass;240;Tico;idle;true;4;190.0;1000.0;206.0;850.5
JugglePass;240;Teco;idle;true;4;1730.0;1000.0;1714.0;850.5
JugglePass;241;Tico;idle;true;4;190.0;1000.0;206.0;850.5
JugglePass;241;Teco;idle;true;4;1730.0;1000.0;1714.0;850.5
JugglePass;242;Tico;idle;true;4;190.0;1000.0;206.0;850.5
JugglePass;242;Teco;idle;true;4;1730.0;1000.0;1714.0;850.5
JugglePass;243;Tico;idle;true;5;190.0;1000.0;217.0;841.0
JugglePass;243;Teco;idle;true;5;1730.0;1000.0;1703.0;841.0
JugglePass;244;Tico;idle;true;5;190.0;1000.0;217.0;841.0
JugglePass;244;Teco;idle;true;5;1730.0;1000.0;1703.0;841.0
JugglePass;245;Tico;idle;true;5;190.0;1000.0;217.0;841.0
JugglePass;245;Teco;idle;true;5;1730.0;1000.0;1703.0;841.0
JugglePass;246;Tico;idle;true;6;190.0;1000.0;217.0;841.0
JugglePass;246;Teco;idle;true;6;1730.0;1000.0;1703.0;841.0
JugglePass;247;Tico;idle;true;6;190.0;1000.0;217.0;841.0
JugglePass;247;Teco;idle;true;6;1730.0;1000.0;1703.0;841.0
JugglePass;248;Tico;idle;true;6;190.0;1000.0;217.0;841.0
JugglePass;248;Teco;idle;true;6;1730.0;1000.0;1703.0;841.0
JugglePass;249;Tico;idle;true;7;190.0;1000.0;226.5;841.0
JugglePass;249;Teco;idle;true;7;1730.0;1000.0;1693.5;841.0
JugglePass;250;Tico;idle;true;7;190.0;1000.0;226.5;841.0
JugglePass;250;Teco;idle;true;7;1730.0;1000.0;1693.5;841.0
JugglePass;251;Tico;idle;true;7;190.0;1000.0;226.5;841.0
JugglePass;251;Teco;idle;true;7;1730.0;1000.0;1693.5;841.0
JugglePass;252;Tico;idle;true;7;190.0;1000.0;226.5;841.0
JugglePass;252;Teco;idle;true;7;1730.0;1000.0;1693.5;841.0
JugglePass;253;Tico;idle;true;8;190.0;1000.0;226.5;841.0
JugglePass;253;Teco;idle;true;8;1730.0;1000.0;1693.5;841.0
JugglePass;254;Tico;idle;true;8;190.0;1000.0;226.5;841.0
JugglePass;254;Teco;idle;true;8;1730.0;1000.0;1693.5;841.0
JugglePass;255;Tico;idle;true;8;190.0;1000.0;226.5;841.0
JugglePass;255;Teco;idle;true;8;1730.0;1000.0;1693.5;841.0
JugglePass;256;Tico;idle;true;9;190.0;1000.0;224.0;835.5
JugglePass;256;Teco;idle;true;9;1730.0;1000.0;1696.0;835.5
JugglePass;257;Tico;idle;true;9;190.0;1000.0;224.0;835.5
JugglePass;257;Teco;idle;true;9;1730.0;1000.0;1696.0;835.5
JugglePass;258;Tico;idle;true;9;190.0;1000.0;224.0;835.5
JugglePass;258;Teco;idle;true;9;1730.0;1000.0;1696.0;835.5
JugglePass;259;Tico;idle;true;10;190.0;1000.0;209.0;846.5
JugglePass;259;Teco;idle;true;10;1730.0;1000.0;1711.0;846.5
JugglePass;260;Tico;idle;true;10;190.0;1000.0;209.0;846.5
JugglePass;260;Teco;idle;true;10;1730.0;1000.0;1711.0;846.5
JugglePass;261;Tico;idle;true;10;190.0;1000.0;209.0;846.5
JugglePass;261;Teco;idle;true;10;1730.0;1000.0;1711.0;846.5
JugglePass;262;Tico;idle;true;10;190.0;1000.0;209.0;846.5
JugglePass;262;Teco;idle;true;10;1730.0;1000.0;1711.0;846.5
JugglePass;263;Tico;idle;true;11;190.0;1000.0;230.0;843.5
JugglePass;263;Teco;idle;true;11;1730.0;1000.0;1690.0;843.5
JugglePass;264;Tico;idle;true;11;190.0;1000.0;230.0;843.5
JugglePass;264;Teco;idle;true;11;1730.0;1000.0;1690.0;843.5
JugglePass;265;Tico;idle;true;11;190.0;1000.0;230.0;843.5
JugglePass;265;Teco;idle;true;11;1730.0;1000.0;1690.0;843.5
JugglePass;266;Tico;idle;true;12;190.0;1000.0;230.0;843.5
JugglePass;266;Teco;idle;true;12;1730.0;1000.0;1690.0;843.5
JugglePass;267;Tico;idle;true;12;190.0;1000.0;230.0;843.5
JugglePass;267;Teco;idle;true;12;1730.0;1000.0;1690.0;843.5
JugglePass;268;Tico;idle;true;12;190.0;1000.0;230.0;843.5
JugglePass;268;Teco;idle;true;12;1730.0;1000.0;1690.0;843.5
JugglePass;269;Tico;idle;true;1;190.0;1000.0;225.0;843.5
JugglePass;269;Teco;idle;true;1;1730.0;1000.0;1695.0;843.5
JugglePass;270;Tico;idle;true;1;190.0;1000.0;225.0;843.5
JugglePass;270;Teco;idle;true;1;1730.0;1000.0;1695.0;843.5
JugglePass;271;Tico;idle;true;1;190.0;1000.0;225.0;843.5
JugglePass;271;Teco;idle;true;1;1730.0;1000.0;1695.0;843.5
JugglePass;272;Tico;idle;true;1;190.0;1000.0;225.0;843.5
JugglePass;272;Teco;idle;true;1;1730.0;1000.0;1695.0;843.5
JugglePass;273;Tico;idle;true;2;190.0;1000.0;211.0;846.0
JugglePass;273;Teco;idle;true;2;1730.0;1000.0;1709.0;846.0
JugglePass;274;Tico;idle;true;2;190.0;1000.0;211.0;846.0
JugglePass;274;Teco;idle;true;2;1730.0;1000.0;1709.0;846.0
JugglePass;275;Tico;idle;true;2;190.0;1000.0;211.0;846.0
JugglePass;275;Teco;idle;true;2;1730.0;1000.0;1709.0;846.0
JugglePass;276;Tico;idle;true;3;190.0;1000.0;211.0;846.0
JugglePass;276;Teco;idle;true;3;1730.0;1000.0;1709.0;846.0
JugglePass;277;Tico;idle;true;3;190.0;1000.0;211.0;846.0
JugglePass;277;Teco;idle;true;3;1730.0;1000.0;1709.0;846.0
JugglePass;278;Tico;idle;true;3;190.0;1000.0;211.0;846.0
JugglePass;278;Teco;idle;true;3;1730.0;1000.0;1709.0;846.0
JugglePass;279;Tico;idle;true;4;190.0;1000.0;206.0;850.5
JugglePass;279;Teco;idle;true;4;1730.0;1000.0;1714.0;850.5
JugglePass;280;Tico;idle;true;4;190.0;1000.0;206.0;850.5
JugglePass;280;Teco;idle;true;4;1730.0;1000.0;1714.0;850.5
JugglePass;281;Tico;idle;true;4;190.0;1000.0;206.0;850.5
JugglePass;281;Teco;idle;true;4;1730.0;1000.0;1714.0;850.5
JugglePass;282;Tico;idle;true;4;190.0;1000.0;206.0;850.5
JugglePass;282;Teco;idle;true;4;1730.0;1000.0;1714.0;850.5
JugglePass;283;Tico;idle;true;5;190.0;1000.0;217.0;841.0
JugglePass;283;Teco;idle;true;5;1730.0;1000.0;1703.0;841.0
JugglePass;284;Tico;idle;true;5;190.0;1000.0;217.0;841.0
JugglePass;284;Teco;idle;true;5;1730.0;1000.0;1703.0;841.0
JugglePass;285;Tico;idle;true;5;190.0;1000.0;217.0;841.0
JugglePass;285;Teco;idle;true;5;1730.0;1000.0;1703.0;841.0
JugglePass;286;Tico;idle;true;6;190.0;1000.0;217.0;841.0
JugglePass;286;Teco;idle;true;6;1730.0;1000.0;1703.0;841.0
JugglePass;287;Tico;idle;true;6;190.0;1000.0;217.0;841.0
JugglePass;287;Teco;idle;true;6;1730.0;1000.0;1703.0;841.0
JugglePass;288;Tico;idle;true;6;190.0;1000.0;217.0;841.0
JugglePass;288;Teco;idle;true;6;1730.0;1000.0;1703.0;841.0
JugglePass;289;Tico;idle;true;7;190.0;1000.0;226.5;841.0
JugglePass;289;Teco;idle;true;7;1730.0;1000.0;1693.5;841.0
JugglePass;290;Tico;idle;true;7;190.0;1000.0;226.5;841.0
JugglePass;290;Teco;idle;true;7;1730.0;1000.0;1693.5;841.0
JugglePass;291;Tico;idle;true;7;190.0;1000.0;226.5;841.0
JugglePass;291;Teco;idle;true;7;1730.0;1000.0;1693.5;841.0
JugglePass;292;Tico;idle;true;7;190.0;1000.0;226.5;841.0
JugglePass;292;Teco;idle;true;7;1730.0;1000.0;1693.5;841.0
JugglePass;293;Tico;idle;true;8;190.0;1000.0;226.5;841.0
JugglePass;293;Teco;idle;true;8;1730.0;1000.0;1693.5;841.0
JugglePass;294;Tico;idle;true;8;190.0;1000.0;226.5;841.0
JugglePass;294;Teco;idle;true;8;1730.0;1000.0;1693.5;841.0
JugglePass;295;Tico;idle;true;8;190.0;1000.0;226.5;841.0
JugglePass;295;Teco;idle;true;8;1730.0;1000.0;1693.5;841.0
JugglePass;296;Tico;idle;true;9;190.0;1000.0;224.0;835.5
JugglePass;296;Teco;idle;true;9;1730.0;1000.0;1696.0;835.5
JugglePass;297;Tico;idle;true;9;190.0;1000.0;224.0;835.5
JugglePass;297;Teco;idle;true;9;1730.0;1000.0;1696.0;835.5
JugglePass;298;Tico;idle;true;9;190.0;1000.0;224.0;835.5
JugglePass;298;Teco;idle;true;9;1730.0;1000.0;1696.0;835.5
JugglePass;299;Tico;idle;true;10;190.0;1000.0;209.0;846.5
JugglePass;299;Teco;idle;true;10;1730.0;1000.0;1711.0;846.5
JugglePass;300;Tico;idle;true;10;190.0;1000.0;209.0;846.5
JugglePass;300;Teco;idle;true;10;1730.0;1000.0;1711.0;846.5
BounceBalls;301;Tico;idle;true;10;190.0;1000.0;209.0;846.5
BounceBalls;301;Teco;idle;true;10;1730.0;1000.0;1711.0;846.5
BounceBalls;302;Tico;idle;true;10;190.0;1000.0;209.0;846.5
BounceBalls;302;Teco;idle;true;10;1730.0;1000.0;1711.0;846.5
BounceBalls;303;Tico;idle;true;11;190.0;1000.0;230.0;843.5
BounceBalls;303;Teco;idle;true;11;1730.0;1000.0;1690.0;843.5
BounceBalls;304;Tico;idle;true;11;190.0;1000.0;230.0;843.5
BounceBalls;304;Teco;idle;true;11;1730.0;1000.0;1690.0;843.5
BounceBalls;305;Tico;idle;true;11;190.0;1000.0;230.0;843.5
BounceBalls;305;Teco;idle;true;11;1730.0;1000.0;1690.0;843.5
BounceBalls;306;Tico;idle;true;12;190.0;1000.0;230.0;843.5
BounceBalls;306;Teco;idle;true;12;1730.0;1000.0;1690.0;843.5
BounceBalls;307;Tico;idle;true;12;190.0;1000.0;230.0;843.5
BounceBalls;307;Teco;idle;true;12;1730.0;1000.0;1690.0;843.5
BounceBalls;308;Tico;idle;true;12;190.0;1000.0;230.0;843.5
BounceBalls;308;Teco;idle;true;12;1730.0;1000.0;1690.0;843.5
BounceBalls;309;Tico;idle;true;1;190.0;1000.0;225.0;843.5
BounceBalls;309;Teco;idle;true;1;1730.0;1000.0;1695.0;843.5
BounceBalls;310;Tico;idle;true;1;190.0;1000.0;225.0;843.5
BounceBalls;310;Teco;idle;true;1;1730.0;1000.0;1695.0;843.5
BounceBalls;311;Tico;idle;true;1;190.0;1000.0;225.0;843.5
BounceBalls;311;Teco;idle;true;1;1730.0;1000.0;1695.0;843.5
BounceBalls;312;Tico;idle;true;1;190.0;1000.0;225.0;843.5
BounceBalls;312;Teco;idle;true;1;1730.0;1000.0;1695.0;843.5
BounceBalls;313;Tico;idle;true;2;190.0;1000.0;211.0;846.0
BounceBalls;313;Teco;idle;true;2;1730.0;1000.0;1709.0;846.0
BounceBalls;314;Tico;idle;true;2;190.0;1000.0;211.0;846.0
BounceBalls;314;Teco;idle;true;2;1730.0;1000.0;1709.0;846.0
BounceBalls;315;Tico;idle;true;2;190.0;1000.0;211.0;846.0
BounceBalls;315;Teco;idle;true;2;1730.0;1000.0;1709.0;846.0
BounceBalls;316;Tico;idle;true;3;190.0;1000.0;211.0;846.0
BounceBalls;316;Teco;idle;true;3;1730.0;1000.0;1709.0;846.0
BounceBalls;317;Tico;idle;true;3;190.0;1000.0;211.0;846.0
BounceBalls;317;Teco;idle;true;3;1730.0;1000.0;1709.0;846.0
BounceBalls;318;Tico;idle;true;3;190.0;1000.0;211.0;846.0
BounceBalls;318;Teco;idle;true;3;1730.0;1000.0;1709.0;846.0
BounceBalls;319;Tico;idle;true;4;190.0;1000.0;206.0;850.5
BounceBalls;319;Teco;idle;true;4;1730.0;1000.0;1714.0;850.5
BounceBalls;320;Tico;idle;true;4;190.0;1000.0;206.0;850.5
BounceBalls;320;Teco;idle;true;4;1730.0;1000.0;1714.0;850.5
BounceBalls;321;Tico;idle;true;4;190.0;1000.0;206.0;850.5
BounceBalls;321;Teco;throw;true;4;1730.0;1000.0;1692.5;847.0
BounceBalls;322;Tico;idle;true;4;190.0;1000.0;206.0;850.5
BounceBalls;322;Teco;throw;true;4;1730.0;1000.0;1692.5;847.0
BounceBalls;323;Tico;idle;true;5;190.0;1000.0;217.0;841.0
BounceBalls;323;Teco;throw;true;4;1730.0;1000.0;1692.5;847.0
BounceBalls;324;Tico;idle;true;5;190.0;1000.0;217.0;841.0
BounceBalls;324;Teco;throw;true;4;1730.0;1000.0;1692.5;847.0
BounceBalls;325;Tico;idle;true;5;190.0;1000.0;217.0;841.0
BounceBalls;325;Teco;throw;true;4;1730.0;1000.0;1692.5;847.0
BounceBalls;326;Tico;idle;true;6;190.0;1000.0;217.0;841.0
BounceBalls;326;Teco;throw;true;4;1730.0;1000.0;1692.5;847.0
BounceBalls;327;Tico;idle;true;6;190.0;1000.0;217.0;841.0
BounceBalls;327;Teco;throw;true;4;1730.0;1000.0;1692.5;847.0
BounceBalls;328;Tico;idle;true;6;190.0;1000.0;217.0;841.0
BounceBalls;328;Teco;throw;true;4;1730.0;1000.0;1692.5;847.0
BounceBalls;329;Tico;idle;true;7;190.0;1000.0;226.5;841.0
BounceBalls;329;Teco;throw;true;4;1730.0;1000.0;1692.5;847.0
BounceBalls;330;Tico;idle;true;7;190.0;1000.0;226.5;841.0
BounceBalls;330;Teco;throw;true;4;1730.0;1000.0;1692.5;847.0
BounceBalls;331;Tico;idle;true;7;190.0;1000.0;226.5;841.0
BounceBalls;331;Teco;throw;true;4;1730.0;1000.0;1692.5;847.0
BounceBalls;332;Tico;idle;true;7;190.0;1000.0;226.5;841.0
BounceBalls;332;Teco;throw;true;3;1730.0;1000.0;1707.5;828.5
BounceBalls;333;Tico;idle;true;8;190.0;1000.0;226.5;841.0
BounceBalls;333;Teco;throw;true;3;1730.0;1000.0;1707.5;828.5
BounceBalls;334;Tico;idle;true;8;190.0;1000.0;226.5;841.0
BounceBalls;334;Teco;throw;true;3;1730.0;1000.0;1707.5;828.5
BounceBalls;335;Tico;idle;true;8;190.0;1000.0;226.5;841.0
BounceBalls;335;Teco;throw;true;3;1730.0;1000.0;1707.5;828.5
BounceBalls;336;Tico;idle;true;9;190.0;1000.0;224.0;835.5
BounceBalls;336;Teco;throw;true;3;1730.0;1000.0;1707.5;828.5
BounceBalls;337;Tico;idle;true;9;190.0;1000.0;224.0;835.5
BounceBalls;337;Teco;throw;true;3;1730.0;1000.0;1707.5;828.5
BounceBalls;338;Tico;idle;true;9;190.0;1000.0;224.0;835.5
BounceBalls;338;Teco;throw;true;3;1730.0;1000.0;1707.5;828.5
BounceBalls;339;Tico;idle;true;10;190.0;1000.0;209.0;846.5
BounceBalls;339;Teco;throw;true;3;1730.0;1000.0;1707.5;828.5
BounceBalls;340;Tico;idle;true;10;190.0;1000.0;209.0;846.5
BounceBalls;340;Teco;throw;true;2;1730.0;1000.0;1701.0;834.0
BounceBalls;341;Tico;idle;true;10;190.0;1000.0;209.0;846.5
BounceBalls;341;Teco;throw;true;2;1730.0;1000.0;1701.0;834.0
BounceBalls;342;Tico;idle;true;10;190.0;1000.0;209.0;846.5
BounceBalls;342;Teco;idle;true;10;1730.0;1000.0;1711.0;846.5
BounceBalls;343;Tico;idle;true;11;190.0;1000.0;230.0;843.5
BounceBalls;343;Teco;idle;true;11;1730.0;1000.0;1690.0;843.5
BounceBalls;344;Tico;idle;true;11;190.0;1000.0;230.0;843.5
BounceBalls;344;Teco;idle;true;11;1730.0;1000.0;1690.0;843.5
BounceBalls;345;Tico;idle;true;11;190.0;1000.0;230.0;843.5
BounceBalls;345;Teco;idle;true;11;1730.0;1000.0;1690.0;843.5
BounceBalls;346;Tico;idle;true;12;190.0;1000.0;230.0;843.5
BounceBalls;346;Teco;idle;true;12;1730.0;1000.0;1690.0;843.5
BounceBalls;347;Tico;idle;true;12;190.0;1000.0;230.0;843.5
BounceBalls;347;Teco;idle;true;12;1730.0;1000.0;1690.0;843.5
BounceBalls;348;Tico;idle;true;12;190.0;1000.0;230.0;843.5
BounceBalls;348;Teco;idle;true;12;1730.0;1000.0;1690.0;843.5
BounceBalls;349;Tico;idle;true;1;190.0;1000.0;225.0;843.5
BounceBalls;349;Teco;idle;true;1;1730.0;1000.0;1695.0;843.5
BounceBalls;350;Tico;idle;true;1;190.0;1000.0;225.0;843.5
BounceBalls;350;Teco;idle;true;1;1730.0;1000.0;1695.0;843.5
BounceBalls;351;Tico;idle;true;1;190.0;1000.0;225.0;843.5
BounceBalls;351;Teco;idle;true;1;1730.0;1000.0;1695.0;843.5
BounceBalls;352;Tico;idle;true;1;190.0;1000.0;225.0;843.5
BounceBalls;352;Teco;idle;true;1;1730.0;1000.0;1695.0;843.5
BounceBalls;353;Tico;idle;true;2;190.0;1000.0;211.0;846.0
BounceBalls;353;Teco;idle;true;2;1730.0;1000.0;1709.0;846.0
BounceBalls;354;Tico;idle;true;2;190.0;1000.0;211.0;846.0
BounceBalls;354;Teco;idle;true;2;1730.0;1000.0;1709.0;846.0
BounceBalls;355;Tico;idle;true;2;190.0;1000.0;211.0;846.0
BounceBalls;355;Teco;idle;true;2;1730.0;1000.0;1709.0;846.0
BounceBalls;356;Tico;idle;true;3;190.0;1000.0;211.0;846.0
BounceBalls;356;Teco;idle;true;3;1730.0;1000.0;1709.0;846.0
BounceBalls;357;Tico;idle;true;3;190.0;1000.0;211.0;846.0
BounceBalls;357;Teco;idle;true;3;1730.0;1000.0;1709.0;846.0
BounceBalls;358;Tico;idle;true;3;190.0;1000.0;211.0;846.0
BounceBalls;358;Teco;idle;true;3;1730.0;1000.0;1709.0;846.0
BounceBalls;359;Tico;idle;true;4;190.0;1000.0;206.0;850.5
BounceBalls;359;Teco;idle;true;4;1730.0;1000.0;1714.0;850.5
BounceBalls;360;Tico;idle;true;4;190.0;1000.0;206.0;850.5
BounceBalls;360;Teco;idle;true;4;1730.0;1000.0;1714.0;850.5
BounceBalls;361;Tico;idle;true;4;190.0;1000.0;206.0;850.5
BounceBalls;361;Teco;idle;true;4;1730.0;1000.0;1714.0;850.5
BounceBalls;362;Tico;idle;true;4;190.0;1000.0;206.0;850.5
BounceBalls;362;Teco;idle;true;4;1730.0;1000.0;1714.0;850.5
BounceBalls;363;Tico;idle;true;5;190.0;1000.0;217.0;841.0
BounceBalls;363;Teco;throw;true;4;1730.0;1000.0;1692.5;847.0
BounceBalls;364;Tico;idle;true;5;190.0;1000.0;217.0;841.0
BounceBalls;364;Teco;throw;true;4;1730.0;1000.0;1692.5;847.0
BounceBalls;365;Tico;idle;true;5;190.0;1000.0;217.0;841.0
BounceBalls;365;Teco;throw;true;4;1730.0;1000.0;1692.5;847.0
BounceBalls;366;Tico;idle;true;6;190.0;1000.0;217.0;841.0
BounceBalls;366;Teco;throw;true;4;1730.0;1000.0;1692.5;847.0
BounceBalls;367;Tico;idle;true;6;190.0;1000.0;217.0;841.0
BounceBalls;367;Teco;throw;true;4;1730.0;1000.0;1692.5;847.0
BounceBalls;368;Tico;idle;true;6;190.0;1000.0;217.0;841.0
BounceBalls;368;Teco;throw;true;4;1730.0;1000.0;1692.5;847.0
BounceBalls;369;Tico;idle;true;7;190.0;1000.0;226.5;841.0
BounceBalls;369;Teco;throw;true;4;1730.0;1000.0;1692.5;847.0
BounceBalls;370;Tico;idle;true;7;190.0;1000.0;226.5;841.0
BounceBalls;370;Teco;throw;true;4;1730.0;1000.0;1692.5;847.0
BounceBalls;371;Tico;idle;true;7;190.0;1000.0;226.5;841.0
BounceBalls;371;Teco;throw;true;4;1730.0;1000.0;1692.5;847.0
BounceBalls;372;Tico;idle;true;7;190.0;1000.0;226.5;841.0
BounceBalls;372;Teco;throw;true;4;1730.0;1000.0;1692.5;847.0
BounceBalls;373;Tico;idle;true;8;190.0;1000.0;226.5;841.0
BounceBalls;373;Teco;throw;true;4;1730.0;1000.0;1692.5;847.0
BounceBalls;374;Tico;idle;true;8;190.0;1000.0;226.5;841.0
BounceBalls;374;Teco;throw;true;3;1730.0;1000.0;1707.5;828.5
BounceBalls;375;Tico;idle;true;8;190.0;1000.0;226.5;841.0
BounceBalls;375;Teco;throw;true;3;1730.0;1000.0;1707.5;828.5
BounceBalls;376;Tico;idle;true;9;190.0;1000.0;224.0;835.5
BounceBalls;376;Teco;throw;true;3;1730.0;1000.0;1707.5;828.5
BounceBalls;377;Tico;idle;true;9;190.0;1000.0;224.0;835.5
BounceBalls;377;Teco;throw;true;3;1730.0;1000.0;1707.5;828.5
BounceBalls;378;Tico;idle;true;9;190.0;1000.0;224.0;835.5
BounceBalls;378;Teco;throw;true;3;1730.0;1000.0;1707.5;828.5
BounceBalls;379;Tico;idle;true;10;190.0;1000.0;209.0;846.5
BounceBalls;379;Teco;throw;true;3;1730.0;1000.0;1707.5;828.5
BounceBalls;380;Tico;idle;true;10;190.0;1000.0;209.0;846.5
BounceBalls;380;Teco;throw;true;3;1730.0;1000.0;1707.5;828.5
BounceBalls;381;Tico;idle;true;10;190.0;1000.0;209.0;846.5
BounceBalls;381;Teco;throw;true;3;1730.0;1000.0;1707.5;828.5
BounceBalls;382;Tico;idle;true;10;190.0;1000.0;209.0;846.5
BounceBalls;382;Teco;throw;true;2;1730.0;1000.0;1701.0;834.0
BounceBalls;383;Tico;idle;true;11;190.0;1000.0;230.0;843.5
BounceBalls;383;Teco;throw;true;2;1730.0;1000.0;1701.0;834.0
BounceBalls;384;Tico;idle;true;11;190.0;1000.0;230.0;843.5
BounceBalls;384;Teco;throw;true;2;1730.0;1000.0;1701.0;834.0
BounceBalls;385;Tico;idle;true;11;190.0;1000.0;230.0;843.5
BounceBalls;385;Teco;idle;true;11;1730.0;1000.0;1690.0;843.5
BounceBalls;386;Tico;idle;true;12;190.0;1000.0;230.0;843.5
BounceBalls;386;Teco;idle;true;12;1730.0;1000.0;1690.0;843.5
BounceBalls;387;Tico;idle;true;12;190.0;1000.0;230.0;843.5
BounceBalls;387;Teco;idle;true;12;1730.0;1000.0;1690.0;843.5
BounceBalls;388;Tico;idle;true;12;190.0;1000.0;230.0;843.5
BounceBalls;388;Teco;idle;true;12;1730.0;1000.0;1690.0;843.5
BounceBalls;389;Tico;idle;true;1;190.0;1000.0;225.0;843.5
BounceBalls;389;Teco;idle;true;1;1730.0;1000.0;1695.0;843.5
BounceBalls;390;Tico;idle;true;1;190.0;1000.0;225.0;843.5
BounceBalls;390;Teco;idle;true;1;1730.0;1000.0;1695.0;843.5
BounceBalls;391;Tico;idle;true;1;190.0;1000.0;225.0;843.5
BounceBalls;391;Teco;idle;true;1;1730.0;1000.0;1695.0;843.5
BounceBalls;392;Tico;idle;true;1;190.0;1000.0;225.0;843.5
BounceBalls;392;Teco;idle;true;1;1730.0;1000.0;1695.0;843.5
BounceBalls;393;Tico;idle;true;2;190.0;1000.0;211.0;846.0
BounceBalls;393;Teco;idle;true;2;1730.0;1000.0;1709.0;846.0
BounceBalls;394;Tico;idle;true;2;190.0;1000.0;211.0;846.0
BounceBalls;394;Teco;idle;true;2;1730.0;1000.0;1709.0;846.0
BounceBalls;395;Tico;idle;true;2;190.0;1000.0;211.0;846.0
BounceBalls;395;Teco;idle;true;2;1730.0;1000.0;1709.0;846.0
BounceBalls;396;Tico;idle;true;3;190.0;1000.0;211.0;846.0
BounceBalls;396;Teco;idle;true;3;1730.0;1000.0;1709.0;846.0
BounceBalls;397;Tico;idle;true;3;190.0;1000.0;211.0;846.0
BounceBalls;397;Teco;idle;true;3;1730.0;1000.0;1709.0;846.0
BounceBalls;398;Tico;idle;true;3;190.0;1000.0;211.0;846.0
BounceBalls;398;Teco;idle;true;3;1730.0;1000.0;1709.0;846.0
BounceBalls;399;Tico;idle;true;4;190.0;1000.0;206.0;850.5
BounceBalls;399;Teco;idle;true;4;1730.0;1000.0;1714.0;850.5
BounceBalls;400;Tico;idle;true;4;190.0;1000.0;206.0;850.5
BounceBalls;400;Teco;idle;true;4;1730.0;1000.0;1714.0;850.5
BounceBalls;401;Tico;idle;true;4;190.0;1000.0;206.0;850.5
BounceBalls;401;Teco;idle;true;4;1730.0;1000.0;1714.0;850.5
BounceBalls;402;Tico;idle;true;4;190.0;1000.0;206.0;850.5
BounceBalls;402;Teco;idle;true;4;1730.0;1000.0;1714.0;850.5
BounceBalls;403;Tico;idle;true;5;190.0;1000.0;217.0;841.0
BounceBalls;403;Teco;idle;true;5;1730.0;1000.0;1703.0;841.0
BounceBalls;404;Tico;idle;true;5;190.0;1000.0;217.0;841.0
BounceBalls;404;Teco;idle;true;5;1730.0;1000.0;1703.0;841.0
BounceBalls;405;Tico;idle;true;5;190.0;1000.0;217.0;841.0
BounceBalls;405;Teco;idle;true;5;1730.0;1000.0;1703.0;841.0
BounceBalls;406;Tico;idle;true;6;190.0;1000.0;217.0;841.0
BounceBalls;406;Teco;throw;true;4;1730.0;1000.0;1692.5;847.0
BounceBalls;407;Tico;idle;true;6;190.0;1000.0;217.0;841.0
BounceBalls;407;Teco;throw;true;4;1730.0;1000.0;1692.5;847.0
BounceBalls;408;Tico;idle;true;6;190.0;1000.0;217.0;841.0
BounceBalls;408;Teco;throw;true;4;1730.0;1000.0;1692.5;847.0
BounceBalls;409;Tico;idle;true;7;190.0;1000.0;226.5;841.0
BounceBalls;409;Teco;throw;true;4;1730.0;1000.0;1692.5;847.0
BounceBalls;410;Tico;idle;true;7;190.0;1000.0;226.5;841.0
BounceBalls;410;Teco;throw;true;4;1730.0;1000.0;1692.5;847.0
BounceBalls;411;Tico;idle;true;7;190.0;1000.0;226.5;841.0
BounceBalls;411;Teco;throw;true;4;1730.0;1000.0;1692.5;847.0
BounceBalls;412;Tico;idle;true;7;190.0;1000.0;226.5;841.0
BounceBalls;412;Teco;throw;true;4;1730.0;1000.0;1692.5;847.0
BounceBalls;413;Tico;idle;true;8;190.0;1000.0;226.5;841.0
BounceBalls;413;Teco;throw;true;4;1730.0;1000.0;1692.5;847.0
BounceBalls;414;Tico;idle;true;8;190.0;1000.0;226.5;841.0
BounceBalls;414;Teco;throw;true;4;1730.0;1000.0;1692.5;847.0
BounceBalls;415;Tico;idle;true;8;190.0;1000.0;226.5;841.0
BounceBalls;415;Teco;throw;true;4;1730.0;1000.0;1692.5;847.0
BounceBalls;416;Tico;idle;true;9;190.0;1000.0;224.0;835.5
BounceBalls;416;Teco;throw;true;4;1730.0;1000.0;1692.5;847.0
BounceBalls;417;Tico;idle;true;9;190.0;1000.0;224.0;835.5
BounceBalls;417;Teco;throw;true;3;1730.0;1000.0;1707.5;828.5
BounceBalls;418;Tico;idle;true;9;190.0;1000.0;224.0;835.5
BounceBalls;418;Teco;throw;true;3;1730.0;1000.0;1707.5;828.5
BounceBalls;419;Tico;idle;true;10;190.0;1000.0;209.0;846.5
BounceBalls;419;Teco;throw;true;3;1730.0;1000.0;1707.5;828.5
BounceBalls;420;Tico;idle;true;10;190.0;1000.0;209.0;846.5
BounceBalls;420;Teco;throw;true;3;1730.0;1000.0;1707.5;828.5
BounceBalls;421;Tico;idle;true;10;190.0;1000.0;209.0;846.5
BounceBalls;421;Teco;throw;true;3;1730.0;1000.0;1707.5;828.5
BounceBalls;422;Tico;idle;true;10;190.0;1000.0;209.0;846.5
BounceBalls;422;Teco;throw;true;3;1730.0;1000.0;1707.5;828.5
BounceBalls;423;Tico;idle;true;11;190.0;1000.0;230.0;843.5
BounceBalls;423;Teco;throw;true;3;1730.0;1000.0;1707.5;828.5
BounceBalls;424;Tico;idle;true;11;190.0;1000.0;230.0;843.5
BounceBalls;424;Teco;throw;true;3;1730.0;1000.0;1707.5;828.5
BounceBalls;425;Tico;idle;true;11;190.0;1000.0;230.0;843.5
BounceBalls;425;Teco;throw;true;2;1730.0;1000.0;1701.0;834.0
BounceBalls;426;Tico;idle;true;12;190.0;1000.0;230.0;843.5
BounceBalls;426;Teco;throw;true;2;1730.0;1000.0;1701.0;834.0
BounceBalls;427;Tico;idle;true;12;190.0;1000.0;230.0;843.5
BounceBalls;427;Teco;idle;true;12;1730.0;1000.0;1690.0;843.5
BounceBalls;428;Tico;idle;true;12;190.0;1000.0;230.0;843.5
BounceBalls;428;Teco;idle;true;12;1730.0;1000.0;1690.0;843.5
BounceBalls;429;Tico;idle;true;1;190.0;1000.0;225.0;843.5
BounceBalls;429;Teco;idle;true;1;1730.0;1000.0;1695.0;843.5
BounceBalls;430;Tico;idle;true;1;190.0;1000.0;225.0;843.5
BounceBalls;430;Teco;idle;true;1;1730.0;1000.0;1695.0;843.5
BounceBalls;431;Tico;idle;true;1;190.0;1000.0;225.0;843.5
BounceBalls;431;Teco;idle;true;1;1730.0;1000.0;1695.0;843.5
BounceBalls;432;Tico;idle;true;1;190.0;1000.0;225.0;843.5
BounceBalls;432;Teco;idle;true;1;1730.0;1000.0;1695.0;843.5
BounceBalls;433;Tico;idle;true;2;190.0;1000.0;211.0;846.0
BounceBalls;433;Teco;idle;true;2;1730.0;1000.0;1709.0;846.0
BounceBalls;434;Tico;idle;true;2;190.0;1000.0;211.0;846.0
BounceBalls;434;Teco;idle;true;2;1730.0;1000.0;1709.0;846.0
BounceBalls;435;Tico;idle;true;2;190.0;1000.0;211.0;846.0
BounceBalls;435;Teco;idle;true;2;1730.0;1000.0;1709.0;846.0
BounceBalls;436;Tico;idle;true;3;190.0;1000.0;211.0;846.0
BounceBalls;436;Teco;idle;true;3;1730.0;1000.0;1709.0;846.0
BounceBalls;437;Tico;idle;true;3;190.0;1000.0;211.0;846.0
BounceBalls;437;Teco;idle;true;3;1730.0;1000.0;1709.0;846.0
BounceBalls;438;Tico;idle;true;3;190.0;1000.0;211.0;846.0
BounceBalls;438;Teco;idle;true;3;1730.0;1000.0;1709.0;846.0
BounceBalls;439;Tico;idle;true;4;190.0;1000.0;206.0;850.5
BounceBalls;439;Teco;idle;true;4;1730.0;1000.0;1714.0;850.5
BounceBalls;440;Tico;idle;true;4;190.0;1000.0;206.0;850.5
BounceBalls;440;Teco;idle;true;4;1730.0;1000.0;1714.0;850.5
BounceBalls;441;Tico;idle;true;4;190.0;1000.0;206.0;850.5
BounceBalls;441;Teco;idle;true;4;1730.0;1000.0;1714.0;850.5
BounceBalls;442;Tico;idle;true;4;190.0;1000.0;206.0;850.5
BounceBalls;442;Teco;idle;true;4;1730.0;1000.0;1714.0;850.5
BounceBalls;443;Tico;idle;true;5;190.0;1000.0;217.0;841.0
BounceBalls;443;Teco;idle;true;5;1730.0;1000.0;1703.0;841.0
BounceBalls;444;Tico;idle;true;5;190.0;1000.0;217.0;841.0
BounceBalls;444;Teco;idle;true;5;1730.0;1000.0;1703.0;841.0
BounceBalls;445;Tico;idle;true;5;190.0;1000.0;217.0;841.0
BounceBalls;445;Teco;idle;true;5;1730.0;1000.0;1703.0;841.0
BounceBalls;446;Tico;idle;true;6;190.0;1000.0;217.0;841.0
BounceBalls;446;Teco;idle;true;6;1730.0;1000.0;1703.0;841.0
BounceBalls;447;Tico;idle;true;6;190.0;1000.0;217.0;841.0
BounceBalls;447;Teco;idle;true;6;1730.0;1000.0;1703.0;841.0
BounceBalls;448;Tico;idle;true;6;190.0;1000.0;217.0;841.0
BounceBalls;448;Teco;idle;true;6;1730.0;1000.0;1703.0;841.0
BounceBalls;449;Tico;idle;true;7;190.0;1000.0;226.5;841.0
BounceBalls;449;Teco;idle;true;7;1730.0;1000.0;1693.5;841.0
BounceBalls;450;Tico;idle;true;7;190.0;1000.0;226.5;841.0
BounceBalls;450;Teco;idle;true;7;1730.0;1000.0;1693.5;841.0
BounceBalls;451;Tico;idle;true;7;190.0;1000.0;226.5;841.0
BounceBalls;451;Teco;idle;true;7;1730.0;1000.0;1693.5;841.0
BounceBalls;452;Tico;idle;true;7;190.0;1000.0;226.5;841.0
BounceBalls;452;Teco;idle;true;7;1730.0;1000.0;1693.5;841.0
BounceBalls;453;Tico;idle;true;8;190.0;1000.0;226.5;841.0
BounceBalls;453;Teco;idle;true;8;1730.0;1000.0;1693.5;841.0
BounceBalls;454;Tico;idle;true;8;190.0;1000.0;226.5;841.0
BounceBalls;454;Teco;idle;true;8;1730.0;1000.0;1693.5;841.0
BounceBalls;455;Tico;idle;true;8;190.0;1000.0;226.5;841.0
BounceBalls;455;Teco;idle;true;8;1730.0;1000.0;1693.5;841.0
BounceBalls;456;Tico;idle;true;9;190.0;1000.0;224.0;835.5
BounceBalls;456;Teco;idle;true;9;1730.0;1000.0;1696.0;835.5
BounceBalls;457;Tico;idle;true;9;190.0;1000.0;224.0;835.5
BounceBalls;457;Teco;idle;true;9;1730.0;1000.0;1696.0;835.5
BounceBalls;458;Tico;idle;true;9;190.0;1000.0;224.0;835.5
BounceBalls;458;Teco;idle;true;9;1730.0;1000.0;1696.0;835.5
BounceBalls;459;Tico;idle;true;10;190.0;1000.0;209.0;846.5
BounceBalls;459;Teco;idle;true;10;1730.0;1000.0;1711.0;846.5
BounceBalls;460;Tico;idle;true;10;190.0;1000.0;209.0;846.5
BounceBalls;460;Teco;idle;true;10;1730.0;1000.0;1711.0;846.5
BounceBalls;461;Tico;idle;true;10;190.0;1000.0;209.0;846.5
BounceBalls;461;Teco;idle;true;10;1730.0;1000.0;1711.0;846.5
BounceBalls;462;Tico;idle;true;10;190.0;1000.0;209.0;846.5
BounceBalls;462;Teco;idle;true;10;1730.0;1000.0;1711.0;846.5
BounceBalls;463;Tico;idle;true;11;190.0;1000.0;230.0;843.5
BounceBalls;463;Teco;idle;true;11;1730.0;1000.0;1690.0;843.5
BounceBalls;464;Tico;idle;true;11;190.0;1000.0;230.0;843.5
BounceBalls;464;Teco;idle;true;11;1730.0;1000.0;1690.0;843.5
BounceBalls;465;Tico;idle;true;11;190.0;1000.0;230.0;843.5
BounceBalls;465;Teco;idle;true;11;1730.0;1000.0;1690.0;843.5
BounceBalls;466;Tico;idle;true;12;190.0;1000.0;230.0;843.5
BounceBalls;466;Teco;idle;true;12;1730.0;1000.0;1690.0;843.5
BounceBalls;467;Tico;idle;true;12;190.0;1000.0;230.0;843.5
BounceBalls;467;Teco;idle;true;12;1730.0;1000.0;1690.0;843.5
BounceBalls;468;Tico;idle;true;12;190.0;1000.0;230.0;843.5
BounceBalls;468;Teco;idle;true;12;1730.0;1000.0;1690.0;843.5
BounceBalls;469;Tico;idle;true;1;190.0;1000.0;225.0;843.5
BounceBalls;469;Teco;idle;true;1;1730.0;1000.0;1695.0;843.5
BounceBalls;470;Tico;idle;true;1;190.0;1000.0;225.0;843.5
BounceBalls;470;Teco;idle;true;1;1730.0;1000.0;1695.0;843.5
BounceBalls;471;Tico;idle;true;1;190.0;1000.0;225.0;843.5
BounceBalls;471;Teco;idle;true;1;1730.0;1000.0;1695.0;843.5
BounceBalls;472;Tico;idle;true;1;190.0;1000.0;225.0;843.5
BounceBalls;472;Teco;idle;true;1;1730.0;1000.0;1695.0;843.5
BounceBalls;473;Tico;idle;true;2;190.0;1000.0;211.0;846.0
BounceBalls;473;Teco;idle;true;2;1730.0;1000.0;1709.0;846.0
BounceBalls;474;Tico;idle;true;2;190.0;1000.0;211.0;846.0
BounceBalls;474;Teco;idle;true;2;1730.0;1000.0;1709.0;846.0
BounceBalls;475;Tico;idle;true;2;190.0;1000.0;211.0;846.0
BounceBalls;475;Teco;idle;true;2;1730.0;1000.0;1709.0;846.0
BounceBalls;476;Tico;idle;true;3;190.0;1000.0;211.0;846.0
BounceBalls;476;Teco;idle;true;3;1730.0;1000.0;1709.0;846.0
BounceBalls;477;Tico;idle;true;3;190.0;1000.0;211.0;846.0
BounceBalls;477;Teco;idle;true;3;1730.0;1000.0;1709.0;846.0
BounceBalls;478;Tico;idle;true;3;190.0;1000.0;211.0;846.0
BounceBalls;478;Teco;idle;true;3;1730.0;1000.0;1709.0;846.0
BounceBalls;479;Tico;idle;true;4;190.0;1000.0;206.0;850.5
BounceBalls;479;Teco;idle;true;4;1730.0;1000.0;1714.0;850.5
BounceBalls;480;Tico;idle;true;4;190.0;1000.0;206.0;850.5
BounceBalls;480;Teco;idle;true;4;1730.0;1000.0;1714.0;850.5
BounceBalls;481;Tico;idle;true;4;190.0;1000.0;206.0;850.5
BounceBalls;481;Teco;idle;true;4;1730.0;1000.0;1714.0;850.5
BounceBalls;482;Tico;idle;true;4;190.0;1000.0;206.0;850.5
BounceBalls;482;Teco;idle;true;4;1730.0;1000.0;1714.0;850.5
BounceBalls;483;Tico;idle;true;5;190.0;1000.0;217.0;841.0
BounceBalls;483;Teco;idle;true;5;1730.0;1000.0;1703.0;841.0
BounceBalls;484;Tico;idle;true;5;190.0;1000.0;217.0;841.0
BounceBalls;484;Teco;idle;true;5;1730.0;1000.0;1703.0;841.0
BounceBalls;485;Tico;idle;true;5;190.0;1000.0;217.0;841.0
BounceBalls;485;Teco;idle;true;5;1730.0;1000.0;1703.0;841.0
BounceBalls;486;Tico;idle;true;6;190.0;1000.0;217.0;841.0
BounceBalls;486;Teco;idle;true;6;1730.0;1000.0;1703.0;841.0
BounceBalls;487;Tico;idle;true;6;190.0;1000.0;217.0;841.0
BounceBalls;487;Teco;idle;true;6;1730.0;1000.0;1703.0;841.0
BounceBalls;488;Tico;idle;true;6;190.0;1000.0;217.0;841.0
BounceBalls;488;Teco;idle;true;6;1730.0;1000.0;1703.0;841.0
BounceBalls;489;Tico;idle;true;7;190.0;1000.0;226.5;841.0
BounceBalls;489;Teco;idle;true;7;1730.0;1000.0;1693.5;841.0
BounceBalls;490;Tico;idle;true;7;190.0;1000.0;226.5;841.0
BounceBalls;490;Teco;idle;true;7;1730.0;1000.0;1693.5;841.0
BounceBalls;491;Tico;idle;true;7;190.0;1000.0;226.5;841.0
BounceBalls;491;Teco;idle;true;7;1730.0;1000.0;1693.5;841.0
BounceBalls;492;Tico;idle;true;7;190.0;1000.0;226.5;841.0
BounceBalls;492;Teco;idle;true;7;1730.0;1000.0;1693.5;841.0
BounceBalls;493;Tico;idle;true;8;190.0;1000.0;226.5;841.0
BounceBalls;493;Teco;idle;true;8;1730.0;1000.0;1693.5;841.0
BounceBalls;494;Tico;idle;true;8;190.0;1000.0;226.5;841.0
BounceBalls;494;Teco;idle;true;8;1730.0;1000.0;1693.5;841.0
BounceBalls;495;Tico;idle;true;8;190.0;1000.0;226.5;841.0
BounceBalls;495;Teco;idle;true;8;1730.0;1000.0;1693.5;841.0
BounceBalls;496;Tico;idle;true;9;190.0;1000.0;224.0;835.5
BounceBalls;496;Teco;idle;true;9;1730.0;1000.0;1696.0;835.5
BounceBalls;497;Tico;idle;true;9;190.0;1000.0;224.0;835.5
BounceBalls;497;Teco;idle;true;9;1730.0;1000.0;1696.0;835.5
BounceBalls;498;Tico;idle;true;9;190.0;1000.0;224.0;835.5
BounceBalls;498;Teco;idle;true;9;1730.0;1000.0;1696.0;835.5
BounceBalls;499;Tico;idle;true;10;190.0;1000.0;209.0;846.5
BounceBalls;499;Teco;idle;true;10;1730.0;1000.0;1711.0;846.5
BounceBalls;500;Tico;idle;true;10;190.0;1000.0;209.0;846.5
BounceBalls;500;Teco;idle;true;10;1730.0;1000.0;1711.0;846.5
BounceBalls;501;Tico;idle;true;10;190.0;1000.0;209.0;846.5
BounceBalls;501;Teco;idle;true;10;1730.0;1000.0;1711.0;846.5
BounceBalls;502;Tico;idle;true;10;190.0;1000.0;209.0;846.5
BounceBalls;502;Teco;idle;true;10;1730.0;1000.0;1711.0;846.5
BounceBalls;503;Tico;idle;true;11;190.0;1000.0;230.0;843.5
BounceBalls;503;Teco;idle;true;11;1730.0;1000.0;1690.0;843.5
BounceBalls;504;Tico;idle;true;11;190.0;1000.0;230.0;843.5
BounceBalls;504;Teco;idle;true;11;1730.0;1000.0;1690.0;843.5
BounceBalls;505;Tico;idle;true;11;190.0;1000.0;230.0;843.5
BounceBalls;505;Teco;idle;true;11;1730.0;1000.0;1690.0;843.5
BounceBalls;506;Tico;idle;true;12;190.0;1000.0;230.0;843.5
BounceBalls;506;Teco;idle;true;12;1730.0;1000.0;1690.0;843.5
BounceBalls;507;Tico;idle;true;12;190.0;1000.0;230.0;843.5
BounceBalls;507;Teco;idle;true;12;1730.0;1000.0;1690.0;843.5
BounceBalls;508;Tico;idle;true;12;190.0;1000.0;230.0;843.5
BounceBalls;508;Teco;idle;true;12;1730.0;1000.0;1690.0;843.5
BounceBalls;509;Tico;idle;true;1;190.0;1000.0;225.0;843.5
BounceBalls;509;Teco;idle;true;1;1730.0;1000.0;1695.0;843.5
BounceBalls;510;Tico;idle;true;1;190.0;1000.0;225.0;843.5
BounceBalls;510;Teco;idle;true;1;1730.0;1000.0;1695.0;843.5
BounceBalls;511;Tico;idle;true;1;190.0;1000.0;225.0;843.5
BounceBalls;511;Teco;idle;true;1;1730.0;1000.0;1695.0;843.5
BounceBalls;512;Tico;idle;true;1;190.0;1000.0;225.0;843.5
BounceBalls;512;Teco;idle;true;1;1730.0;1000.0;1695.0;843.5
BounceBalls;513;Tico;idle;true;2;190.0;1000.0;211.0;846.0
BounceBalls;513;Teco;idle;true;2;1730.0;1000.0;1709.0;846.0
BounceBalls;514;Tico;idle;true;2;190.0;1000.0;211.0;846.0
BounceBalls;514;Teco;idle;true;2;1730.0;1000.0;1709.0;846.0
BounceBalls;515;Tico;idle;true;2;190.0;1000.0;211.0;846.0
BounceBalls;515;Teco;idle;true;2;1730.0;1000.0;1709.0;846.0
BounceBalls;516;Tico;idle;true;3;190.0;1000.0;211.0;846.0
BounceBalls;516;Teco;idle;true;3;1730.0;1000.0;1709.0;846.0
BounceBalls;517;Tico;idle;true;3;190.0;1000.0;211.0;846.0
BounceBalls;517;Teco;idle;true;3;1730.0;1000.0;1709.0;846.0
BounceBalls;518;Tico;idle;true;3;190.0;1000.0;211.0;846.0
BounceBalls;518;Teco;idle;true;3;1730.0;1000.0;1709.0;846.0
BounceBalls;519;Tico;idle;true;4;190.0;1000.0;206.0;850.5
BounceBalls;519;Teco;idle;true;4;1730.0;1000.0;1714.0;850.5
BounceBalls;520;Tico;idle;true;4;190.0;1000.0;206.0;850.5
BounceBalls;520;Teco;idle;true;4;1730.0;1000.0;1714.0;850.5
BounceBalls;521;Tico;idle;true;4;190.0;1000.0;206.0;850.5
BounceBalls;521;Teco;idle;true;4;1730.0;1000.0;1714.0;850.5
BounceBalls;522;Tico;idle;true;4;190.0;1000.0;206.0;850.5
BounceBalls;522;Teco;idle;true;4;1730.0;1000.0;1714.0;850.5
BounceBalls;523;Tico;idle;true;5;190.0;1000.0;217.0;841.0
BounceBalls;523;Teco;idle;true;5;1730.0;1000.0;1703.0;841.0
BounceBalls;524;Tico;idle;true;5;190.0;1000.0;217.0;841.0
BounceBalls;524;Teco;idle;true;5;1730.0;1000.0;1703.0;841.0
BounceBalls;525;Tico;idle;true;5;190.0;1000.0;217.0;841.0
BounceBalls;525;Teco;idle;true;5;1730.0;1000.0;1703.0;841.0
BounceBalls;526;Tico;idle;true;6;190.0;1000.0;217.0;841.0
BounceBalls;526;Teco;idle;true;6;1730.0;1000.0;1703.0;841.0
BounceBalls;527;Tico;idle;true;6;190.0;1000.0;217.0;841.0
BounceBalls;527;Teco;idle;true;6;1730.0;1000.0;1703.0;841.0
BounceBalls;528;Tico;idle;true;6;190.0;1000.0;217.0;841.0
BounceBalls;528;Teco;idle;true;6;1730.0;1000.0;1703.0;841.0
BounceBalls;529;Tico;idle;true;7;190.0;1000.0;226.5;841.0
BounceBalls;529;Teco;idle;true;7;1730.0;1000.0;1693.5;841.0
BounceBalls;530;Tico;idle;true;7;190.0;1000.0;226.5;841.0
BounceBalls;530;Teco;idle;true;7;1730.0;1000.0;1693.5;841.0
BounceBalls;531;Tico;idle;true;7;190.0;1000.0;226.5;841.0
BounceBalls;531;Teco;idle;true;7;1730.0;1000.0;1693.5;841.0
BounceBalls;532;Tico;idle;true;7;190.0;1000.0;226.5;841.0
BounceBalls;532;Teco;idle;true;7;1730.0;1000.0;1693.5;841.0
BounceBalls;533;Tico;idle;true;8;190.0;1000.0;226.5;841.0
BounceBalls;533;Teco;idle;true;8;1730.0;1000.0;1693.5;841.0
BounceBalls;534;Tico;idle;true;8;190.0;1000.0;226.5;841.0
BounceBalls;534;Teco;idle;true;8;1730.0;1000.0;1693.5;841.0
BounceBalls;535;Tico;idle;true;8;190.0;1000.0;226.5;841.0
BounceBalls;535;Teco;idle;true;8;1730.0;1000.0;1693.5;841.0
BounceBalls;536;Tico;idle;true;9;190.0;1000.0;224.0;835.5
BounceBalls;536;Teco;idle;true;9;1730.0;1000.0;1696.0;835.5
BounceBalls;537;Tico;idle;true;9;190.0;1000.0;224.0;835.5
BounceBalls;537;Teco;idle;true;9;1730.0;1000.0;1696.0;835.5
BounceBalls;538;Tico;idle;true;9;190.0;1000.0;224.0;835.5
BounceBalls;538;Teco;idle;true;9;1730.0;1000.0;1696.0;835.5
BounceBalls;539;Tico;idle;true;10;190.0;1000.0;209.0;846.5
BounceBalls;539;Teco;idle;true;10;1730.0;1000.0;1711.0;846.5
BounceBalls;540;Tico;idle;true;10;190.0;1000.0;209.0;846.5
BounceBalls;540;Teco;idle;true;10;1730.0;1000.0;1711.0;846.5
BounceBalls;541;Tico;idle;true;10;190.0;1000.0;209.0;846.5
BounceBalls;541;Teco;idle;true;10;1730.0;1000.0;1711.0;846.5
BounceBalls;542;Tico;idle;true;10;190.0;1000.0;209.0;846.5
BounceBalls;542;Teco;idle;true;10;1730.0;1000.0;1711.0;846.5
BounceBalls;543;Tico;idle;true;11;190.0;1000.0;230.0;843.5
BounceBalls;543;Teco;idle;true;11;1730.0;1000.0;1690.0;843.5
BounceBalls;544;Tico;idle;true;11;190.0;1000.0;230.0;843.5
BounceBalls;544;Teco;idle;true;11;1730.0;1000.0;1690.0;843.5
BounceBalls;545;Tico;idle;true;11;190.0;1000.0;230.0;843.5
BounceBalls;545;Teco;idle;true;11;1730.0;1000.0;1690.0;843.5
BounceBalls;546;Tico;idle;true;12;190.0;1000.0;230.0;843.5
BounceBalls;546;Teco;idle;true;12;1730.0;1000.0;1690.0;843.5
BounceBalls;547;Tico;idle;true;12;190.0;1000.0;230.0;843.5
BounceBalls;547;Teco;idle;true;12;1730.0;1000.0;1690.0;843.5
BounceBalls;548;Tico;idle;true;12;190.0;1000.0;230.0;843.5
BounceBalls;548;Teco;idle;true;12;1730.0;1000.0;1690.0;843.5
BounceBalls;549;Tico;idle;true;1;190.0;1000.0;225.0;843.5
BounceBalls;549;Teco;idle;true;1;1730.0;1000.0;1695.0;843.5
BounceBalls;550;Tico;idle;true;1;190.0;1000.0;225.0;843.5
BounceBalls;550;Teco;idle;true;1;1730.0;1000.0;1695.0;843.5
BounceBalls;551;Tico;idle;true;1;190.0;1000.0;225.0;843.5
BounceBalls;551;Teco;idle;true;1;1730.0;1000.0;1695.0;843.5
BounceBalls;552;Tico;idle;true;1;190.0;1000.0;225.0;843.5
BounceBalls;552;Teco;idle;true;1;1730.0;1000.0;1695.0;843.5
BounceBalls;553;Tico;idle;true;2;190.0;1000.0;211.0;846.0
BounceBalls;553;Teco;idle;true;2;1730.0;1000.0;1709.0;846.0
BounceBalls;554;Tico;idle;true;2;190.0;1000.0;211.0;846.0
BounceBalls;554;Teco;idle;true;2;1730.0;1000.0;1709.0;846.0
BounceBalls;555;Tico;idle;true;2;190.0;1000.0;211.0;846.0
BounceBalls;555;Teco;idle;true;2;1730.0;1000.0;1709.0;846.0
BounceBalls;556;Tico;idle;true;3;190.0;1000.0;211.0;846.0
BounceBalls;556;Teco;idle;true;3;1730.0;1000.0;1709.0;846.0
BounceBalls;557;Tico;idle;true;3;190.0;1000.0;211.0;846.0
BounceBalls;557;Teco;idle;true;3;1730.0;1000.0;1709.0;846.0
BounceBalls;558;Tico;idle;true;3;190.0;1000.0;211.0;846.0
BounceBalls;558;Teco;idle;true;3;1730.0;1000.0;1709.0;846.0
BounceBalls;559;Tico;idle;true;4;190.0;1000.0;206.0;850.5
BounceBalls;559;Teco;idle;true;4;1730.0;1000.0;1714.0;850.5
BounceBalls;560;Tico;idle;true;4;190.0;1000.0;206.0;850.5
BounceBalls;560;Teco;idle;true;4;1730.0;1000.0;1714.0;850.5
BounceBalls;561;Tico;idle;true;4;190.0;1000.0;206.0;850.5
BounceBalls;561;Teco;idle;true;4;1730.0;1000.0;1714.0;850.5
BounceBalls;562;Tico;idle;true;4;190.0;1000.0;206.0;850.5
BounceBalls;562;Teco;idle;true;4;1730.0;1000.0;1714.0;850.5
BounceBalls;563;Tico;idle;true;5;190.0;1000.0;217.0;841.0
BounceBalls;563;Teco;idle;true;5;1730.0;1000.0;1703.0;841.0
BounceBalls;564;Tico;idle;true;5;190.0;1000.0;217.0;841.0
BounceBalls;564;Teco;idle;true;5;1730.0;1000.0;1703.0;841.0
BounceBalls;565;Tico;idle;true;5;190.0;1000.0;217.0;841.0
BounceBalls;565;Teco;idle;true;5;1730.0;1000.0;1703.0;841.0
BounceBalls;566;Tico;idle;true;6;190.0;1000.0;217.0;841.0
BounceBalls;566;Teco;idle;true;6;1730.0;1000.0;1703.0;841.0
BounceBalls;567;Tico;idle;true;6;190.0;1000.0;217.0;841.0
BounceBalls;567;Teco;idle;true;6;1730.0;1000.0;1703.0;841.0
BounceBalls;568;Tico;idle;true;6;190.0;1000.0;217.0;841.0
BounceBalls;568;Teco;idle;true;6;1730.0;1000.0;1703.0;841.0
BounceBalls;569;Tico;idle;true;7;190.0;1000.0;226.5;841.0
BounceBalls;569;Teco;idle;true;7;1730.0;1000.0;1693.5;841.0
BounceBalls;570;Tico;idle;true;7;190.0;1000.0;226.5;841.0
BounceBalls;570;Teco;idle;true;7;1730.0;1000.0;1693.5;841.0
BounceBalls;571;Tico;idle;true;7;190.0;1000.0;226.5;841.0
BounceBalls;571;Teco;idle;true;7;1730.0;1000.0;1693.5;841.0
BounceBalls;572;Tico;idle;true;7;190.0;1000.0;226.5;841.0
BounceBalls;572;Teco;idle;true;7;1730.0;1000.0;1693.5;841.0
BounceBalls;573;Tico;idle;true;8;190.0;1000.0;226.5;841.0
BounceBalls;573;Teco;idle;true;8;1730.0;1000.0;1693.5;841.0
BounceBalls;574;Tico;idle;true;8;190.0;1000.0;226.5;841.0
BounceBalls;574;Teco;idle;true;8;1730.0;1000.0;1693.5;841.0
BounceBalls;575;Tico;idle;true;8;190.0;1000.0;226.5;841.0
BounceBalls;575;Teco;idle;true;8;1730.0;1000.0;1693.5;841.0
BounceBalls;576;Tico;idle;true;9;190.0;1000.0;224.0;835.5
BounceBalls;576;Teco;idle;true;9;1730.0;1000.0;1696.0;835.5
BounceBalls;577;Tico;idle;true;9;190.0;1000.0;224.0;835.5
BounceBalls;577;Teco;idle;true;9;1730.0;1000.0;1696.0;835.5
BounceBalls;578;Tico;idle;true;9;190.0;1000.0;224.0;835.5
BounceBalls;578;Teco;idle;true;9;1730.0;1000.0;1696.0;835.5
BounceBalls;579;Tico;idle;true;10;190.0;1000.0;209.0;846.5
BounceBalls;579;Teco;idle;true;10;1730.0;1000.0;1711.0;846.5
BounceBalls;580;Tico;idle;true;10;190.0;1000.0;209.0;846.5
BounceBalls;580;Teco;idle;true;10;1730.0;1000.0;1711.0;846.5
BounceBalls;581;Tico;idle;true;10;190.0;1000.0;209.0;846.5
BounceBalls;581;Teco;idle;true;10;1730.0;1000.0;1711.0;846.5
BounceBalls;582;Tico;idle;true;10;190.0;1000.0;209.0;846.5
BounceBalls;582;Teco;idle;true;10;1730.0;1000.0;1711.0;846.5
BounceBalls;583;Tico;idle;true;11;190.0;1000.0;230.0;843.5
BounceBalls;583;Teco;idle;true;11;1730.0;1000.0;1690.0;843.5
BounceBalls;584;Tico;idle;true;11;190.0;1000.0;230.0;843.5
BounceBalls;584;Teco;idle;true;11;1730.0;1000.0;1690.0;843.5
BounceBalls;585;Tico;idle;true;11;190.0;1000.0;230.0;843.5
BounceBalls;585;Teco;idle;true;11;1730.0;1000.0;1690.0;843.5
BounceBalls;586;Tico;idle;true;12;190.0;1000.0;230.0;843.5
BounceBalls;586;Teco;idle;true;12;1730.0;1000.0;1690.0;843.5
BounceBalls;587;Tico;idle;true;12;190.0;1000.0;230.0;843.5
BounceBalls;587;Teco;idle;true;12;1730.0;1000.0;1690.0;843.5
BounceBalls;588;Tico;idle;true;12;190.0;1000.0;230.0;843.5
BounceBalls;588;Teco;idle;true;12;1730.0;1000.0;1690.0;843.5
BounceBalls;589;Tico;idle;true;1;190.0;1000.0;225.0;843.5
BounceBalls;589;Teco;idle;true;1;1730.0;1000.0;1695.0;843.5
BounceBalls;590;Tico;idle;true;1;190.0;1000.0;225.0;843.5
BounceBalls;590;Teco;idle;true;1;1730.0;1000.0;1695.0;843.5
BounceBalls;591;Tico;idle;true;1;190.0;1000.0;225.0;843.5
BounceBalls;591;Teco;idle;true;1;1730.0;1000.0;1695.0;843.5
BounceBalls;592;Tico;idle;true;1;190.0;1000.0;225.0;843.5
BounceBalls;592;Teco;idle;true;1;1730.0;1000.0;1695.0;843.5
BounceBalls;593;Tico;idle;true;2;190.0;1000.0;211.0;846.0
BounceBalls;593;Teco;idle;true;2;1730.0;1000.0;1709.0;846.0
BounceBalls;594;Tico;idle;true;2;190.0;1000.0;211.0;846.0
BounceBalls;594;Teco;idle;true;2;1730.0;1000.0;1709.0;846.0
BounceBalls;595;Tico;idle;true;2;190.0;1000.0;211.0;846.0
BounceBalls;595;Teco;idle;true;2;1730.0;1000.0;1709.0;846.0
BounceBalls;596;Tico;idle;true;3;190.0;1000.0;211.0;846.0
BounceBalls;596;Teco;idle;true;3;1730.0;1000.0;1709.0;846.0
BounceBalls;597;Tico;idle;true;3;190.0;1000.0;211.0;846.0
BounceBalls;597;Teco;idle;true;3;1730.0;1000.0;1709.0;846.0
BounceBalls;598;Tico;idle;true;3;190.0;1000.0;211.0;846.0
BounceBalls;598;Teco;idle;true;3;1730.0;1000.0;1709.0;846.0
BounceBalls;599;Tico;idle;true;4;190.0;1000.0;206.0;850.5
BounceBalls;599;Teco;idle;true;4;1730.0;1000.0;1714.0;850.5
BounceBalls;600;Tico;idle;true;4;190.0;1000.0;206.0;850.5
BounceBalls;600;Teco;idle;true;4;1730.0;1000.0;1714.0;850.5
