irmao;quadro;tonto;desenho;cabeca_x;cabeca_y;bola_x;bola_y;nariz_x;nariz_y
Tico;0;false;4;190.0;820.0;inf;inf;206.0;850.5
Tico;1;false;4;190.0;820.0;inf;inf;206.0;850.5
Tico;2;false;5;190.0;820.0;inf;inf;217.0;841.0
Tico;3;false;5;190.0;820.0;inf;inf;217.0;841.0
Tico;4;false;5;190.0;820.0;inf;inf;217.0;841.0
Tico;5;false;6;190.0;820.0;inf;inf;217.0;841.0
Tico;6;false;6;190.0;820.0;inf;inf;217.0;841.0
Tico;7;false;6;190.0;820.0;inf;inf;217.0;841.0
Tico;8;false;7;190.0;820.0;inf;inf;226.5;841.0
Tico;9;false;7;190.0;820.0;inf;inf;226.5;841.0
Tico;10;false;7;190.0;820.0;inf;inf;226.5;841.0
Tico;11;false;7;190.0;820.0;inf;inf;226.5;841.0
Tico;12;false;8;190.0;820.0;inf;inf;226.5;841.0
Tico;13;false;8;190.0;820.0;inf;inf;226.5;841.0
Tico;14;false;8;190.0;820.0;inf;inf;226.5;841.0
Tico;15;false;9;190.0;820.0;inf;inf;224.0;835.5
Tico;16;false;9;190.0;820.0;inf;inf;224.0;835.5
Tico;17;false;9;190.0;820.0;inf;inf;224.0;835.5
Tico;18;false;10;190.0;820.0;inf;inf;209.0;846.5
Tico;19;false;10;190.0;820.0;inf;inf;209.0;846.5
Tico;20;false;10;190.0;820.0;inf;inf;209.0;846.5
Tico;21;false;10;190.0;820.0;inf;inf;209.0;846.5
Tico;22;false;11;190.0;820.0;inf;inf;230.0;843.5
Tico;23;false;11;190.0;820.0;inf;inf;230.0;843.5
Tico;24;false;11;190.0;820.0;inf;inf;230.0;843.5
Tico;25;false;12;190.0;820.0;inf;inf;230.0;843.5
Tico;26;false;12;190.0;820.0;inf;inf;230.0;843.5
Tico;27;false;12;190.0;820.0;inf;inf;230.0;843.5
Tico;28;false;1;190.0;820.0;inf;inf;225.0;843.5
Tico;29;false;1;190.0;820.0;inf;inf;225.0;843.5
Tico;30;true;1;175.0;825.0;inf;inf;196.5;843.5
Tico;31;true;1;175.0;825.0;inf;inf;196.5;843.5
Tico;32;true;1;175.0;825.0;inf;inf;196.5;843.5
Tico;33;true;1;175.0;825.0;inf;inf;196.5;843.5
Tico;34;true;1;175.0;825.0;inf;inf;196.5;843.5
Tico;35;true;1;175.0;825.0;inf;inf;196.5;843.5
Tico;36;true;2;182.4;810.2;inf;inf;220.7;827.4
Tico;37;true;2;182.8;810.1;inf;inf;221.1;827.5
Tico;38;true;2;183.9;810.1;inf;inf;222.1;827.7
Tico;39;true;2;185.4;810.1;inf;inf;223.5;827.9
Tico;40;true;2;187.1;810.0;inf;inf;225.0;828.2
Tico;41;true;2;188.8;810.0;inf;inf;226.5;828.6
Tico;42;true;2;190.1;810.0;inf;inf;227.7;828.8
Tico;43;true;2;190.9;810.0;inf;inf;228.4;829.0
Tico;44;true;3;205.9;821.0;inf;inf;237.8;853.4
Tico;45;true;3;206.7;821.1;inf;inf;238.4;853.6
Tico;46;true;3;208.6;821.3;inf;inf;240.0;854.2
Tico;47;true;3;211.3;821.6;inf;inf;242.1;854.9
Tico;48;true;3;214.2;821.9;inf;inf;244.5;855.8
Tico;49;true;3;217.1;822.4;inf;inf;246.9;856.7
Tico;50;true;3;219.4;822.7;inf;inf;248.7;857.5
Tico;51;true;4;205.3;810.6;inf;inf;234.6;840.4
Tico;52;true;4;204.6;810.6;inf;inf;234.0;840.2
Tico;53;true;4;202.8;810.4;inf;inf;232.5;839.8
Tico;54;true;4;200.3;810.3;inf;inf;230.4;839.3
Tico;55;true;4;197.4;810.1;inf;inf;228.0;838.7
Tico;56;true;4;194.7;810.1;inf;inf;225.7;838.2
Tico;57;true;4;192.5;810.0;inf;inf;223.8;837.8
Tico;58;true;4;191.2;810.0;inf;inf;222.7;837.5
Tico;59;true;1;183.1;824.5;inf;inf;203.7;844.0
Tico;60;true;1;182.7;824.5;inf;inf;203.4;843.9
Tico;61;true;1;181.7;824.6;inf;inf;202.5;843.9
Tico;62;true;1;180.3;824.6;inf;inf;201.2;843.8
Tico;63;true;1;178.7;824.7;inf;inf;199.8;843.7
Tico;64;true;1;177.1;824.8;inf;inf;198.4;843.6
Tico;65;true;1;175.8;824.9;inf;inf;197.3;843.5
Tico;66;true;2;183.3;810.1;inf;inf;221.5;827.6
Tico;67;true;2;183.7;810.1;inf;inf;221.9;827.6
Tico;68;true;2;184.6;810.1;inf;inf;222.8;827.8
Tico;69;true;2;186.0;810.0;inf;inf;224.0;828.0
Tico;70;true;2;187.5;810.0;inf;inf;225.4;828.3
Tico;71;true;2;189.0;810.0;inf;inf;226.7;828.6
Tico;72;true;2;190.2;810.0;inf;inf;227.8;828.8
Tico;73;true;2;190.9;810.0;inf;inf;228.4;829.0
Tico;74;true;3;205.9;821.0;inf;inf;237.8;853.4
Tico;75;true;3;206.7;821.1;inf;inf;238.4;853.6
Tico;76;true;3;208.6;821.3;inf;inf;240.0;854.2
Tico;77;true;3;211.3;821.6;inf;inf;242.1;854.9
Tico;78;true;3;214.2;821.9;inf;inf;244.6;855.8
Tico;79;true;3;217.1;822.4;inf;inf;246.9;856.7
Tico;80;true;3;219.4;822.7;inf;inf;248.7;857.5
Tico;81;true;4;205.3;810.6;inf;inf;234.6;840.4
Tico;82;true;4;204.6;810.6;inf;inf;234.0;840.2
Tico;83;true;4;202.8;810.4;inf;inf;232.5;839.8
Tico;84;true;4;200.3;810.3;inf;inf;230.4;839.3
Tico;85;true;4;197.4;810.1;inf;inf;228.0;838.7
Tico;86;true;4;194.7;810.1;inf;inf;225.7;838.2
Tico;87;true;4;192.5;810.0;inf;inf;223.8;837.8
Tico;88;true;4;191.2;810.0;inf;inf;222.7;837.5
Tico;89;true;1;183.1;824.5;inf;inf;203.7;844.0
Tico;90;true;1;182.7;824.5;inf;inf;203.4;843.9
Tico;91;true;1;181.7;824.6;inf;inf;202.5;843.9
Tico;92;true;1;180.3;824.6;inf;inf;201.2;843.8
Tico;93;true;1;178.7;824.7;inf;inf;199.8;843.7
Tico;94;true;1;177.1;824.8;inf;inf;198.4;843.6
Tico;95;true;1;175.8;824.9;inf;inf;197.3;843.5
Tico;96;true;2;183.3;810.1;inf;inf;221.5;827.6
Tico;97;true;2;183.7;810.1;inf;inf;221.9;827.6
Tico;98;true;2;184.6;810.1;inf;inf;222.8;827.8
Tico;99;true;2;186.0;810.0;inf;inf;224.0;828.0
Tico;100;true;2;187.5;810.0;inf;inf;225.4;828.3
Tico;101;true;2;189.0;810.0;inf;inf;226.7;828.6
Tico;102;true;2;190.2;810.0;inf;inf;227.8;828.8
Tico;103;true;2;190.9;810.0;inf;inf;228.4;829.0
Tico;104;true;3;205.9;821.0;inf;inf;237.8;853.4
Tico;105;true;3;206.7;821.1;inf;inf;238.4;853.6
Tico;106;true;3;208.6;821.3;inf;inf;240.0;854.2
Tico;107;true;3;211.3;821.6;inf;inf;242.1;854.9
Tico;108;true;3;214.2;821.9;inf;inf;244.6;855.8
Tico;109;true;3;217.1;822.4;inf;inf;246.9;856.7
Tico;110;true;3;219.4;822.7;inf;inf;248.7;857.5
Tico;111;true;4;205.3;810.6;inf;inf;234.6;840.4
Tico;112;true;4;204.6;810.6;inf;inf;234.0;840.2
Tico;113;true;4;202.8;810.4;inf;inf;232.5;839.8
Tico;114;true;4;200.3;810.3;inf;inf;230.4;839.3
Tico;115;true;4;197.4;810.1;inf;inf;228.0;838.7
Tico;116;true;4;194.7;810.1;inf;inf;225.7;838.2
Tico;117;true;4;192.5;810.0;inf;inf;223.8;837.8
Tico;118;true;4;191.2;810.0;inf;inf;222.7;837.5
Tico;119;true;1;183.1;824.5;inf;inf;203.7;844.0
Tico;120;true;1;182.7;824.5;inf;inf;203.4;843.9
Tico;121;true;1;181.7;824.6;inf;inf;202.5;843.9
Tico;122;true;1;180.3;824.6;inf;inf;201.2;843.8
Tico;123;true;1;178.7;824.7;inf;inf;199.8;843.7
Tico;124;true;1;177.1;824.8;inf;inf;198.4;843.6
Tico;125;true;1;175.8;824.9;inf;inf;197.3;843.5
Tico;126;true;2;183.3;810.1;inf;inf;221.5;827.6
Tico;127;true;2;183.7;810.1;inf;inf;221.9;827.6
Tico;128;true;2;184.6;810.1;inf;inf;222.8;827.8
Tico;129;true;2;186.0;810.0;inf;inf;224.0;828.0
Tico;130;true;2;187.5;810.0;inf;inf;225.4;828.3
Tico;131;true;2;189.0;810.0;inf;inf;226.7;828.6
Tico;132;true;2;190.2;810.0;inf;inf;227.8;828.8
Tico;133;true;2;190.9;810.0;inf;inf;228.4;829.0
Tico;134;true;3;205.9;821.0;inf;inf;237.8;853.4
Tico;135;true;3;206.7;821.1;inf;inf;238.4;853.6
Tico;136;true;3;208.6;821.3;inf;inf;240.0;854.2
Tico;137;true;3;211.3;821.6;inf;inf;242.1;854.9
Tico;138;true;3;214.2;821.9;inf;inf;244.6;855.8
Tico;139;true;3;217.1;822.4;inf;inf;246.9;856.7
Tico;140;true;3;219.4;822.7;inf;inf;248.7;857.5
Tico;141;true;4;205.3;810.6;inf;inf;234.6;840.4
Tico;142;true;4;204.6;810.6;inf;inf;234.0;840.2
Tico;143;true;4;202.8;810.4;inf;inf;232.5;839.8
Tico;144;true;4;200.3;810.3;inf;inf;230.4;839.3
Tico;145;true;4;197.4;810.1;inf;inf;228.0;838.7
Tico;146;true;4;194.7;810.1;inf;inf;225.7;838.2
Tico;147;true;4;192.5;810.0;inf;inf;223.8;837.8
Tico;148;true;4;191.2;810.0;inf;inf;222.7;837.5
Tico;149;true;1;183.1;824.5;inf;inf;203.7;844.0
Tico;150;true;1;182.7;824.5;inf;inf;203.4;843.9
Tico;151;true;1;181.7;824.6;inf;inf;202.5;843.9
Tico;152;true;1;180.3;824.6;inf;inf;201.2;843.8
Tico;153;true;1;178.7;824.7;inf;inf;199.8;843.7
Tico;154;true;1;177.1;824.8;inf;inf;198.4;843.6
Tico;155;true;1;175.8;824.9;inf;inf;197.3;843.5
Tico;156;true;2;183.3;810.1;inf;inf;221.5;827.6
Tico;157;true;2;183.7;810.1;inf;inf;221.9;827.6
Tico;158;true;2;184.6;810.1;inf;inf;222.8;827.8
Tico;159;true;2;186.0;810.0;inf;inf;224.0;828.0
Tico;160;true;2;187.5;810.0;inf;inf;225.4;828.3
Tico;161;true;2;189.0;810.0;inf;inf;226.7;828.6
Tico;162;true;2;190.2;810.0;inf;inf;227.8;828.8
Tico;163;true;2;190.9;810.0;inf;inf;228.4;829.0
Tico;164;true;3;205.9;821.0;inf;inf;237.8;853.4
Tico;165;true;3;206.7;821.1;inf;inf;238.4;853.6
Tico;166;true;3;208.6;821.3;inf;inf;240.0;854.2
Tico;167;true;3;211.3;821.6;inf;inf;242.1;854.9
Tico;168;true;3;214.2;821.9;inf;inf;244.6;855.8
Tico;169;true;3;217.1;822.4;inf;inf;246.9;856.7
Tico;170;true;3;219.4;822.7;inf;inf;248.7;857.5
Tico;171;true;4;205.3;810.6;inf;inf;234.6;840.4
Tico;172;true;4;204.6;810.6;inf;inf;234.0;840.2
Tico;173;true;4;202.8;810.4;inf;inf;232.5;839.8
Tico;174;true;4;200.3;810.3;inf;inf;230.4;839.3
Tico;175;true;4;197.4;810.1;inf;inf;228.0;838.7
Tico;176;true;4;194.7;810.1;inf;inf;225.7;838.2
Tico;177;true;4;192.5;810.0;inf;inf;223.8;837.8
Tico;178;true;4;191.2;810.0;inf;inf;222.7;837.5
Tico;179;true;1;183.1;824.5;inf;inf;203.7;844.0
Tico;180;true;1;182.7;824.5;inf;inf;203.4;843.9
Tico;181;true;1;181.7;824.6;inf;inf;202.5;843.9
Tico;182;true;1;180.3;824.6;inf;inf;201.2;843.8
Tico;183;true;1;178.7;824.7;inf;inf;199.8;843.7
Tico;184;true;1;177.1;824.8;inf;inf;198.4;843.6
Tico;185;true;1;175.8;824.9;inf;inf;197.3;843.5
Tico;186;true;2;183.3;810.1;inf;inf;221.5;827.6
Tico;187;true;2;183.7;810.1;inf;inf;221.9;827.6
Tico;188;true;2;184.6;810.1;inf;inf;222.8;827.8
Tico;189;true;2;186.0;810.0;inf;inf;224.0;828.0
Tico;190;true;2;187.5;810.0;inf;inf;225.4;828.3
Tico;191;true;2;189.0;810.0;inf;inf;226.7;828.6
Tico;192;true;2;190.2;810.0;inf;inf;227.8;828.8
Tico;193;true;2;190.9;810.0;inf;inf;228.4;829.0
Tico;194;true;3;205.9;821.0;inf;inf;237.8;853.4
Tico;195;true;3;206.7;821.1;inf;inf;238.4;853.6
Tico;196;true;3;208.6;821.3;inf;inf;240.0;854.2
Tico;197;true;3;211.3;821.6;inf;inf;242.1;854.9
Tico;198;true;3;214.2;821.9;inf;inf;244.6;855.8
Tico;199;true;3;217.1;822.4;inf;inf;246.9;856.7
Tico;200;true;3;219.4;822.7;inf;inf;248.7;857.5
Tico;201;true;4;205.3;810.6;inf;inf;234.6;840.4
Tico;202;true;4;204.6;810.6;inf;inf;234.0;840.2
Tico;203;true;4;202.8;810.4;inf;inf;232.5;839.8
Tico;204;true;4;200.3;810.3;inf;inf;230.4;839.3
Tico;205;true;4;197.4;810.1;inf;inf;228.0;838.7
Tico;206;true;4;194.7;810.1;inf;inf;225.7;838.2
Tico;207;true;4;192.5;810.0;inf;inf;223.8;837.8
Tico;208;true;4;191.2;810.0;inf;inf;222.7;837.5
Tico;209;true;1;183.1;824.5;inf;inf;203.7;844.0
Tico;210;true;1;182.7;824.5;1692.0;850.0;203.4;843.9
Tico;211;true;1;181.7;824.6;1671.0;835.4;202.5;843.9
Tico;212;true;1;180.3;824.6;1650.0;821.2;201.2;843.8
Tico;213;true;1;178.7;824.7;1629.0;807.4;199.8;843.7
Tico;214;true;1;177.1;824.8;1607.9;794.0;198.4;843.6
Tico;215;true;1;175.8;824.9;1586.8;781.0;197.3;843.5
Tico;216;true;2;183.3;810.1;1565.7;768.5;221.5;827.6
Tico;217;true;2;183.7;810.1;1545.3;754.8;221.9;827.6
Tico;218;true;2;184.6;810.1;1524.4;742.9;222.8;827.8
Tico;219;true;2;186.0;810.0;1503.6;731.3;224.0;828.0
Tico;220;true;2;187.5;810.0;1482.8;720.1;225.4;828.3
Tico;221;true;2;189.0;810.0;1462.2;709.3;226.7;828.6
Tico;222;true;2;190.2;810.0;1441.5;698.9;227.8;828.8
Tico;223;true;2;190.9;810.0;1420.8;688.9;228.4;829.0
Tico;224;true;3;205.9;821.0;1400.1;679.3;237.8;853.4
Tico;225;true;3;206.7;821.1;1382.4;672.4;238.4;853.6
Tico;226;true;3;208.6;821.3;1361.9;663.8;240.0;854.2
Tico;227;true;3;211.3;821.6;1341.8;655.6;242.1;854.9
Tico;228;true;3;214.2;821.9;1321.8;647.9;244.6;855.8
Tico;229;true;3;217.1;822.4;1302.0;640.6;246.9;856.7
Tico;230;true;3;219.4;822.7;1282.3;633.7;248.7;857.5
Tico;231;true;4;205.3;810.6;1262.5;627.2;234.6;840.4
Tico;232;true;4;204.6;810.6;1237.7;617.3;234.0;840.2
Tico;233;true;4;202.8;810.4;1216.9;611.3;232.5;839.8
Tico;234;true;4;200.3;810.3;1195.6;605.7;230.4;839.3
Tico;235;true;4;197.4;810.1;1174.0;600.5;228.0;838.7
Tico;236;true;4;194.7;810.1;1152.3;595.7;225.7;838.2
Tico;237;true;4;192.5;810.0;1130.5;591.3;223.8;837.8
Tico;238;true;4;191.2;810.0;1108.9;587.3;222.7;837.5
Tico;239;true;1;183.1;824.5;1087.5;583.7;203.7;844.0
Tico;240;true;1;182.7;824.5;1063.3;586.6;203.4;843.9
Tico;241;true;1;181.7;824.6;1042.2;584.0;202.5;843.9
Tico;242;true;1;180.3;824.6;1020.8;581.9;201.2;843.8
Tico;243;true;1;178.7;824.7;999.1;580.2;199.8;843.7
Tico;244;true;1;177.1;824.8;977.4;578.9;198.4;843.6
Tico;245;true;1;175.8;824.9;955.6;578.0;197.3;843.5
Tico;246;true;2;183.3;810.1;933.9;577.5;221.5;827.6
Tico;247;true;2;183.7;810.1;916.7;569.7;221.9;827.6
Tico;248;true;2;184.6;810.1;895.9;569.7;222.8;827.8
Tico;249;true;2;186.0;810.0;875.5;570.2;224.0;828.0
Tico;250;true;2;187.5;810.0;855.3;571.0;225.4;828.3
Tico;251;true;2;189.0;810.0;835.3;572.2;226.7;828.6
Tico;252;true;2;190.2;810.0;815.3;573.9;227.8;828.8
Tico;253;true;2;190.9;810.0;795.1;575.9;228.4;829.0
Tico;254;true;3;205.9;821.0;774.7;578.4;237.8;853.4
Tico;255;true;3;206.7;821.1;763.2;588.1;238.4;853.6
Tico;256;true;3;208.6;821.3;743.0;591.6;240.0;854.2
Tico;257;true;3;211.3;821.6;723.7;595.5;242.1;854.9
Tico;258;true;3;214.2;821.9;704.8;599.9;244.6;855.8
Tico;259;true;3;217.1;822.4;686.3;604.8;246.9;856.7
Tico;260;true;3;219.4;822.7;667.8;610.1;248.7;857.5
Tico;261;true;4;205.3;810.6;648.9;615.8;234.6;840.4
Tico;262;true;4;204.6;810.6;618.3;612.9;234.0;840.2
Tico;263;true;4;202.8;810.4;597.1;618.9;232.5;839.8
Tico;264;true;4;200.3;810.3;575.1;625.3;230.4;839.3
Tico;265;true;4;197.4;810.1;552.5;632.1;228.0;838.7
Tico;266;true;4;194.7;810.1;529.6;639.2;225.7;838.2
Tico;267;true;4;192.5;810.0;506.6;646.8;223.8;837.8
Tico;268;true;4;191.2;810.0;484.1;654.9;222.7;837.5
Tico;269;true;1;183.1;824.5;462.2;663.3;203.7;844.0
Tico;270;true;1;182.7;824.5;434.6;684.3;203.4;843.9
Tico;271;true;1;181.7;824.6;413.3;693.8;202.5;843.9
Tico;272;true;1;180.3;824.6;391.5;703.7;201.2;843.8
Tico;273;true;1;178.7;824.7;369.2;714.0;199.8;843.7
Tico;274;true;1;177.1;824.8;346.8;724.8;198.4;843.6
Tico;275;true;1;175.8;824.9;324.4;736.0;197.3;843.5
Tico;276;true;2;183.3;810.1;302.2;747.6;221.5;827.6
Tico;277;true;2;183.7;810.1;288.1;745.7;221.9;827.6
Tico;278;true;2;184.6;810.1;267.5;757.8;222.8;827.8
Tico;279;true;2;186.0;810.0;247.5;770.2;224.0;828.0
Tico;280;true;2;187.5;810.0;227.8;783.1;225.4;828.3
Tico;281;true;2;189.0;810.0;208.4;796.3;226.7;828.6
Tico;282;false;5;190.0;820.0;inf;inf;217.0;841.0
Tico;283;false;5;190.0;820.0;inf;inf;217.0;841.0
Tico;284;false;5;190.0;820.0;inf;inf;217.0;841.0
Tico;285;false;6;190.0;820.0;inf;inf;217.0;841.0
Tico;286;false;6;190.0;820.0;inf;inf;217.0;841.0
Tico;287;false;6;190.0;820.0;inf;inf;217.0;841.0
Tico;288;false;7;190.0;820.0;inf;inf;226.5;841.0
Tico;289;false;7;190.0;820.0;inf;inf;226.5;841.0
Tico;290;false;7;190.0;820.0;inf;inf;226.5;841.0
Tico;291;false;7;190.0;820.0;inf;inf;226.5;841.0
Tico;292;false;8;190.0;820.0;inf;inf;226.5;841.0
Tico;293;false;8;190.0;820.0;inf;inf;226.5;841.0
Tico;294;false;8;190.0;820.0;inf;inf;226.5;841.0
Tico;295;false;9;190.0;820.0;inf;inf;224.0;835.5
Tico;296;false;9;190.0;820.0;inf;inf;224.0;835.5
Tico;297;false;9;190.0;820.0;inf;inf;224.0;835.5
Tico;298;false;10;190.0;820.0;inf;inf;209.0;846.5
Tico;299;false;10;190.0;820.0;inf;inf;209.0;846.5
Tico;300;false;10;190.0;820.0;inf;inf;209.0;846.5
Tico;301;false;10;190.0;820.0;inf;inf;209.0;846.5
Tico;302;false;11;190.0;820.0;inf;inf;230.0;843.5
Tico;303;false;11;190.0;820.0;inf;inf;230.0;843.5
Tico;304;false;11;190.0;820.0;inf;inf;230.0;843.5
Tico;305;false;12;190.0;820.0;inf;inf;230.0;843.5
Tico;306;false;12;190.0;820.0;inf;inf;230.0;843.5
Tico;307;false;12;190.0;820.0;inf;inf;230.0;843.5
Tico;308;false;1;190.0;820.0;inf;inf;225.0;843.5
Tico;309;false;1;190.0;820.0;inf;inf;225.0;843.5
Tico;310;false;1;190.0;820.0;inf;inf;225.0;843.5
Tico;311;false;1;190.0;820.0;inf;inf;225.0;843.5
Tico;312;false;2;190.0;820.0;inf;inf;211.0;846.0
Tico;313;false;2;190.0;820.0;inf;inf;211.0;846.0
Tico;314;false;2;190.0;820.0;inf;inf;211.0;846.0
Tico;315;false;3;190.0;820.0;inf;inf;211.0;846.0
Tico;316;false;3;190.0;820.0;inf;inf;211.0;846.0
Tico;317;false;3;190.0;820.0;inf;inf;211.0;846.0
Tico;318;false;4;190.0;820.0;inf;inf;206.0;850.5
Tico;319;false;4;190.0;820.0;inf;inf;206.0;850.5
Tico;320;false;4;190.0;820.0;inf;inf;206.0;850.5
Tico;321;false;4;190.0;820.0;inf;inf;206.0;850.5
Tico;322;false;5;190.0;820.0;inf;inf;217.0;841.0
Tico;323;false;5;190.0;820.0;inf;inf;217.0;841.0
Tico;324;false;5;190.0;820.0;inf;inf;217.0;841.0
Tico;325;false;6;190.0;820.0;inf;inf;217.0;841.0
Tico;326;false;6;190.0;820.0;inf;inf;217.0;841.0
Tico;327;false;6;190.0;820.0;inf;inf;217.0;841.0
Tico;328;false;7;190.0;820.0;inf;inf;226.5;841.0
Tico;329;false;7;190.0;820.0;inf;inf;226.5;841.0
Tico;330;false;7;190.0;820.0;inf;inf;226.5;841.0
Tico;331;false;7;190.0;820.0;inf;inf;226.5;841.0
Tico;332;false;8;190.0;820.0;inf;inf;226.5;841.0
Tico;333;false;8;190.0;820.0;inf;inf;226.5;841.0
Tico;334;false;8;190.0;820.0;inf;inf;226.5;841.0
Tico;335;false;9;190.0;820.0;inf;inf;224.0;835.5
Tico;336;false;9;190.0;820.0;inf;inf;224.0;835.5
Tico;337;false;9;190.0;820.0;inf;inf;224.0;835.5
Tico;338;false;10;190.0;820.0;inf;inf;209.0;846.5
Tico;339;false;10;190.0;820.0;inf;inf;209.0;846.5
Tico;340;false;10;190.0;820.0;inf;inf;209.0;846.5
Tico;341;false;10;190.0;820.0;inf;inf;209.0;846.5
Tico;342;false;11;190.0;820.0;inf;inf;230.0;843.5
Tico;343;false;11;190.0;820.0;inf;inf;230.0;843.5
Tico;344;false;11;190.0;820.0;inf;inf;230.0;843.5
Tico;345;false;12;190.0;820.0;inf;inf;230.0;843.5
Tico;346;false;12;190.0;820.0;inf;inf;230.0;843.5
Tico;347;false;12;190.0;820.0;inf;inf;230.0;843.5
Tico;348;false;1;190.0;820.0;inf;inf;225.0;843.5
Tico;349;false;1;190.0;820.0;inf;inf;225.0;843.5
Tico;350;false;1;190.0;820.0;inf;inf;225.0;843.5
Tico;351;false;1;190.0;820.0;inf;inf;225.0;843.5
Tico;352;false;2;190.0;820.0;inf;inf;211.0;846.0
Tico;353;false;2;190.0;820.0;inf;inf;211.0;846.0
Tico;354;false;2;190.0;820.0;inf;inf;211.0;846.0
Tico;355;false;3;190.0;820.0;inf;inf;211.0;846.0
Tico;356;false;3;190.0;820.0;inf;inf;211.0;846.0
Tico;357;false;3;190.0;820.0;inf;inf;211.0;846.0
Tico;358;false;4;190.0;820.0;inf;inf;206.0;850.5
Tico;359;false;4;190.0;820.0;inf;inf;206.0;850.5
Tico;360;false;4;190.0;820.0;inf;inf;206.0;850.5
Tico;361;false;4;190.0;820.0;inf;inf;206.0;850.5
Tico;362;false;5;190.0;820.0;inf;inf;217.0;841.0
Tico;363;false;5;190.0;820.0;inf;inf;217.0;841.0
Tico;364;false;5;190.0;820.0;inf;inf;217.0;841.0
Tico;365;false;6;190.0;820.0;inf;inf;217.0;841.0
Tico;366;false;6;190.0;820.0;inf;inf;217.0;841.0
Tico;367;false;6;190.0;820.0;inf;inf;217.0;841.0
Tico;368;false;7;190.0;820.0;inf;inf;226.5;841.0
Tico;369;false;7;190.0;820.0;inf;inf;226.5;841.0
Tico;370;false;7;190.0;820.0;inf;inf;226.5;841.0
Tico;371;false;7;190.0;820.0;inf;inf;226.5;841.0
Tico;372;false;8;190.0;820.0;inf;inf;226.5;841.0
Tico;373;false;8;190.0;820.0;inf;inf;226.5;841.0
Tico;374;false;8;190.0;820.0;inf;inf;226.5;841.0
Tico;375;false;9;190.0;820.0;inf;inf;224.0;835.5
Tico;376;false;9;190.0;820.0;inf;inf;224.0;835.5
Tico;377;false;9;190.0;820.0;inf;inf;224.0;835.5
Tico;378;false;10;190.0;820.0;inf;inf;209.0;846.5
Tico;379;false;10;190.0;820.0;inf;inf;209.0;846.5
Tico;380;false;10;190.0;820.0;inf;inf;209.0;846.5
Tico;381;false;10;190.0;820.0;inf;inf;209.0;846.5
Tico;382;false;11;190.0;820.0;inf;inf;230.0;843.5
Tico;383;false;11;190.0;820.0;inf;inf;230.0;843.5
Tico;384;false;11;190.0;820.0;inf;inf;230.0;843.5
Tico;385;false;12;190.0;820.0;inf;inf;230.0;843.5
Tico;386;false;12;190.0;820.0;inf;inf;230.0;843.5
Tico;387;false;12;190.0;820.0;inf;inf;230.0;843.5
Tico;388;false;1;190.0;820.0;inf;inf;225.0;843.5
Tico;389;false;1;190.0;820.0;inf;inf;225.0;843.5
Tico;390;false;1;190.0;820.0;inf;inf;225.0;843.5
Tico;391;false;1;190.0;820.0;inf;inf;225.0;843.5
Tico;392;false;2;190.0;820.0;inf;inf;211.0;846.0
Tico;393;false;2;190.0;820.0;inf;inf;211.0;846.0
Tico;394;false;2;190.0;820.0;inf;inf;211.0;846.0
Tico;395;false;3;190.0;820.0;inf;inf;211.0;846.0
Tico;396;false;3;190.0;820.0;inf;inf;211.0;846.0
Tico;397;false;3;190.0;820.0;inf;inf;211.0;846.0
Tico;398;false;4;190.0;820.0;inf;inf;206.0;850.5
Tico;399;false;4;190.0;820.0;inf;inf;206.0;850.5
Tico;400;false;4;190.0;820.0;inf;inf;206.0;850.5
Tico;401;false;4;190.0;820.0;inf;inf;206.0;850.5
Tico;402;false;5;190.0;820.0;inf;inf;217.0;841.0
Tico;403;false;5;190.0;820.0;inf;inf;217.0;841.0
Tico;404;false;5;190.0;820.0;inf;inf;217.0;841.0
Tico;405;false;6;190.0;820.0;inf;inf;217.0;841.0
Tico;406;false;6;190.0;820.0;inf;inf;217.0;841.0
Tico;407;false;6;190.0;820.0;inf;inf;217.0;841.0
Tico;408;false;7;190.0;820.0;inf;inf;226.5;841.0
Tico;409;false;7;190.0;820.0;inf;inf;226.5;841.0
Tico;410;false;7;190.0;820.0;inf;inf;226.5;841.0
Tico;411;false;7;190.0;820.0;inf;inf;226.5;841.0
Tico;412;false;8;190.0;820.0;inf;inf;226.5;841.0
Tico;413;false;8;190.0;820.0;inf;inf;226.5;841.0
Tico;414;false;8;190.0;820.0;inf;inf;226.5;841.0
Tico;415;false;9;190.0;820.0;inf;inf;224.0;835.5
Tico;416;false;9;190.0;820.0;inf;inf;224.0;835.5
Tico;417;false;9;190.0;820.0;inf;inf;224.0;835.5
Tico;418;false;10;190.0;820.0;inf;inf;209.0;846.5
Tico;419;false;10;190.0;820.0;inf;inf;209.0;846.5
Tico;420;false;10;190.0;820.0;inf;inf;209.0;846.5
Tico;421;false;10;190.0;820.0;inf;inf;209.0;846.5
Tico;422;false;11;190.0;820.0;inf;inf;230.0;843.5
Tico;423;false;11;190.0;820.0;inf;inf;230.0;843.5
Tico;424;false;11;190.0;820.0;inf;inf;230.0;843.5
Tico;425;false;12;190.0;820.0;inf;inf;230.0;843.5
Tico;426;false;12;190.0;820.0;inf;inf;230.0;843.5
Tico;427;false;12;190.0;820.0;inf;inf;230.0;843.5
Tico;428;false;1;190.0;820.0;inf;inf;225.0;843.5
Tico;429;false;1;190.0;820.0;inf;inf;225.0;843.5
Tico;430;false;1;190.0;820.0;inf;inf;225.0;843.5
Tico;431;false;1;190.0;820.0;inf;inf;225.0;843.5
Tico;432;false;2;190.0;820.0;inf;inf;211.0;846.0
Tico;433;false;2;190.0;820.0;inf;inf;211.0;846.0
Tico;434;false;2;190.0;820.0;inf;inf;211.0;846.0
Tico;435;false;3;190.0;820.0;inf;inf;211.0;846.0
Tico;436;false;3;190.0;820.0;inf;inf;211.0;846.0
Tico;437;false;3;190.0;820.0;inf;inf;211.0;846.0
Tico;438;false;4;190.0;820.0;inf;inf;206.0;850.5
Tico;439;false;4;190.0;820.0;inf;inf;206.0;850.5
Tico;440;false;4;190.0;820.0;inf;inf;206.0;850.5
Tico;441;false;4;190.0;820.0;inf;inf;206.0;850.5
Tico;442;false;5;190.0;820.0;inf;inf;217.0;841.0
Tico;443;false;5;190.0;820.0;inf;inf;217.0;841.0
Tico;444;false;5;190.0;820.0;inf;inf;217.0;841.0
Tico;445;false;6;190.0;820.0;inf;inf;217.0;841.0
Tico;446;false;6;190.0;820.0;inf;inf;217.0;841.0
Tico;447;false;6;190.0;820.0;inf;inf;217.0;841.0
Tico;448;false;7;190.0;820.0;inf;inf;226.5;841.0
Tico;449;false;7;190.0;820.0;inf;inf;226.5;841.0
Teco;0;false;1;1730.0;820.0;inf;inf;1695.0;843.5
Teco;1;false;1;1730.0;820.0;inf;inf;1695.0;843.5
Teco;2;false;2;1730.0;820.0;inf;inf;1709.0;846.0
Teco;3;false;2;1730.0;820.0;inf;inf;1709.0;846.0
Teco;4;false;2;1730.0;820.0;inf;inf;1709.0;846.0
Teco;5;false;3;1730.0;820.0;inf;inf;1709.0;846.0
Teco;6;false;3;1730.0;820.0;inf;inf;1709.0;846.0
Teco;7;false;3;1730.0;820.0;inf;inf;1709.0;846.0
Teco;8;false;4;1730.0;820.0;inf;inf;1714.0;850.5
Teco;9;false;4;1730.0;820.0;inf;inf;1714.0;850.5
Teco;10;false;4;1730.0;820.0;inf;inf;1714.0;850.5
Teco;11;false;4;1730.0;820.0;inf;inf;1714.0;850.5
Teco;12;false;5;1730.0;820.0;inf;inf;1703.0;841.0
Teco;13;false;5;1730.0;820.0;inf;inf;1703.0;841.0
Teco;14;false;5;1730.0;820.0;inf;inf;1703.0;841.0
Teco;15;false;6;1730.0;820.0;inf;inf;1703.0;841.0
Teco;16;false;6;1730.0;820.0;inf;inf;1703.0;841.0
Teco;17;false;6;1730.0;820.0;inf;inf;1703.0;841.0
Teco;18;false;7;1730.0;820.0;inf;inf;1693.5;841.0
Teco;19;false;7;1730.0;820.0;inf;inf;1693.5;841.0
Teco;20;false;7;1730.0;820.0;inf;inf;1693.5;841.0
Teco;21;false;7;1730.0;820.0;inf;inf;1693.5;841.0
Teco;22;false;8;1730.0;820.0;inf;inf;1693.5;841.0
Teco;23;false;8;1730.0;820.0;inf;inf;1693.5;841.0
Teco;24;false;8;1730.0;820.0;inf;inf;1693.5;841.0
Teco;25;false;9;1730.0;820.0;inf;inf;1696.0;835.5
Teco;26;false;9;1730.0;820.0;inf;inf;1696.0;835.5
Teco;27;false;9;1730.0;820.0;inf;inf;1696.0;835.5
Teco;28;false;10;1730.0;820.0;inf;inf;1711.0;846.5
Teco;29;false;10;1730.0;820.0;inf;inf;1711.0;846.5
Teco;30;true;1;1745.0;825.0;inf;inf;1723.5;843.5
Teco;31;true;1;1745.0;825.0;inf;inf;1723.5;843.5
Teco;32;true;1;1745.0;825.0;inf;inf;1723.5;843.5
Teco;33;true;1;1745.0;825.0;inf;inf;1723.5;843.5
Teco;34;true;1;1745.0;825.0;inf;inf;1723.5;843.5
Teco;35;true;1;1745.0;825.0;inf;inf;1723.5;843.5
Teco;36;true;2;1737.6;810.2;inf;inf;1699.3;827.4
Teco;37;true;2;1737.2;810.1;inf;inf;1698.9;827.5
Teco;38;true;2;1736.1;810.1;inf;inf;1697.9;827.7
Teco;39;true;2;1734.6;810.1;inf;inf;1696.5;827.9
Teco;40;true;2;1732.9;810.0;inf;inf;1695.0;828.2
Teco;41;true;2;1731.2;810.0;inf;inf;1693.5;828.6
Teco;42;true;2;1729.9;810.0;inf;inf;1692.3;828.8
Teco;43;true;3;1714.8;820.9;inf;inf;1682.8;853.2
Teco;44;true;3;1714.0;821.0;inf;inf;1682.2;853.4
Teco;45;true;3;1712.0;821.2;inf;inf;1680.5;854.0
Teco;46;true;3;1709.2;821.5;inf;inf;1678.3;854.8
Teco;47;true;3;1706.1;821.9;inf;inf;1675.7;855.7
Teco;48;true;3;1703.1;822.3;inf;inf;1673.3;856.7
Teco;49;true;3;1700.6;822.7;inf;inf;1671.3;857.5
Teco;50;true;3;1699.2;823.0;inf;inf;1670.2;857.9
Teco;51;true;4;1713.3;810.7;inf;inf;1684.2;840.8
Teco;52;true;4;1714.0;810.7;inf;inf;1684.8;840.6
Teco;53;true;4;1716.0;810.5;inf;inf;1686.5;840.1
Teco;54;true;4;1718.8;810.3;inf;inf;1688.8;839.5
Teco;55;true;4;1721.9;810.2;inf;inf;1691.5;838.8
Teco;56;true;4;1724.9;810.1;inf;inf;1694.0;838.2
Teco;57;true;4;1727.4;810.0;inf;inf;1696.1;837.8
Teco;58;true;1;1735.5;824.4;inf;inf;1715.1;844.1
Teco;59;true;1;1736.0;824.5;inf;inf;1715.5;844.0
Teco;60;true;1;1737.2;824.5;inf;inf;1716.5;843.9
Teco;61;true;1;1738.9;824.6;inf;inf;1718.0;843.8
Teco;62;true;1;1740.7;824.7;inf;inf;1719.7;843.7
Teco;63;true;1;1742.5;824.8;inf;inf;1721.3;843.6
Teco;64;true;1;1744.0;824.9;inf;inf;1722.6;843.5
Teco;65;true;1;1744.9;825.0;inf;inf;1723.4;843.5
Teco;66;true;2;1737.5;810.1;inf;inf;1699.2;827.5
Teco;67;true;2;1737.1;810.1;inf;inf;1698.8;827.5
Teco;68;true;2;1736.0;810.1;inf;inf;1697.8;827.7
Teco;69;true;2;1734.5;810.1;inf;inf;1696.5;828.0
Teco;70;true;2;1732.8;810.0;inf;inf;1694.9;828.3
Teco;71;true;2;1731.2;810.0;inf;inf;1693.5;828.6
Teco;72;true;2;1729.9;810.0;inf;inf;1692.3;828.8
Teco;73;true;3;1714.8;820.9;inf;inf;1682.8;853.2
Teco;74;true;3;1714.0;821.0;inf;inf;1682.2;853.4
Teco;75;true;3;1712.0;821.2;inf;inf;1680.5;854.0
Teco;76;true;3;1709.2;821.5;inf;inf;1678.3;854.8
Teco;77;true;3;1706.1;821.9;inf;inf;1675.7;855.7
Teco;78;true;3;1703.1;822.3;inf;inf;1673.3;856.7
Teco;79;true;3;1700.6;822.7;inf;inf;1671.3;857.5
Teco;80;true;3;1699.2;823.0;inf;inf;1670.2;857.9
Teco;81;true;4;1713.3;810.7;inf;inf;1684.2;840.8
Teco;82;true;4;1714.0;810.7;inf;inf;1684.8;840.6
Teco;83;true;4;1716.0;810.5;inf;inf;1686.5;840.1
Teco;84;true;4;1718.8;810.3;inf;inf;1688.8;839.5
Teco;85;true;4;1721.9;810.2;inf;inf;1691.5;838.8
Teco;86;true;4;1724.9;810.1;inf;inf;1694.0;838.2
Teco;87;true;4;1727.4;810.0;inf;inf;1696.1;837.8
Teco;88;true;1;1735.5;824.4;inf;inf;1715.1;844.1
Teco;89;true;1;1736.0;824.5;inf;inf;1715.5;844.0
Teco;90;true;1;1737.2;824.5;inf;inf;1716.5;843.9
Teco;91;true;1;1738.9;824.6;inf;inf;1718.0;843.8
Teco;92;true;1;1740.7;824.7;inf;inf;1719.7;843.7
Teco;93;true;1;1742.5;824.8;inf;inf;1721.3;843.6
Teco;94;true;1;1744.0;824.9;inf;inf;1722.6;843.5
Teco;95;true;1;1744.9;825.0;inf;inf;1723.4;843.5
Teco;96;true;2;1737.5;810.1;inf;inf;1699.2;827.5
Teco;97;true;2;1737.1;810.1;inf;inf;1698.8;827.5
Teco;98;true;2;1736.0;810.1;inf;inf;1697.8;827.7
Teco;99;true;2;1734.5;810.1;inf;inf;1696.5;828.0
Teco;100;true;2;1732.8;810.0;inf;inf;1694.9;828.3
Teco;101;true;2;1731.2;810.0;inf;inf;1693.5;828.6
Teco;102;true;2;1729.9;810.0;inf;inf;1692.3;828.8
Teco;103;true;3;1714.8;820.9;inf;inf;1682.8;853.2
Teco;104;true;3;1714.0;821.0;inf;inf;1682.2;853.4
Teco;105;true;3;1712.0;821.2;inf;inf;1680.5;854.0
Teco;106;true;3;1709.2;821.5;inf;inf;1678.3;854.8
Teco;107;true;3;1706.1;821.9;inf;inf;1675.7;855.7
Teco;108;true;3;1703.1;822.3;inf;inf;1673.3;856.7
Teco;109;true;3;1700.6;822.7;inf;inf;1671.3;857.5
Teco;110;true;3;1699.2;823.0;inf;inf;1670.2;857.9
Teco;111;true;4;1713.3;810.7;inf;inf;1684.2;840.8
Teco;112;true;4;1714.0;810.7;inf;inf;1684.8;840.6
Teco;113;true;4;1716.0;810.5;inf;inf;1686.5;840.1
Teco;114;true;4;1718.8;810.3;inf;inf;1688.8;839.5
Teco;115;true;4;1721.9;810.2;inf;inf;1691.5;838.8
Teco;116;true;4;1724.9;810.1;inf;inf;1694.0;838.2
Teco;117;true;4;1727.4;810.0;inf;inf;1696.1;837.8
Teco;118;true;1;1735.5;824.4;inf;inf;1715.1;844.1
Teco;119;true;1;1736.0;824.5;inf;inf;1715.5;844.0
Teco;120;true;1;1737.2;824.5;inf;inf;1716.5;843.9
Teco;121;true;1;1738.9;824.6;inf;inf;1718.0;843.8
Teco;122;true;1;1740.7;824.7;inf;inf;1719.7;843.7
Teco;123;true;1;1742.5;824.8;inf;inf;1721.3;843.6
Teco;124;true;1;1744.0;824.9;inf;inf;1722.6;843.5
Teco;125;true;1;1744.9;825.0;inf;inf;1723.4;843.5
Teco;126;true;2;1737.5;810.1;inf;inf;1699.2;827.5
Teco;127;true;2;1737.1;810.1;inf;inf;1698.8;827.5
Teco;128;true;2;1736.0;810.1;inf;inf;1697.8;827.7
Teco;129;true;2;1734.5;810.1;inf;inf;1696.5;828.0
Teco;130;true;2;1732.8;810.0;inf;inf;1694.9;828.3
Teco;131;true;2;1731.2;810.0;inf;inf;1693.5;828.6
Teco;132;true;2;1729.9;810.0;inf;inf;1692.3;828.8
Teco;133;true;3;1714.8;820.9;inf;inf;1682.8;853.2
Teco;134;true;3;1714.0;821.0;inf;inf;1682.2;853.4
Teco;135;true;3;1712.0;821.2;inf;inf;1680.5;854.0
Teco;136;true;3;1709.2;821.5;inf;inf;1678.3;854.8
Teco;137;true;3;1706.1;821.9;inf;inf;1675.7;855.7
Teco;138;true;3;1703.1;822.3;inf;inf;1673.3;856.7
Teco;139;true;3;1700.6;822.7;inf;inf;1671.3;857.5
Teco;140;true;3;1699.2;823.0;inf;inf;1670.2;857.9
Teco;141;true;4;1713.3;810.7;inf;inf;1684.2;840.8
Teco;142;true;4;1714.0;810.7;inf;inf;1684.8;840.6
Teco;143;true;4;1716.0;810.5;inf;inf;1686.5;840.1
Teco;144;true;4;1718.8;810.3;inf;inf;1688.8;839.5
Teco;145;true;4;1721.9;810.2;inf;inf;1691.5;838.8
Teco;146;true;4;1724.9;810.1;inf;inf;1694.0;838.2
Teco;147;true;4;1727.4;810.0;inf;inf;1696.1;837.8
Teco;148;true;1;1735.5;824.4;inf;inf;1715.1;844.1
Teco;149;true;1;1736.0;824.5;inf;inf;1715.5;844.0
Teco;150;true;1;1737.2;824.5;inf;inf;1716.5;843.9
Teco;151;true;1;1738.9;824.6;inf;inf;1718.0;843.8
Teco;152;true;1;1740.7;824.7;inf;inf;1719.7;843.7
Teco;153;true;1;1742.5;824.8;inf;inf;1721.3;843.6
Teco;154;true;1;1744.0;824.9;inf;inf;1722.6;843.5
Teco;155;true;1;1744.9;825.0;inf;inf;1723.4;843.5
Teco;156;true;2;1737.5;810.1;inf;inf;1699.2;827.5
Teco;157;true;2;1737.1;810.1;inf;inf;1698.8;827.5
Teco;158;true;2;1736.0;810.1;inf;inf;1697.8;827.7
Teco;159;true;2;1734.5;810.1;inf;inf;1696.5;828.0
Teco;160;true;2;1732.8;810.0;inf;inf;1694.9;828.3
Teco;161;true;2;1731.2;810.0;inf;inf;1693.5;828.6
Teco;162;true;2;1729.9;810.0;inf;inf;1692.3;828.8
Teco;163;true;3;1714.8;820.9;inf;inf;1682.8;853.2
Teco;164;true;3;1714.0;821.0;inf;inf;1682.2;853.4
Teco;165;true;3;1712.0;821.2;inf;inf;1680.5;854.0
Teco;166;true;3;1709.2;821.5;inf;inf;1678.3;854.8
Teco;167;true;3;1706.1;821.9;inf;inf;1675.7;855.7
Teco;168;true;3;1703.1;822.3;inf;inf;1673.3;856.7
Teco;169;true;3;1700.6;822.7;inf;inf;1671.3;857.5
Teco;170;true;3;1699.2;823.0;inf;inf;1670.2;857.9
Teco;171;true;4;1713.3;810.7;inf;inf;1684.2;840.8
Teco;172;true;4;1714.0;810.7;inf;inf;1684.8;840.6
Teco;173;true;4;1716.0;810.5;inf;inf;1686.5;840.1
Teco;174;true;4;1718.8;810.3;inf;inf;1688.8;839.5
Teco;175;true;4;1721.9;810.2;inf;inf;1691.5;838.8
Teco;176;true;4;1724.9;810.1;inf;inf;1694.0;838.2
Teco;177;true;4;1727.4;810.0;inf;inf;1696.1;837.8
Teco;178;true;1;1735.5;824.4;inf;inf;1715.1;844.1
Teco;179;true;1;1736.0;824.5;inf;inf;1715.5;844.0
Teco;180;true;1;1737.2;824.5;inf;inf;1716.5;843.9
Teco;181;true;1;1738.9;824.6;inf;inf;1718.0;843.8
Teco;182;true;1;1740.7;824.7;inf;inf;1719.7;843.7
Teco;183;true;1;1742.5;824.8;inf;inf;1721.3;843.6
Teco;184;true;1;1744.0;824.9;inf;inf;1722.6;843.5
Teco;185;true;1;1744.9;825.0;inf;inf;1723.4;843.5
Teco;186;true;2;1737.5;810.1;inf;inf;1699.2;827.5
Teco;187;true;2;1737.1;810.1;inf;inf;1698.8;827.5
Teco;188;true;2;1736.0;810.1;inf;inf;1697.8;827.7
Teco;189;true;2;1734.5;810.1;inf;inf;1696.5;828.0
Teco;190;true;2;1732.8;810.0;inf;inf;1694.9;828.3
Teco;191;true;2;1731.2;810.0;inf;inf;1693.5;828.6
Teco;192;true;2;1729.9;810.0;inf;inf;1692.3;828.8
Teco;193;true;3;1714.8;820.9;inf;inf;1682.8;853.2
Teco;194;true;3;1714.0;821.0;inf;inf;1682.2;853.4
Teco;195;true;3;1712.0;821.2;inf;inf;1680.5;854.0
Teco;196;true;3;1709.2;821.5;inf;inf;1678.3;854.8
Teco;197;true;3;1706.1;821.9;inf;inf;1675.7;855.7
Teco;198;true;3;1703.1;822.3;inf;inf;1673.3;856.7
Teco;199;true;3;1700.6;822.7;inf;inf;1671.3;857.5
Teco;200;true;3;1699.2;823.0;inf;inf;1670.2;857.9
Teco;201;true;4;1713.3;810.7;inf;inf;1684.2;840.8
Teco;202;true;4;1714.0;810.7;inf;inf;1684.8;840.6
Teco;203;true;4;1716.0;810.5;inf;inf;1686.5;840.1
Teco;204;true;4;1718.8;810.3;inf;inf;1688.8;839.5
Teco;205;true;4;1721.9;810.2;inf;inf;1691.5;838.8
Teco;206;true;4;1724.9;810.1;inf;inf;1694.0;838.2
Teco;207;true;4;1727.4;810.0;inf;inf;1696.1;837.8
Teco;208;true;1;1735.5;824.4;inf;inf;1715.1;844.1
Teco;209;true;1;1736.0;824.5;228.0;850.0;1715.5;844.0
Teco;210;true;1;1737.2;824.5;248.9;835.4;1716.5;843.9
Teco;211;true;1;1738.9;824.6;269.9;821.2;1718.0;843.8
Teco;212;true;1;1740.7;824.7;291.0;807.4;1719.7;843.7
Teco;213;true;1;1742.5;824.8;312.0;794.0;1721.3;843.6
Teco;214;true;1;1744.0;824.9;333.2;781.0;1722.6;843.5
Teco;215;true;1;1744.9;825.0;354.3;768.5;1723.4;843.5
Teco;216;true;2;1737.5;810.1;375.5;756.3;1699.2;827.5
Teco;217;true;2;1737.1;810.1;395.7;742.9;1698.8;827.5
Teco;218;true;2;1736.0;810.1;416.6;731.3;1697.8;827.7
Teco;219;true;2;1734.5;810.1;437.4;720.1;1696.5;828.0
Teco;220;true;2;1732.8;810.0;458.2;709.3;1694.9;828.3
Teco;221;true;2;1731.2;810.0;478.8;698.9;1693.5;828.6
Teco;222;true;2;1729.9;810.0;499.4;688.9;1692.3;828.8
Teco;223;true;3;1714.8;820.9;520.0;679.3;1682.8;853.2
Teco;224;true;3;1714.0;821.0;537.8;672.4;1682.2;853.4
Teco;225;true;3;1712.0;821.2;558.2;663.8;1680.5;854.0
Teco;226;true;3;1709.2;821.5;578.4;655.6;1678.3;854.8
Teco;227;true;3;1706.1;821.9;598.3;647.9;1675.7;855.7
Teco;228;true;3;1703.1;822.3;618.1;640.6;1673.3;856.7
Teco;229;true;3;1700.6;822.7;637.7;633.7;1671.3;857.5
Teco;230;true;3;1699.2;823.0;657.5;627.2;1670.2;857.9
Teco;231;true;4;1713.3;810.7;677.5;621.1;1684.2;840.8
Teco;232;true;4;1714.0;810.7;702.5;611.4;1684.8;840.6
Teco;233;true;4;1716.0;810.5;723.3;605.8;1686.5;840.1
Teco;234;true;4;1718.8;810.3;744.7;600.6;1688.8;839.5
Teco;235;true;4;1721.9;810.2;766.3;595.7;1691.5;838.8
Teco;236;true;4;1724.9;810.1;788.2;591.3;1694.0;838.2
Teco;237;true;4;1727.4;810.0;810.1;587.3;1696.1;837.8
Teco;238;true;1;1735.5;824.4;831.9;583.7;1715.1;844.1
Teco;239;true;1;1736.0;824.5;856.1;586.6;1715.5;844.0
Teco;240;true;1;1737.2;824.5;877.3;584.0;1716.5;843.9
Teco;241;true;1;1738.9;824.6;898.8;581.9;1718.0;843.8
Teco;242;true;1;1740.7;824.7;920.5;580.2;1719.7;843.7
Teco;243;true;1;1742.5;824.8;942.4;578.8;1721.3;843.6
Teco;244;true;1;1744.0;824.9;964.2;578.0;1722.6;843.5
Teco;245;true;1;1744.9;825.0;986.0;577.5;1723.4;843.5
Teco;246;true;2;1737.5;810.1;1007.5;577.3;1699.2;827.5
Teco;247;true;2;1737.1;810.1;1024.7;569.8;1698.8;827.5
Teco;248;true;2;1736.0;810.1;1045.4;570.2;1697.8;827.7
Teco;249;true;2;1734.5;810.1;1065.8;571.0;1696.5;828.0
Teco;250;true;2;1732.8;810.0;1085.9;572.3;1694.9;828.3
Teco;251;true;2;1731.2;810.0;1105.8;573.9;1693.5;828.6
Teco;252;true;2;1729.9;810.0;1125.7;575.9;1692.3;828.8
Teco;253;true;3;1714.8;820.9;1145.8;578.4;1682.8;853.2
Teco;254;true;3;1714.0;821.0;1157.3;588.1;1682.2;853.4
Teco;255;true;3;1712.0;821.2;1177.4;591.5;1680.5;854.0
Teco;256;true;3;1709.2;821.5;1196.7;595.5;1678.3;854.8
Teco;257;true;3;1706.1;821.9;1215.5;599.9;1675.7;855.7
Teco;258;true;3;1703.1;822.3;1233.9;604.8;1673.3;856.7
Teco;259;true;3;1700.6;822.7;1252.4;610.1;1671.3;857.5
Teco;260;true;3;1699.2;823.0;1271.1;615.8;1670.2;857.9
Teco;261;true;4;1713.3;810.7;1290.5;621.8;1684.2;840.8
Teco;262;true;4;1714.0;810.7;1321.3;619.1;1684.8;840.6
Teco;263;true;4;1716.0;810.5;1342.5;625.5;1686.5;840.1
Teco;264;true;4;1718.8;810.3;1364.7;632.3;1688.8;839.5
Teco;265;true;4;1721.9;810.2;1387.5;639.4;1691.5;838.8
Teco;266;true;4;1724.9;810.1;1410.7;646.9;1694.0;838.2
Teco;267;true;4;1727.4;810.0;1433.8;654.9;1696.1;837.8
Teco;268;true;1;1735.5;824.4;1456.6;663.4;1715.1;844.1
Teco;269;true;1;1736.0;824.5;1484.3;684.3;1715.5;844.0
Teco;270;true;1;1737.2;824.5;1505.6;693.7;1716.5;843.9
Teco;271;true;1;1738.9;824.6;1527.6;703.7;1718.0;843.8
Teco;272;true;1;1740.7;824.7;1550.0;714.0;1719.7;843.7
Teco;273;true;1;1742.5;824.8;1572.7;724.8;1721.3;843.6
Teco;274;true;1;1744.0;824.9;1595.3;736.0;1722.6;843.5
Teco;275;true;1;1744.9;825.0;1617.7;747.6;1723.4;843.5
Teco;276;true;2;1737.5;810.1;1639.5;759.5;1699.2;827.5
Teco;277;true;2;1737.1;810.1;1653.6;757.8;1698.8;827.5
Teco;278;true;2;1736.0;810.1;1674.2;770.3;1697.8;827.7
Teco;279;true;2;1734.5;810.1;1694.1;783.1;1696.5;828.0
Teco;280;true;2;1732.8;810.0;1713.6;796.4;1694.9;828.3
Teco;281;false;1;1730.0;820.0;inf;inf;1695.0;843.5
Teco;282;false;2;1730.0;820.0;inf;inf;1709.0;846.0
Teco;283;false;2;1730.0;820.0;inf;inf;1709.0;846.0
Teco;284;false;2;1730.0;820.0;inf;inf;1709.0;846.0
Teco;285;false;3;1730.0;820.0;inf;inf;1709.0;846.0
Teco;286;false;3;1730.0;820.0;inf;inf;1709.0;846.0
Teco;287;false;3;1730.0;820.0;inf;inf;1709.0;846.0
Teco;288;false;4;1730.0;820.0;inf;inf;1714.0;850.5
Teco;289;false;4;1730.0;820.0;inf;inf;1714.0;850.5
Teco;290;false;4;1730.0;820.0;inf;inf;1714.0;850.5
Teco;291;false;4;1730.0;820.0;inf;inf;1714.0;850.5
Teco;292;false;5;1730.0;820.0;inf;inf;1703.0;841.0
Teco;293;false;5;1730.0;820.0;inf;inf;1703.0;841.0
Teco;294;false;5;1730.0;820.0;inf;inf;1703.0;841.0
Teco;295;false;6;1730.0;820.0;inf;inf;1703.0;841.0
Teco;296;false;6;1730.0;820.0;inf;inf;1703.0;841.0
Teco;297;false;6;1730.0;820.0;inf;inf;1703.0;841.0
Teco;298;false;7;1730.0;820.0;inf;inf;1693.5;841.0
Teco;299;false;7;1730.0;820.0;inf;inf;1693.5;841.0
Teco;300;false;7;1730.0;820.0;inf;inf;1693.5;841.0
Teco;301;false;7;1730.0;820.0;inf;inf;1693.5;841.0
Teco;302;false;8;1730.0;820.0;inf;inf;1693.5;841.0
Teco;303;false;8;1730.0;820.0;inf;inf;1693.5;841.0
Teco;304;false;8;1730.0;820.0;inf;inf;1693.5;841.0
Teco;305;false;9;1730.0;820.0;inf;inf;1696.0;835.5
Teco;306;false;9;1730.0;820.0;inf;inf;1696.0;835.5
Teco;307;false;9;1730.0;820.0;inf;inf;1696.0;835.5
Teco;308;false;10;1730.0;820.0;inf;inf;1711.0;846.5
Teco;309;false;10;1730.0;820.0;inf;inf;1711.0;846.5
Teco;310;false;10;1730.0;820.0;inf;inf;1711.0;846.5
Teco;311;false;10;1730.0;820.0;inf;inf;1711.0;846.5
Teco;312;false;11;1730.0;820.0;inf;inf;1690.0;843.5
Teco;313;false;11;1730.0;820.0;inf;inf;1690.0;843.5
Teco;314;false;11;1730.0;820.0;inf;inf;1690.0;843.5
Teco;315;false;12;1730.0;820.0;inf;inf;1690.0;843.5
Teco;316;false;12;1730.0;820.0;inf;inf;1690.0;843.5
Teco;317;false;12;1730.0;820.0;inf;inf;1690.0;843.5
Teco;318;false;1;1730.0;820.0;inf;inf;1695.0;843.5
Teco;319;false;1;1730.0;820.0;inf;inf;1695.0;843.5
Teco;320;false;1;1730.0;820.0;inf;inf;1695.0;843.5
Teco;321;false;1;1730.0;820.0;inf;inf;1695.0;843.5
Teco;322;false;2;1730.0;820.0;inf;inf;1709.0;846.0
Teco;323;false;2;1730.0;820.0;inf;inf;1709.0;846.0
Teco;324;false;2;1730.0;820.0;inf;inf;1709.0;846.0
Teco;325;false;3;1730.0;820.0;inf;inf;1709.0;846.0
Teco;326;false;3;1730.0;820.0;inf;inf;1709.0;846.0
Teco;327;false;3;1730.0;820.0;inf;inf;1709.0;846.0
Teco;328;false;4;1730.0;820.0;inf;inf;1714.0;850.5
Teco;329;false;4;1730.0;820.0;inf;inf;1714.0;850.5
Teco;330;false;4;1730.0;820.0;inf;inf;1714.0;850.5
Teco;331;false;4;1730.0;820.0;inf;inf;1714.0;850.5
Teco;332;false;5;1730.0;820.0;inf;inf;1703.0;841.0
Teco;333;false;5;1730.0;820.0;inf;inf;1703.0;841.0
Teco;334;false;5;1730.0;820.0;inf;inf;1703.0;841.0
Teco;335;false;6;1730.0;820.0;inf;inf;1703.0;841.0
Teco;336;false;6;1730.0;820.0;inf;inf;1703.0;841.0
Teco;337;false;6;1730.0;820.0;inf;inf;1703.0;841.0
Teco;338;false;7;1730.0;820.0;inf;inf;1693.5;841.0
Teco;339;false;7;1730.0;820.0;inf;inf;1693.5;841.0
Teco;340;false;7;1730.0;820.0;inf;inf;1693.5;841.0
Teco;341;false;7;1730.0;820.0;inf;inf;1693.5;841.0
Teco;342;false;8;1730.0;820.0;inf;inf;1693.5;841.0
Teco;343;false;8;1730.0;820.0;inf;inf;1693.5;841.0
Teco;344;false;8;1730.0;820.0;inf;inf;1693.5;841.0
Teco;345;false;9;1730.0;820.0;inf;inf;1696.0;835.5
Teco;346;false;9;1730.0;820.0;inf;inf;1696.0;835.5
Teco;347;false;9;1730.0;820.0;inf;inf;1696.0;835.5
Teco;348;false;10;1730.0;820.0;inf;inf;1711.0;846.5
Teco;349;false;10;1730.0;820.0;inf;inf;1711.0;846.5
Teco;350;false;10;1730.0;820.0;inf;inf;1711.0;846.5
Teco;351;false;10;1730.0;820.0;inf;inf;1711.0;846.5
Teco;352;false;11;1730.0;820.0;inf;inf;1690.0;843.5
Teco;353;false;11;1730.0;820.0;inf;inf;1690.0;843.5
Teco;354;false;11;1730.0;820.0;inf;inf;1690.0;843.5
Teco;355;false;12;1730.0;820.0;inf;inf;1690.0;843.5
Teco;356;false;12;1730.0;820.0;inf;inf;1690.0;843.5
Teco;357;false;12;1730.0;820.0;inf;inf;1690.0;843.5
Teco;358;false;1;1730.0;820.0;inf;inf;1695.0;843.5
Teco;359;false;1;1730.0;820.0;inf;inf;1695.0;843.5
Teco;360;false;1;1730.0;820.0;inf;inf;1695.0;843.5
Teco;361;false;1;1730.0;820.0;inf;inf;1695.0;843.5
Teco;362;false;2;1730.0;820.0;inf;inf;1709.0;846.0
Teco;363;false;2;1730.0;820.0;inf;inf;1709.0;846.0
Teco;364;false;2;1730.0;820.0;inf;inf;1709.0;846.0
Teco;365;false;3;1730.0;820.0;inf;inf;1709.0;846.0
Teco;366;false;3;1730.0;820.0;inf;inf;1709.0;846.0
Teco;367;false;3;1730.0;820.0;inf;inf;1709.0;846.0
Teco;368;false;4;1730.0;820.0;inf;inf;1714.0;850.5
Teco;369;false;4;1730.0;820.0;inf;inf;1714.0;850.5
Teco;370;false;4;1730.0;820.0;inf;inf;1714.0;850.5
Teco;371;false;4;1730.0;820.0;inf;inf;1714.0;850.5
Teco;372;false;5;1730.0;820.0;inf;inf;1703.0;841.0
Teco;373;false;5;1730.0;820.0;inf;inf;1703.0;841.0
Teco;374;false;5;1730.0;820.0;inf;inf;1703.0;841.0
Teco;375;false;6;1730.0;820.0;inf;inf;1703.0;841.0
Teco;376;false;6;1730.0;820.0;inf;inf;1703.0;841.0
Teco;377;false;6;1730.0;820.0;inf;inf;1703.0;841.0
Teco;378;false;7;1730.0;820.0;inf;inf;1693.5;841.0
Teco;379;false;7;1730.0;820.0;inf;inf;1693.5;841.0
Teco;380;false;7;1730.0;820.0;inf;inf;1693.5;841.0
Teco;381;false;7;1730.0;820.0;inf;inf;1693.5;841.0
Teco;382;false;8;1730.0;820.0;inf;inf;1693.5;841.0
Teco;383;false;8;1730.0;820.0;inf;inf;1693.5;841.0
Teco;384;false;8;1730.0;820.0;inf;inf;1693.5;841.0
Teco;385;false;9;1730.0;820.0;inf;inf;1696.0;835.5
Teco;386;false;9;1730.0;820.0;inf;inf;1696.0;835.5
Teco;387;false;9;1730.0;820.0;inf;inf;1696.0;835.5
Teco;388;false;10;1730.0;820.0;inf;inf;1711.0;846.5
Teco;389;false;10;1730.0;820.0;inf;inf;1711.0;846.5
Teco;390;false;10;1730.0;820.0;inf;inf;1711.0;846.5
Teco;391;false;10;1730.0;820.0;inf;inf;1711.0;846.5
Teco;392;false;11;1730.0;820.0;inf;inf;1690.0;843.5
Teco;393;false;11;1730.0;820.0;inf;inf;1690.0;843.5
Teco;394;false;11;1730.0;820.0;inf;inf;1690.0;843.5
Teco;395;false;12;1730.0;820.0;inf;inf;1690.0;843.5
Teco;396;false;12;1730.0;820.0;inf;inf;1690.0;843.5
Teco;397;false;12;1730.0;820.0;inf;inf;1690.0;843.5
Teco;398;false;1;1730.0;820.0;inf;inf;1695.0;843.5
Teco;399;false;1;1730.0;820.0;inf;inf;1695.0;843.5
Teco;400;false;1;1730.0;820.0;inf;inf;1695.0;843.5
Teco;401;false;1;1730.0;820.0;inf;inf;1695.0;843.5
Teco;402;false;2;1730.0;820.0;inf;inf;1709.0;846.0
Teco;403;false;2;1730.0;820.0;inf;inf;1709.0;846.0
Teco;404;false;2;1730.0;820.0;inf;inf;1709.0;846.0
Teco;405;false;3;1730.0;820.0;inf;inf;1709.0;846.0
Teco;406;false;3;1730.0;820.0;inf;inf;1709.0;846.0
Teco;407;false;3;1730.0;820.0;inf;inf;1709.0;846.0
Teco;408;false;4;1730.0;820.0;inf;inf;1714.0;850.5
Teco;409;false;4;1730.0;820.0;inf;inf;1714.0;850.5
Teco;410;false;4;1730.0;820.0;inf;inf;1714.0;850.5
Teco;411;false;4;1730.0;820.0;inf;inf;1714.0;850.5
Teco;412;false;5;1730.0;820.0;inf;inf;1703.0;841.0
Teco;413;false;5;1730.0;820.0;inf;inf;1703.0;841.0
Teco;414;false;5;1730.0;820.0;inf;inf;1703.0;841.0
Teco;415;false;6;1730.0;820.0;inf;inf;1703.0;841.0
Teco;416;false;6;1730.0;820.0;inf;inf;1703.0;841.0
Teco;417;false;6;1730.0;820.0;inf;inf;1703.0;841.0
Teco;418;false;7;1730.0;820.0;inf;inf;1693.5;841.0
Teco;419;false;7;1730.0;820.0;inf;inf;1693.5;841.0
Teco;420;false;7;1730.0;820.0;inf;inf;1693.5;841.0
Teco;421;false;7;1730.0;820.0;inf;inf;1693.5;841.0
Teco;422;false;8;1730.0;820.0;inf;inf;1693.5;841.0
Teco;423;false;8;1730.0;820.0;inf;inf;1693.5;841.0
Teco;424;false;8;1730.0;820.0;inf;inf;1693.5;841.0
Teco;425;false;9;1730.0;820.0;inf;inf;1696.0;835.5
Teco;426;false;9;1730.0;820.0;inf;inf;1696.0;835.5
Teco;427;false;9;1730.0;820.0;inf;inf;1696.0;835.5
Teco;428;false;10;1730.0;820.0;inf;inf;1711.0;846.5
Teco;429;false;10;1730.0;820.0;inf;inf;1711.0;846.5
Teco;430;false;10;1730.0;820.0;inf;inf;1711.0;846.5
Teco;431;false;10;1730.0;820.0;inf;inf;1711.0;846.5
Teco;432;false;11;1730.0;820.0;inf;inf;1690.0;843.5
Teco;433;false;11;1730.0;820.0;inf;inf;1690.0;843.5
Teco;434;false;11;1730.0;820.0;inf;inf;1690.0;843.5
Teco;435;false;12;1730.0;820.0;inf;inf;1690.0;843.5
Teco;436;false;12;1730.0;820.0;inf;inf;1690.0;843.5
Teco;437;false;12;1730.0;820.0;inf;inf;1690.0;843.5
Teco;438;false;1;1730.0;820.0;inf;inf;1695.0;843.5
Teco;439;false;1;1730.0;820.0;inf;inf;1695.0;843.5
Teco;440;false;1;1730.0;820.0;inf;inf;1695.0;843.5
Teco;441;false;1;1730.0;820.0;inf;inf;1695.0;843.5
Teco;442;false;2;1730.0;820.0;inf;inf;1709.0;846.0
Teco;443;false;2;1730.0;820.0;inf;inf;1709.0;846.0
Teco;444;false;2;1730.0;820.0;inf;inf;1709.0;846.0
Teco;445;false;3;1730.0;820.0;inf;inf;1709.0;846.0
Teco;446;false;3;1730.0;820.0;inf;inf;1709.0;846.0
Teco;447;false;3;1730.0;820.0;inf;inf;1709.0;846.0
Teco;448;false;4;1730.0;820.0;inf;inf;1714.0;850.5
Teco;449;false;4;1730.0;820.0;inf;inf;1714.0;850.5
