etapa;quadro;irmao;pose;arte;desenho;giro;pes_x;pes_y;meio_x;meio_y;caixa_dano;objetos
IntroTotem;1;Tico;idle;true;4;0.000;190.0;1000.0;189.0;889.0;150;true
IntroTotem;1;Teco;crouch;true;1;0.000;1730.0;1000.0;1725.5;910.0;150;false
IntroTotem;2;Tico;idle;true;4;0.000;190.0;1000.0;189.0;889.0;150;true
IntroTotem;2;Teco;crouch;true;1;0.000;1730.0;1000.0;1725.5;910.0;150;false
IntroTotem;3;Tico;idle;true;5;0.000;190.0;1000.0;191.0;892.0;150;true
IntroTotem;3;Teco;crouch;true;1;0.000;1730.0;1000.0;1725.5;910.0;150;false
IntroTotem;4;Tico;idle;true;5;0.000;190.0;1000.0;191.0;892.0;150;true
IntroTotem;4;Teco;crouch;true;1;0.000;1730.0;1000.0;1725.5;910.0;150;false
IntroTotem;5;Tico;idle;true;5;0.000;190.0;1000.0;191.0;892.0;150;true
IntroTotem;5;Teco;crouch;true;1;0.000;1730.0;1000.0;1725.5;910.0;150;false
IntroTotem;6;Tico;idle;true;6;0.000;190.0;1000.0;189.5;894.0;150;true
IntroTotem;6;Teco;crouch;true;1;0.000;1730.0;1000.0;1725.5;910.0;150;false
IntroTotem;7;Tico;idle;true;6;0.000;190.0;1000.0;189.5;894.0;150;true
IntroTotem;7;Teco;crouch;true;1;0.000;1730.0;1000.0;1725.5;910.0;150;false
IntroTotem;8;Tico;idle;true;6;0.000;190.0;1000.0;189.5;894.0;150;true
IntroTotem;8;Teco;crouch;true;1;0.000;1730.0;1000.0;1725.5;910.0;150;false
IntroTotem;9;Tico;idle;true;7;0.000;190.0;1000.0;193.0;895.0;150;true
IntroTotem;9;Teco;crouch;true;1;0.000;1730.0;1000.0;1725.5;910.0;150;false
IntroTotem;10;Tico;idle;true;7;0.000;190.0;1000.0;193.0;895.0;150;true
IntroTotem;10;Teco;crouch;true;1;0.000;1730.0;1000.0;1725.5;910.0;150;false
IntroTotem;11;Tico;idle;true;7;0.000;190.0;1000.0;193.0;895.0;150;true
IntroTotem;11;Teco;crouch;true;1;0.000;1730.0;1000.0;1725.5;910.0;150;false
IntroTotem;12;Tico;idle;true;7;0.000;190.0;1000.0;193.0;895.0;150;true
IntroTotem;12;Teco;crouch;true;1;0.000;1730.0;1000.0;1725.5;910.0;150;false
IntroTotem;13;Tico;idle;true;8;0.000;190.0;1000.0;193.0;894.0;150;true
IntroTotem;13;Teco;crouch;true;1;0.000;1730.0;1000.0;1725.5;910.0;150;false
IntroTotem;14;Tico;idle;true;8;0.000;190.0;1000.0;193.0;894.0;150;true
IntroTotem;14;Teco;crouch;true;1;0.000;1730.0;1000.0;1725.5;910.0;150;false
IntroTotem;15;Tico;idle;true;8;0.000;190.0;1000.0;193.0;894.0;150;true
IntroTotem;15;Teco;crouch;true;1;0.000;1730.0;1000.0;1725.5;910.0;150;false
IntroTotem;16;Tico;idle;true;9;0.000;190.0;1000.0;192.0;891.0;150;true
IntroTotem;16;Teco;crouch;true;1;0.000;1730.0;1000.0;1725.5;910.0;150;false
IntroTotem;17;Tico;idle;true;9;0.000;190.0;1000.0;192.0;891.0;150;true
IntroTotem;17;Teco;crouch;true;1;0.000;1730.0;1000.0;1725.5;910.0;150;false
IntroTotem;18;Tico;idle;true;9;0.000;190.0;1000.0;192.0;891.0;150;true
IntroTotem;18;Teco;crouch;true;1;0.000;1730.0;1000.0;1725.5;910.0;150;false
IntroTotem;19;Tico;idle;true;10;0.000;190.0;1000.0;189.5;889.5;150;true
IntroTotem;19;Teco;crouch;true;1;0.000;1730.0;1000.0;1725.5;910.0;150;false
IntroTotem;20;Tico;idle;true;10;0.000;190.0;1000.0;189.5;889.5;150;true
IntroTotem;20;Teco;crouch;true;1;0.000;1730.0;1000.0;1725.5;910.0;150;false
IntroTotem;21;Tico;idle;true;10;0.000;190.0;1000.0;189.5;889.5;150;true
IntroTotem;21;Teco;crouch;true;1;0.000;1730.0;1000.0;1725.5;910.0;150;false
IntroTotem;22;Tico;idle;true;10;0.000;190.0;1000.0;189.5;889.5;150;true
IntroTotem;22;Teco;crouch;true;1;0.000;1730.0;1000.0;1725.5;910.0;150;false
IntroTotem;23;Tico;idle;true;11;0.000;190.0;1000.0;192.5;896.0;150;true
IntroTotem;23;Teco;crouch;true;1;0.000;1730.0;1000.0;1725.5;910.0;150;false
IntroTotem;24;Tico;idle;true;11;0.000;190.0;1000.0;192.5;896.0;150;true
IntroTotem;24;Teco;crouch;true;1;0.000;1730.0;1000.0;1725.5;910.0;150;false
IntroTotem;25;Tico;idle;true;11;0.000;190.0;1000.0;192.5;896.0;150;true
IntroTotem;25;Teco;crouch;true;1;0.000;1730.0;1000.0;1725.5;910.0;150;false
IntroTotem;26;Tico;idle;true;12;0.000;190.0;1000.0;191.0;898.0;150;true
IntroTotem;26;Teco;crouch;true;1;0.000;1730.0;1000.0;1725.5;910.0;150;false
IntroTotem;27;Tico;idle;true;12;0.000;190.0;1000.0;191.0;898.0;150;true
IntroTotem;27;Teco;crouch;true;1;0.000;1730.0;1000.0;1725.5;910.0;150;false
IntroTotem;28;Tico;idle;true;12;0.000;190.0;1000.0;191.0;898.0;150;true
IntroTotem;28;Teco;crouch;true;1;0.000;1730.0;1000.0;1725.5;910.0;150;false
IntroTotem;29;Tico;idle;true;1;0.000;190.0;1000.0;191.5;897.5;150;true
IntroTotem;29;Teco;crouch;true;1;0.000;1730.0;1000.0;1725.5;910.0;150;false
IntroTotem;30;Tico;idle;true;1;0.000;190.0;1000.0;191.5;897.5;150;true
IntroTotem;30;Teco;crouch;true;1;0.000;1730.0;1000.0;1725.5;910.0;150;false
IntroTotem;31;Tico;idle;true;1;0.000;190.0;1000.0;191.5;897.5;150;true
IntroTotem;31;Teco;spin;true;2;-0.030;1706.7;972.7;1706.7;875.2;150;false
IntroTotem;32;Tico;idle;true;1;0.000;190.0;1000.0;191.5;897.5;150;true
IntroTotem;32;Teco;spin;true;2;-0.061;1683.3;946.1;1683.3;848.6;150;false
IntroTotem;33;Tico;idle;true;2;0.000;190.0;1000.0;188.5;894.0;150;true
IntroTotem;33;Teco;spin;true;9;-0.091;1660.0;920.3;1664.0;820.8;150;false
IntroTotem;34;Tico;idle;true;2;0.000;190.0;1000.0;188.5;894.0;150;true
IntroTotem;34;Teco;spin;true;9;-0.121;1636.7;895.3;1640.7;795.8;150;false
IntroTotem;35;Tico;idle;true;2;0.000;190.0;1000.0;188.5;894.0;150;true
IntroTotem;35;Teco;spin;true;9;-0.152;1613.3;871.0;1617.3;771.5;150;false
IntroTotem;36;Tico;idle;true;3;0.000;190.0;1000.0;189.5;892.5;150;true
IntroTotem;36;Teco;spin;true;9;-0.182;1590.0;847.5;1594.0;748.0;150;false
IntroTotem;37;Tico;idle;true;3;0.000;190.0;1000.0;189.5;892.5;150;true
IntroTotem;37;Teco;spin;true;8;-0.212;1566.7;824.8;1564.7;718.3;150;false
IntroTotem;38;Tico;idle;true;3;0.000;190.0;1000.0;189.5;892.5;150;true
IntroTotem;38;Teco;spin;true;8;-0.242;1543.3;802.9;1541.3;696.4;150;false
IntroTotem;39;Tico;idle;true;4;0.000;190.0;1000.0;189.0;889.0;150;true
IntroTotem;39;Teco;spin;true;8;-0.273;1520.0;781.7;1518.0;675.2;150;false
IntroTotem;40;Tico;idle;true;4;0.000;190.0;1000.0;189.0;889.0;150;true
IntroTotem;40;Teco;spin;true;8;-0.303;1496.7;761.3;1494.7;654.8;150;false
IntroTotem;41;Tico;idle;true;4;0.000;190.0;1000.0;189.0;889.0;150;true
IntroTotem;41;Teco;spin;true;7;-0.333;1473.3;741.7;1473.3;637.7;150;false
IntroTotem;42;Tico;idle;true;4;0.000;190.0;1000.0;189.0;889.0;150;true
IntroTotem;42;Teco;spin;true;7;-0.364;1450.0;722.8;1450.0;618.8;150;false
IntroTotem;43;Tico;idle;true;5;0.000;190.0;1000.0;191.0;892.0;150;true
IntroTotem;43;Teco;spin;true;7;-0.394;1426.7;704.7;1426.7;600.7;150;false
IntroTotem;44;Tico;idle;true;5;0.000;190.0;1000.0;191.0;892.0;150;true
IntroTotem;44;Teco;spin;true;7;-0.424;1403.3;687.4;1403.3;583.4;150;false
IntroTotem;45;Tico;idle;true;5;0.000;190.0;1000.0;191.0;892.0;150;true
IntroTotem;45;Teco;spin;true;6;-0.455;1380.0;670.9;1380.0;559.4;150;false
IntroTotem;46;Tico;idle;true;6;0.000;190.0;1000.0;189.5;894.0;150;true
IntroTotem;46;Teco;spin;true;6;-0.485;1356.7;655.1;1356.7;543.6;150;false
IntroTotem;47;Tico;idle;true;6;0.000;190.0;1000.0;189.5;894.0;150;true
IntroTotem;47;Teco;spin;true;6;-0.515;1333.3;640.1;1333.3;528.6;150;false
IntroTotem;48;Tico;idle;true;6;0.000;190.0;1000.0;189.5;894.0;150;true
IntroTotem;48;Teco;spin;true;6;-0.545;1310.0;625.9;1310.0;514.4;150;false
IntroTotem;49;Tico;idle;true;7;0.000;190.0;1000.0;193.0;895.0;150;true
IntroTotem;49;Teco;spin;true;5;-0.576;1286.7;612.4;1289.2;511.9;150;false
IntroTotem;50;Tico;idle;true;7;0.000;190.0;1000.0;193.0;895.0;150;true
IntroTotem;50;Teco;spin;true;5;-0.606;1263.3;599.7;1265.8;499.2;150;false
IntroTotem;51;Tico;idle;true;7;0.000;190.0;1000.0;193.0;895.0;150;true
IntroTotem;51;Teco;spin;true;5;-0.636;1240.0;587.8;1242.5;487.3;150;false
IntroTotem;52;Tico;idle;true;7;0.000;190.0;1000.0;193.0;895.0;150;true
IntroTotem;52;Teco;spin;true;5;-0.667;1216.7;576.7;1219.2;476.2;150;false
IntroTotem;53;Tico;idle;true;8;0.000;190.0;1000.0;193.0;894.0;150;true
IntroTotem;53;Teco;spin;true;4;-0.697;1193.3;566.3;1197.8;463.8;150;false
IntroTotem;54;Tico;idle;true;8;0.000;190.0;1000.0;193.0;894.0;150;true
IntroTotem;54;Teco;spin;true;4;-0.727;1170.0;556.7;1174.5;454.2;150;false
IntroTotem;55;Tico;idle;true;8;0.000;190.0;1000.0;193.0;894.0;150;true
IntroTotem;55;Teco;spin;true;4;-0.758;1146.7;547.9;1151.2;445.4;150;false
IntroTotem;56;Tico;idle;true;9;0.000;190.0;1000.0;192.0;891.0;150;true
IntroTotem;56;Teco;spin;true;4;-0.788;1123.3;539.8;1127.8;437.3;150;false
IntroTotem;57;Tico;idle;true;9;0.000;190.0;1000.0;192.0;891.0;150;true
IntroTotem;57;Teco;spin;true;3;-0.818;1100.0;532.5;1100.0;427.5;150;false
IntroTotem;58;Tico;idle;true;9;0.000;190.0;1000.0;192.0;891.0;150;true
IntroTotem;58;Teco;spin;true;3;-0.848;1076.7;526.0;1076.7;421.0;150;false
IntroTotem;59;Tico;idle;true;10;0.000;190.0;1000.0;189.5;889.5;150;true
IntroTotem;59;Teco;spin;true;3;-0.879;1053.3;520.3;1053.3;415.3;150;false
IntroTotem;60;Tico;idle;true;10;0.000;190.0;1000.0;189.5;889.5;150;true
IntroTotem;60;Teco;spin;true;3;-0.909;1030.0;515.3;1030.0;410.3;150;false
IntroTotem;61;Tico;idle;true;10;0.000;190.0;1000.0;189.5;889.5;150;true
IntroTotem;61;Teco;spin;true;2;-0.939;1006.7;511.1;1006.7;413.6;150;false
IntroTotem;62;Tico;idle;true;10;0.000;190.0;1000.0;189.5;889.5;150;true
IntroTotem;62;Teco;spin;true;2;-0.970;983.3;507.7;983.3;410.2;150;false
IntroTotem;63;Tico;idle;true;11;0.000;190.0;1000.0;192.5;896.0;150;true
IntroTotem;63;Teco;spin;true;2;-1.000;960.0;505.0;960.0;407.5;150;false
IntroTotem;64;Tico;idle;true;11;0.000;190.0;1000.0;192.5;896.0;150;true
IntroTotem;64;Teco;spin;true;2;-1.030;936.7;503.1;936.7;405.6;150;false
IntroTotem;65;Tico;idle;true;11;0.000;190.0;1000.0;192.5;896.0;150;true
IntroTotem;65;Teco;spin;true;2;-1.061;913.3;502.0;913.3;404.5;150;false
IntroTotem;66;Tico;idle;true;12;0.000;190.0;1000.0;191.0;898.0;150;true
IntroTotem;66;Teco;spin;true;9;-1.091;890.0;501.7;894.0;402.2;150;false
IntroTotem;67;Tico;idle;true;12;0.000;190.0;1000.0;191.0;898.0;150;true
IntroTotem;67;Teco;spin;true;9;-1.121;866.7;502.1;870.7;402.6;150;false
IntroTotem;68;Tico;idle;true;12;0.000;190.0;1000.0;191.0;898.0;150;true
IntroTotem;68;Teco;spin;true;9;-1.152;843.3;503.3;847.3;403.8;150;false
IntroTotem;69;Tico;idle;true;1;0.000;190.0;1000.0;191.5;897.5;150;true
IntroTotem;69;Teco;spin;true;9;-1.182;820.0;505.2;824.0;405.7;150;false
IntroTotem;70;Tico;idle;true;1;0.000;190.0;1000.0;191.5;897.5;150;true
IntroTotem;70;Teco;spin;true;8;-1.212;796.7;508.0;794.7;401.5;150;false
IntroTotem;71;Tico;idle;true;1;0.000;190.0;1000.0;191.5;897.5;150;true
IntroTotem;71;Teco;spin;true;8;-1.242;773.3;511.5;771.3;405.0;150;false
IntroTotem;72;Tico;idle;true;1;0.000;190.0;1000.0;191.5;897.5;150;true
IntroTotem;72;Teco;spin;true;8;-1.273;750.0;515.8;748.0;409.3;150;false
IntroTotem;73;Tico;idle;true;2;0.000;190.0;1000.0;188.5;894.0;150;true
IntroTotem;73;Teco;spin;true;8;-1.303;726.7;520.8;724.7;414.3;150;false
IntroTotem;74;Tico;idle;true;2;0.000;190.0;1000.0;188.5;894.0;150;true
IntroTotem;74;Teco;spin;true;7;-1.333;703.3;526.7;703.3;422.7;150;false
IntroTotem;75;Tico;idle;true;2;0.000;190.0;1000.0;188.5;894.0;150;true
IntroTotem;75;Teco;spin;true;7;-1.364;680.0;533.3;680.0;429.3;150;false
IntroTotem;76;Tico;idle;true;3;0.000;190.0;1000.0;189.5;892.5;150;true
IntroTotem;76;Teco;spin;true;7;-1.394;656.7;540.6;656.7;436.6;150;false
IntroTotem;77;Tico;idle;true;3;0.000;190.0;1000.0;189.5;892.5;150;true
IntroTotem;77;Teco;spin;true;7;-1.424;633.3;548.8;633.3;444.8;150;false
IntroTotem;78;Tico;idle;true;3;0.000;190.0;1000.0;189.5;892.5;150;true
IntroTotem;78;Teco;spin;true;6;-1.455;610.0;557.7;610.0;446.2;150;false
IntroTotem;79;Tico;idle;true;4;0.000;190.0;1000.0;189.0;889.0;150;true
IntroTotem;79;Teco;spin;true;6;-1.485;586.7;567.4;586.7;455.9;150;false
IntroTotem;80;Tico;idle;true;4;0.000;190.0;1000.0;189.0;889.0;150;true
IntroTotem;80;Teco;spin;true;6;-1.515;563.3;577.8;563.3;466.3;150;false
IntroTotem;81;Tico;idle;true;4;0.000;190.0;1000.0;189.0;889.0;150;true
IntroTotem;81;Teco;spin;true;6;-1.545;540.0;589.0;540.0;477.5;150;false
IntroTotem;82;Tico;idle;true;4;0.000;190.0;1000.0;189.0;889.0;150;true
IntroTotem;82;Teco;spin;true;5;-1.576;516.7;601.0;519.2;500.5;150;false
IntroTotem;83;Tico;idle;true;5;0.000;190.0;1000.0;191.0;892.0;150;true
IntroTotem;83;Teco;spin;true;5;-1.606;493.3;613.8;495.8;513.3;150;false
IntroTotem;84;Tico;idle;true;5;0.000;190.0;1000.0;191.0;892.0;150;true
IntroTotem;84;Teco;spin;true;5;-1.636;470.0;627.4;472.5;526.9;150;false
IntroTotem;85;Tico;idle;true;5;0.000;190.0;1000.0;191.0;892.0;150;true
IntroTotem;85;Teco;spin;true;5;-1.667;446.7;641.7;449.2;541.2;150;false
IntroTotem;86;Tico;idle;true;6;0.000;190.0;1000.0;189.5;894.0;150;true
IntroTotem;86;Teco;spin;true;4;-1.697;423.3;656.7;427.8;554.2;150;false
IntroTotem;87;Tico;idle;true;6;0.000;190.0;1000.0;189.5;894.0;150;true
IntroTotem;87;Teco;spin;true;4;-1.727;400.0;672.6;404.5;570.1;150;false
IntroTotem;88;Tico;idle;true;6;0.000;190.0;1000.0;189.5;894.0;150;true
IntroTotem;88;Teco;spin;true;4;-1.758;376.7;689.2;381.2;586.7;150;false
IntroTotem;89;Tico;idle;true;7;0.000;190.0;1000.0;193.0;895.0;150;true
IntroTotem;89;Teco;spin;true;4;-1.788;353.3;706.6;357.8;604.1;150;false
IntroTotem;90;Tico;idle;true;7;0.000;190.0;1000.0;193.0;895.0;150;true
IntroTotem;90;Teco;spin;true;3;-1.818;330.0;724.8;330.0;619.8;150;false
IntroTotem;91;Tico;idle;true;7;0.000;190.0;1000.0;193.0;895.0;150;true
IntroTotem;91;Teco;spin;true;3;-1.848;306.7;743.7;306.7;638.7;150;false
IntroTotem;92;Tico;idle;true;7;0.000;190.0;1000.0;193.0;895.0;150;true
IntroTotem;92;Teco;spin;true;3;-1.879;283.3;763.4;283.3;658.4;150;false
IntroTotem;93;Tico;idle;true;8;0.000;190.0;1000.0;193.0;894.0;150;true
IntroTotem;93;Teco;spin;true;3;-1.909;260.0;783.9;260.0;678.9;150;false
IntroTotem;94;Tico;idle;true;8;0.000;190.0;1000.0;193.0;894.0;150;true
IntroTotem;94;Teco;spin;true;2;-1.939;236.7;805.2;236.7;707.7;150;false
IntroTotem;95;Tico;idle;true;8;0.000;190.0;1000.0;193.0;894.0;150;true
IntroTotem;95;Teco;spin;true;2;-1.970;213.3;827.2;213.3;729.7;150;false
IntroTotem;96;Tico;idle;true;9;0.000;190.0;1000.0;192.0;891.0;150;true
IntroTotem;96;Teco;spin;true;2;-2.000;190.0;850.0;190.0;752.5;150;false
IntroTotem;97;Tico;throw;true;4;0.000;190.0;1000.0;190.0;892.0;150;false
IntroTotem;97;Teco;sit;false;0;0.000;190.0;850.0;190.0;745.0;80;false
IntroTotem;98;Tico;throw;true;4;0.000;190.0;1000.0;190.0;892.0;150;false
IntroTotem;98;Teco;sit;false;0;0.000;190.0;850.0;190.0;745.0;80;false
IntroTotem;99;Tico;throw;true;4;0.000;190.0;1000.0;190.0;892.0;150;false
IntroTotem;99;Teco;sit;false;0;0.000;190.0;850.0;190.0;745.0;80;false
IntroTotem;100;Tico;throw;true;4;0.000;190.0;1000.0;190.0;892.0;150;false
IntroTotem;100;Teco;sit;false;0;0.000;190.0;850.0;190.0;745.0;80;false
IntroTotem;101;Tico;throw;true;4;0.000;190.0;1000.0;190.0;892.0;150;false
IntroTotem;101;Teco;sit;false;0;0.000;190.0;850.0;190.0;745.0;80;false
IntroTotem;102;Tico;throw;true;4;0.000;190.0;1000.0;190.0;892.0;150;false
IntroTotem;102;Teco;sit;false;0;0.000;190.0;850.0;190.0;745.0;80;false
IntroTotem;103;Tico;throw;true;4;0.000;190.0;1000.0;190.0;892.0;150;false
IntroTotem;103;Teco;sit;false;0;0.000;190.0;850.0;190.0;745.0;80;false
IntroTotem;104;Tico;throw;true;4;0.000;190.0;1000.0;190.0;892.0;150;false
IntroTotem;104;Teco;sit;false;0;0.000;190.0;850.0;190.0;745.0;80;false
IntroTotem;105;Tico;throw;true;4;0.000;190.0;1000.0;190.0;892.0;150;false
IntroTotem;105;Teco;sit;false;0;0.000;190.0;850.0;190.0;745.0;80;false
IntroTotem;106;Tico;throw;true;4;0.000;190.0;1000.0;190.0;892.0;150;false
IntroTotem;106;Teco;sit;false;0;0.000;190.0;850.0;190.0;745.0;80;false
IntroTotem;107;Tico;throw;true;4;0.000;190.0;1000.0;190.0;892.0;150;false
IntroTotem;107;Teco;sit;false;0;0.000;190.0;850.0;190.0;745.0;80;false
IntroTotem;108;Tico;throw;true;3;0.000;190.0;1000.0;190.0;892.0;150;false
IntroTotem;108;Teco;sit;false;0;0.000;190.0;850.0;190.0;745.0;80;false
IntroTotem;109;Tico;throw;true;3;0.000;190.0;1000.0;190.0;892.0;150;false
IntroTotem;109;Teco;sit;false;0;0.000;190.0;850.0;190.0;745.0;80;false
IntroTotem;110;Tico;throw;true;3;0.000;190.0;1000.0;190.0;892.0;150;false
IntroTotem;110;Teco;sit;false;0;0.000;190.0;850.0;190.0;745.0;80;false
IntroTotem;111;Tico;throw;true;3;0.000;190.0;1000.0;190.0;892.0;150;false
IntroTotem;111;Teco;sit;false;0;0.000;190.0;850.0;190.0;745.0;80;false
IntroTotem;112;Tico;throw;true;3;0.000;190.0;1000.0;190.0;892.0;150;false
IntroTotem;112;Teco;sit;false;0;0.000;190.0;850.0;190.0;745.0;80;false
IntroTotem;113;Tico;throw;true;3;0.000;190.0;1000.0;190.0;892.0;150;false
IntroTotem;113;Teco;sit;false;0;0.000;190.0;850.0;190.0;745.0;80;false
IntroTotem;114;Tico;throw;true;3;0.000;190.0;1000.0;190.0;892.0;150;false
IntroTotem;114;Teco;sit;false;0;0.000;190.0;850.0;190.0;745.0;80;false
IntroTotem;115;Tico;throw;true;3;0.000;190.0;1000.0;190.0;892.0;150;false
IntroTotem;115;Teco;sit;false;0;0.000;190.0;850.0;190.0;745.0;80;false
IntroTotem;116;Tico;throw;true;2;0.000;190.0;1000.0;190.0;892.0;150;false
IntroTotem;116;Teco;sit;false;0;0.000;190.0;850.0;190.0;745.0;80;false
IntroTotem;117;Tico;throw;true;2;0.000;190.0;1000.0;190.0;892.0;150;false
IntroTotem;117;Teco;sit;false;0;0.000;190.0;850.0;190.0;745.0;80;false
IntroTotem;118;Tico;throw;true;2;0.000;190.0;1000.0;190.0;892.0;150;false
IntroTotem;118;Teco;sit;false;0;0.000;190.0;850.0;190.0;745.0;80;false
IntroTotem;119;Tico;throw;true;2;0.000;190.0;1000.0;190.0;892.0;150;false
IntroTotem;119;Teco;sit;false;0;0.000;190.0;850.0;190.0;745.0;80;false
IntroTotem;120;Tico;throw;true;2;0.000;190.0;1000.0;190.0;892.0;150;false
IntroTotem;120;Teco;sit;false;0;0.000;190.0;850.0;190.0;745.0;80;false
IntroTotem;121;Tico;throw;true;2;0.000;190.0;1000.0;190.0;892.0;150;false
IntroTotem;121;Teco;sit;false;0;0.000;190.0;850.0;190.0;745.0;80;false
IntroTotem;122;Tico;idle;true;4;0.000;190.0;1000.0;189.0;889.0;150;true
IntroTotem;122;Teco;sit;false;0;0.000;190.0;850.0;190.0;745.0;80;false
IntroTotem;123;Tico;idle;true;5;0.000;190.0;1000.0;191.0;892.0;150;true
IntroTotem;123;Teco;sit;false;0;0.000;190.0;850.0;190.0;745.0;80;false
IntroTotem;124;Tico;idle;true;5;0.000;190.0;1000.0;191.0;892.0;150;true
IntroTotem;124;Teco;sit;false;0;0.000;190.0;850.0;190.0;745.0;80;false
IntroTotem;125;Tico;idle;true;5;0.000;190.0;1000.0;191.0;892.0;150;true
IntroTotem;125;Teco;sit;false;0;0.000;190.0;850.0;190.0;745.0;80;false
IntroTotem;126;Tico;idle;true;6;0.000;190.0;1000.0;189.5;894.0;150;true
IntroTotem;126;Teco;sit;false;0;0.000;190.0;850.0;190.0;745.0;80;false
IntroTotem;127;Tico;idle;true;6;0.000;190.0;1000.0;189.5;894.0;150;true
IntroTotem;127;Teco;sit;false;0;0.000;190.0;850.0;190.0;745.0;80;false
IntroTotem;128;Tico;idle;true;6;0.000;190.0;1000.0;189.5;894.0;150;true
IntroTotem;128;Teco;sit;false;0;0.000;190.0;850.0;190.0;745.0;80;false
IntroTotem;129;Tico;idle;true;7;0.000;190.0;1000.0;193.0;895.0;150;true
IntroTotem;129;Teco;sit;false;0;0.000;190.0;850.0;190.0;745.0;80;false
IntroTotem;130;Tico;idle;true;7;0.000;190.0;1000.0;193.0;895.0;150;true
IntroTotem;130;Teco;sit;false;0;0.000;190.0;850.0;190.0;745.0;80;false
IntroTotem;131;Tico;idle;true;7;0.000;190.0;1000.0;193.0;895.0;150;true
IntroTotem;131;Teco;sit;false;0;0.000;190.0;850.0;190.0;745.0;80;false
IntroTotem;132;Tico;idle;true;7;0.000;190.0;1000.0;193.0;895.0;150;true
IntroTotem;132;Teco;sit;false;0;0.000;190.0;850.0;190.0;745.0;80;false
IntroTotem;133;Tico;idle;true;8;0.000;190.0;1000.0;193.0;894.0;150;true
IntroTotem;133;Teco;sit;false;0;0.000;190.0;850.0;190.0;745.0;80;false
IntroTotem;134;Tico;idle;true;8;0.000;190.0;1000.0;193.0;894.0;150;true
IntroTotem;134;Teco;sit;false;0;0.000;190.0;850.0;190.0;745.0;80;false
IntroTotem;135;Tico;idle;true;8;0.000;190.0;1000.0;193.0;894.0;150;true
IntroTotem;135;Teco;sit;false;0;0.000;190.0;850.0;190.0;745.0;80;false
IntroTotem;136;Tico;idle;true;9;0.000;190.0;1000.0;192.0;891.0;150;true
IntroTotem;136;Teco;sit;false;0;0.000;190.0;850.0;190.0;745.0;80;false
IntroTotem;137;Tico;idle;true;9;0.000;190.0;1000.0;192.0;891.0;150;true
IntroTotem;137;Teco;sit;false;0;0.000;190.0;850.0;190.0;745.0;80;false
IntroTotem;138;Tico;idle;true;9;0.000;190.0;1000.0;192.0;891.0;150;true
IntroTotem;138;Teco;sit;false;0;0.000;190.0;850.0;190.0;745.0;80;false
IntroTotem;139;Tico;idle;true;10;0.000;190.0;1000.0;189.5;889.5;150;true
IntroTotem;139;Teco;sit;false;0;0.000;190.0;850.0;190.0;745.0;80;false
IntroTotem;140;Tico;idle;true;10;0.000;190.0;1000.0;189.5;889.5;150;true
IntroTotem;140;Teco;sit;false;0;0.000;190.0;850.0;190.0;745.0;80;false
IntroTotem;141;Tico;idle;true;10;0.000;190.0;1000.0;189.5;889.5;150;true
IntroTotem;141;Teco;sit;false;0;0.000;190.0;850.0;190.0;745.0;80;false
IntroTotem;142;Tico;idle;true;10;0.000;190.0;1000.0;189.5;889.5;150;true
IntroTotem;142;Teco;sit;false;0;0.000;190.0;850.0;190.0;745.0;80;false
IntroTotem;143;Tico;idle;true;11;0.000;190.0;1000.0;192.5;896.0;150;true
IntroTotem;143;Teco;sit;false;0;0.000;190.0;850.0;190.0;745.0;80;false
IntroTotem;144;Tico;idle;true;11;0.000;190.0;1000.0;192.5;896.0;150;true
IntroTotem;144;Teco;sit;false;0;0.000;190.0;850.0;190.0;745.0;80;false
IntroTotem;145;Tico;idle;true;11;0.000;190.0;1000.0;192.5;896.0;150;true
IntroTotem;145;Teco;sit;false;0;0.000;190.0;850.0;190.0;745.0;80;false
IntroTotem;146;Tico;idle;true;12;0.000;190.0;1000.0;191.0;898.0;150;true
IntroTotem;146;Teco;sit;false;0;0.000;190.0;850.0;190.0;745.0;80;false
IntroTotem;147;Tico;idle;true;12;0.000;190.0;1000.0;191.0;898.0;150;true
IntroTotem;147;Teco;sit;false;0;0.000;190.0;850.0;190.0;745.0;80;false
IntroTotem;148;Tico;idle;true;12;0.000;190.0;1000.0;191.0;898.0;150;true
IntroTotem;148;Teco;sit;false;0;0.000;190.0;850.0;190.0;745.0;80;false
IntroTotem;149;Tico;idle;true;1;0.000;190.0;1000.0;191.5;897.5;150;true
IntroTotem;149;Teco;sit;false;0;0.000;190.0;850.0;190.0;745.0;80;false
IntroTotem;150;Tico;idle;true;1;0.000;190.0;1000.0;191.5;897.5;150;true
IntroTotem;150;Teco;sit;false;0;0.000;190.0;850.0;190.0;745.0;80;false
;151;Tico;idle;true;1;0.000;190.0;1000.0;191.5;897.5;150;true
;151;Teco;sit;false;0;0.000;190.0;850.0;190.0;745.0;80;false
;152;Tico;idle;true;1;0.000;190.0;1000.0;191.5;897.5;150;true
;152;Teco;sit;false;0;0.000;190.0;850.0;190.0;745.0;80;false
;153;Tico;idle;true;2;0.000;190.0;1000.0;188.5;894.0;150;true
;153;Teco;sit;false;0;0.000;190.0;850.0;190.0;745.0;80;false
;154;Tico;idle;true;2;0.000;190.0;1000.0;188.5;894.0;150;true
;154;Teco;sit;false;0;0.000;190.0;850.0;190.0;745.0;80;false
;155;Tico;idle;true;2;0.000;190.0;1000.0;188.5;894.0;150;true
;155;Teco;sit;false;0;0.000;190.0;850.0;190.0;745.0;80;false
;156;Tico;idle;true;3;0.000;190.0;1000.0;189.5;892.5;150;true
;156;Teco;sit;false;0;0.000;190.0;850.0;190.0;745.0;80;false
;157;Tico;idle;true;3;0.000;190.0;1000.0;189.5;892.5;150;true
;157;Teco;sit;false;0;0.000;190.0;850.0;190.0;745.0;80;false
;158;Tico;idle;true;3;0.000;190.0;1000.0;189.5;892.5;150;true
;158;Teco;sit;false;0;0.000;190.0;850.0;190.0;745.0;80;false
;159;Tico;idle;true;4;0.000;190.0;1000.0;189.0;889.0;150;true
;159;Teco;sit;false;0;0.000;190.0;850.0;190.0;745.0;80;false
;160;Tico;idle;true;4;0.000;190.0;1000.0;189.0;889.0;150;true
;160;Teco;sit;false;0;0.000;190.0;850.0;190.0;745.0;80;false
;161;Tico;idle;true;4;0.000;190.0;1000.0;189.0;889.0;150;true
;161;Teco;sit;false;0;0.000;190.0;850.0;190.0;745.0;80;false
;162;Tico;idle;true;4;0.000;190.0;1000.0;189.0;889.0;150;true
;162;Teco;sit;false;0;0.000;190.0;850.0;190.0;745.0;80;false
;163;Tico;idle;true;5;0.000;190.0;1000.0;191.0;892.0;150;true
;163;Teco;sit;false;0;0.000;190.0;850.0;190.0;745.0;80;false
;164;Tico;idle;true;5;0.000;190.0;1000.0;191.0;892.0;150;true
;164;Teco;sit;false;0;0.000;190.0;850.0;190.0;745.0;80;false
;165;Tico;idle;true;5;0.000;190.0;1000.0;191.0;892.0;150;true
;165;Teco;sit;false;0;0.000;190.0;850.0;190.0;745.0;80;false
;166;Tico;idle;true;6;0.000;190.0;1000.0;189.5;894.0;150;true
;166;Teco;sit;false;0;0.000;190.0;850.0;190.0;745.0;80;false
;167;Tico;idle;true;6;0.000;190.0;1000.0;189.5;894.0;150;true
;167;Teco;sit;false;0;0.000;190.0;850.0;190.0;745.0;80;false
;168;Tico;idle;true;6;0.000;190.0;1000.0;189.5;894.0;150;true
;168;Teco;sit;false;0;0.000;190.0;850.0;190.0;745.0;80;false
;169;Tico;idle;true;7;0.000;190.0;1000.0;193.0;895.0;150;true
;169;Teco;sit;false;0;0.000;190.0;850.0;190.0;745.0;80;false
;170;Tico;idle;true;7;0.000;190.0;1000.0;193.0;895.0;150;true
;170;Teco;sit;false;0;0.000;190.0;850.0;190.0;745.0;80;false
;171;Tico;idle;true;7;0.000;190.0;1000.0;193.0;895.0;150;true
;171;Teco;sit;false;0;0.000;190.0;850.0;190.0;745.0;80;false
;172;Tico;idle;true;7;0.000;190.0;1000.0;193.0;895.0;150;true
;172;Teco;sit;false;0;0.000;190.0;850.0;190.0;745.0;80;false
;173;Tico;idle;true;8;0.000;190.0;1000.0;193.0;894.0;150;true
;173;Teco;sit;false;0;0.000;190.0;850.0;190.0;745.0;80;false
;174;Tico;idle;true;8;0.000;190.0;1000.0;193.0;894.0;150;true
;174;Teco;sit;false;0;0.000;190.0;850.0;190.0;745.0;80;false
;175;Tico;idle;true;8;0.000;190.0;1000.0;193.0;894.0;150;true
;175;Teco;sit;false;0;0.000;190.0;850.0;190.0;745.0;80;false
;176;Tico;idle;true;9;0.000;190.0;1000.0;192.0;891.0;150;true
;176;Teco;sit;false;0;0.000;190.0;850.0;190.0;745.0;80;false
;177;Tico;idle;true;9;0.000;190.0;1000.0;192.0;891.0;150;true
;177;Teco;sit;false;0;0.000;190.0;850.0;190.0;745.0;80;false
;178;Tico;idle;true;9;0.000;190.0;1000.0;192.0;891.0;150;true
;178;Teco;sit;false;0;0.000;190.0;850.0;190.0;745.0;80;false
;179;Tico;idle;true;10;0.000;190.0;1000.0;189.5;889.5;150;true
;179;Teco;sit;false;0;0.000;190.0;850.0;190.0;745.0;80;false
;180;Tico;idle;true;10;0.000;190.0;1000.0;189.5;889.5;150;true
;180;Teco;sit;false;0;0.000;190.0;850.0;190.0;745.0;80;false
;181;Tico;idle;true;10;0.000;190.0;1000.0;189.5;889.5;150;true
;181;Teco;sit;false;0;0.000;190.0;850.0;190.0;745.0;80;false
;182;Tico;idle;true;10;0.000;190.0;1000.0;189.5;889.5;150;true
;182;Teco;sit;false;0;0.000;190.0;850.0;190.0;745.0;80;false
;183;Tico;idle;true;11;0.000;190.0;1000.0;192.5;896.0;150;true
;183;Teco;sit;false;0;0.000;190.0;850.0;190.0;745.0;80;false
;184;Tico;idle;true;11;0.000;190.0;1000.0;192.5;896.0;150;true
;184;Teco;sit;false;0;0.000;190.0;850.0;190.0;745.0;80;false
;185;Tico;idle;true;11;0.000;190.0;1000.0;192.5;896.0;150;true
;185;Teco;sit;false;0;0.000;190.0;850.0;190.0;745.0;80;false
;186;Tico;idle;true;12;0.000;190.0;1000.0;191.0;898.0;150;true
;186;Teco;sit;false;0;0.000;190.0;850.0;190.0;745.0;80;false
;187;Tico;idle;true;12;0.000;190.0;1000.0;191.0;898.0;150;true
;187;Teco;sit;false;0;0.000;190.0;850.0;190.0;745.0;80;false
;188;Tico;idle;true;12;0.000;190.0;1000.0;191.0;898.0;150;true
;188;Teco;sit;false;0;0.000;190.0;850.0;190.0;745.0;80;false
;189;Tico;idle;true;1;0.000;190.0;1000.0;191.5;897.5;150;true
;189;Teco;sit;false;0;0.000;190.0;850.0;190.0;745.0;80;false
;190;Tico;idle;true;1;0.000;190.0;1000.0;191.5;897.5;150;true
;190;Teco;sit;false;0;0.000;190.0;850.0;190.0;745.0;80;false
;191;Tico;idle;true;1;0.000;190.0;1000.0;191.5;897.5;150;true
;191;Teco;sit;false;0;0.000;190.0;850.0;190.0;745.0;80;false
;192;Tico;idle;true;1;0.000;190.0;1000.0;191.5;897.5;150;true
;192;Teco;sit;false;0;0.000;190.0;850.0;190.0;745.0;80;false
;193;Tico;idle;true;2;0.000;190.0;1000.0;188.5;894.0;150;true
;193;Teco;sit;false;0;0.000;190.0;850.0;190.0;745.0;80;false
;194;Tico;idle;true;2;0.000;190.0;1000.0;188.5;894.0;150;true
;194;Teco;sit;false;0;0.000;190.0;850.0;190.0;745.0;80;false
;195;Tico;idle;true;2;0.000;190.0;1000.0;188.5;894.0;150;true
;195;Teco;sit;false;0;0.000;190.0;850.0;190.0;745.0;80;false
;196;Tico;idle;true;3;0.000;190.0;1000.0;189.5;892.5;150;true
;196;Teco;sit;false;0;0.000;190.0;850.0;190.0;745.0;80;false
;197;Tico;idle;true;3;0.000;190.0;1000.0;189.5;892.5;150;true
;197;Teco;sit;false;0;0.000;190.0;850.0;190.0;745.0;80;false
;198;Tico;idle;true;3;0.000;190.0;1000.0;189.5;892.5;150;true
;198;Teco;sit;false;0;0.000;190.0;850.0;190.0;745.0;80;false
;199;Tico;idle;true;4;0.000;190.0;1000.0;189.0;889.0;150;true
;199;Teco;sit;false;0;0.000;190.0;850.0;190.0;745.0;80;false
;200;Tico;idle;true;4;0.000;190.0;1000.0;189.0;889.0;150;true
;200;Teco;sit;false;0;0.000;190.0;850.0;190.0;745.0;80;false
;201;Tico;idle;true;4;0.000;190.0;1000.0;189.0;889.0;150;true
;201;Teco;sit;false;0;0.000;190.0;850.0;190.0;745.0;80;false
;202;Tico;idle;true;4;0.000;190.0;1000.0;189.0;889.0;150;true
;202;Teco;sit;false;0;0.000;190.0;850.0;190.0;745.0;80;false
;203;Tico;idle;true;5;0.000;190.0;1000.0;191.0;892.0;150;true
;203;Teco;sit;false;0;0.000;190.0;850.0;190.0;745.0;80;false
;204;Tico;idle;true;5;0.000;190.0;1000.0;191.0;892.0;150;true
;204;Teco;sit;false;0;0.000;190.0;850.0;190.0;745.0;80;false
;205;Tico;idle;true;5;0.000;190.0;1000.0;191.0;892.0;150;true
;205;Teco;sit;false;0;0.000;190.0;850.0;190.0;745.0;80;false
;206;Tico;idle;true;6;0.000;190.0;1000.0;189.5;894.0;150;true
;206;Teco;sit;false;0;0.000;190.0;850.0;190.0;745.0;80;false
;207;Tico;idle;true;6;0.000;190.0;1000.0;189.5;894.0;150;true
;207;Teco;sit;false;0;0.000;190.0;850.0;190.0;745.0;80;false
;208;Tico;idle;true;6;0.000;190.0;1000.0;189.5;894.0;150;true
;208;Teco;sit;false;0;0.000;190.0;850.0;190.0;745.0;80;false
;209;Tico;idle;true;7;0.000;190.0;1000.0;193.0;895.0;150;true
;209;Teco;sit;false;0;0.000;190.0;850.0;190.0;745.0;80;false
;210;Tico;idle;true;7;0.000;190.0;1000.0;193.0;895.0;150;true
;210;Teco;sit;false;0;0.000;190.0;850.0;190.0;745.0;80;false
;211;Tico;idle;true;7;0.000;190.0;1000.0;193.0;895.0;150;true
;211;Teco;sit;false;0;0.000;190.0;850.0;190.0;745.0;80;false
;212;Tico;idle;true;7;0.000;190.0;1000.0;193.0;895.0;150;true
;212;Teco;sit;false;0;0.000;190.0;850.0;190.0;745.0;80;false
;213;Tico;idle;true;8;0.000;190.0;1000.0;193.0;894.0;150;true
;213;Teco;sit;false;0;0.000;190.0;850.0;190.0;745.0;80;false
;214;Tico;idle;true;8;0.000;190.0;1000.0;193.0;894.0;150;true
;214;Teco;sit;false;0;0.000;190.0;850.0;190.0;745.0;80;false
;215;Tico;idle;true;8;0.000;190.0;1000.0;193.0;894.0;150;true
;215;Teco;sit;false;0;0.000;190.0;850.0;190.0;745.0;80;false
;216;Tico;idle;true;9;0.000;190.0;1000.0;192.0;891.0;150;true
;216;Teco;sit;false;0;0.000;190.0;850.0;190.0;745.0;80;false
;217;Tico;idle;true;9;0.000;190.0;1000.0;192.0;891.0;150;true
;217;Teco;sit;false;0;0.000;190.0;850.0;190.0;745.0;80;false
;218;Tico;idle;true;9;0.000;190.0;1000.0;192.0;891.0;150;true
;218;Teco;sit;false;0;0.000;190.0;850.0;190.0;745.0;80;false
;219;Tico;idle;true;10;0.000;190.0;1000.0;189.5;889.5;150;true
;219;Teco;sit;false;0;0.000;190.0;850.0;190.0;745.0;80;false
;220;Tico;idle;true;10;0.000;190.0;1000.0;189.5;889.5;150;true
;220;Teco;sit;false;0;0.000;190.0;850.0;190.0;745.0;80;false
;221;Tico;idle;true;10;0.000;190.0;1000.0;189.5;889.5;150;true
;221;Teco;sit;false;0;0.000;190.0;850.0;190.0;745.0;80;false
;222;Tico;idle;true;10;0.000;190.0;1000.0;189.5;889.5;150;true
;222;Teco;sit;false;0;0.000;190.0;850.0;190.0;745.0;80;false
;223;Tico;idle;true;11;0.000;190.0;1000.0;192.5;896.0;150;true
;223;Teco;sit;false;0;0.000;190.0;850.0;190.0;745.0;80;false
;224;Tico;idle;true;11;0.000;190.0;1000.0;192.5;896.0;150;true
;224;Teco;sit;false;0;0.000;190.0;850.0;190.0;745.0;80;false
;225;Tico;idle;true;11;0.000;190.0;1000.0;192.5;896.0;150;true
;225;Teco;sit;false;0;0.000;190.0;850.0;190.0;745.0;80;false
;226;Tico;idle;true;12;0.000;190.0;1000.0;191.0;898.0;150;true
;226;Teco;sit;false;0;0.000;190.0;850.0;190.0;745.0;80;false
;227;Tico;idle;true;12;0.000;190.0;1000.0;191.0;898.0;150;true
;227;Teco;sit;false;0;0.000;190.0;850.0;190.0;745.0;80;false
;228;Tico;idle;true;12;0.000;190.0;1000.0;191.0;898.0;150;true
;228;Teco;sit;false;0;0.000;190.0;850.0;190.0;745.0;80;false
;229;Tico;idle;true;1;0.000;190.0;1000.0;191.5;897.5;150;true
;229;Teco;sit;false;0;0.000;190.0;850.0;190.0;745.0;80;false
;230;Tico;idle;true;1;0.000;190.0;1000.0;191.5;897.5;150;true
;230;Teco;sit;false;0;0.000;190.0;850.0;190.0;745.0;80;false
;231;Tico;idle;true;1;0.000;190.0;1000.0;191.5;897.5;150;true
;231;Teco;sit;false;0;0.000;190.0;850.0;190.0;745.0;80;false
;232;Tico;idle;true;1;0.000;190.0;1000.0;191.5;897.5;150;true
;232;Teco;sit;false;0;0.000;190.0;850.0;190.0;745.0;80;false
;233;Tico;idle;true;2;0.000;190.0;1000.0;188.5;894.0;150;true
;233;Teco;sit;false;0;0.000;190.0;850.0;190.0;745.0;80;false
;234;Tico;idle;true;2;0.000;190.0;1000.0;188.5;894.0;150;true
;234;Teco;sit;false;0;0.000;190.0;850.0;190.0;745.0;80;false
;235;Tico;idle;true;2;0.000;190.0;1000.0;188.5;894.0;150;true
;235;Teco;sit;false;0;0.000;190.0;850.0;190.0;745.0;80;false
;236;Tico;idle;true;3;0.000;190.0;1000.0;189.5;892.5;150;true
;236;Teco;sit;false;0;0.000;190.0;850.0;190.0;745.0;80;false
;237;Tico;idle;true;3;0.000;190.0;1000.0;189.5;892.5;150;true
;237;Teco;sit;false;0;0.000;190.0;850.0;190.0;745.0;80;false
;238;Tico;idle;true;3;0.000;190.0;1000.0;189.5;892.5;150;true
;238;Teco;sit;false;0;0.000;190.0;850.0;190.0;745.0;80;false
;239;Tico;idle;true;4;0.000;190.0;1000.0;189.0;889.0;150;true
;239;Teco;sit;false;0;0.000;190.0;850.0;190.0;745.0;80;false
;240;Tico;idle;true;4;0.000;190.0;1000.0;189.0;889.0;150;true
;240;Teco;sit;false;0;0.000;190.0;850.0;190.0;745.0;80;false
IntroUnicycle;241;Tico;idle;true;4;0.000;190.0;1000.0;189.0;889.0;150;true
IntroUnicycle;241;Teco;throw;false;0;0.000;190.0;850.0;190.0;745.0;80;false
IntroUnicycle;242;Tico;idle;true;4;0.000;190.0;1000.0;189.0;889.0;150;true
IntroUnicycle;242;Teco;throw;false;0;0.000;190.0;850.0;190.0;745.0;80;false
IntroUnicycle;243;Tico;idle;true;5;0.000;190.0;1000.0;191.0;892.0;150;true
IntroUnicycle;243;Teco;throw;false;0;0.000;190.0;850.0;190.0;745.0;80;false
IntroUnicycle;244;Tico;idle;true;5;0.000;190.0;1000.0;191.0;892.0;150;true
IntroUnicycle;244;Teco;throw;false;0;0.000;190.0;850.0;190.0;745.0;80;false
IntroUnicycle;245;Tico;idle;true;5;0.000;190.0;1000.0;191.0;892.0;150;true
IntroUnicycle;245;Teco;throw;false;0;0.000;190.0;850.0;190.0;745.0;80;false
IntroUnicycle;246;Tico;idle;true;6;0.000;190.0;1000.0;189.5;894.0;150;true
IntroUnicycle;246;Teco;throw;false;0;0.000;190.0;850.0;190.0;745.0;80;false
IntroUnicycle;247;Tico;idle;true;6;0.000;190.0;1000.0;189.5;894.0;150;true
IntroUnicycle;247;Teco;throw;false;0;0.000;190.0;850.0;190.0;745.0;80;false
IntroUnicycle;248;Tico;idle;true;6;0.000;190.0;1000.0;189.5;894.0;150;true
IntroUnicycle;248;Teco;throw;false;0;0.000;190.0;850.0;190.0;745.0;80;false
IntroUnicycle;249;Tico;idle;true;7;0.000;190.0;1000.0;193.0;895.0;150;true
IntroUnicycle;249;Teco;throw;false;0;0.000;190.0;850.0;190.0;745.0;80;false
IntroUnicycle;250;Tico;idle;true;7;0.000;190.0;1000.0;193.0;895.0;150;true
IntroUnicycle;250;Teco;throw;false;0;0.000;190.0;850.0;190.0;745.0;80;false
IntroUnicycle;251;Tico;idle;true;7;0.000;190.0;1000.0;193.0;895.0;150;true
IntroUnicycle;251;Teco;throw;false;0;0.000;190.0;850.0;190.0;745.0;80;false
IntroUnicycle;252;Tico;idle;true;7;0.000;190.0;1000.0;193.0;895.0;150;true
IntroUnicycle;252;Teco;throw;false;0;0.000;190.0;850.0;190.0;745.0;80;false
IntroUnicycle;253;Tico;idle;true;8;0.000;190.0;1000.0;193.0;894.0;150;true
IntroUnicycle;253;Teco;throw;false;0;0.000;190.0;850.0;190.0;745.0;80;false
IntroUnicycle;254;Tico;idle;true;8;0.000;190.0;1000.0;193.0;894.0;150;true
IntroUnicycle;254;Teco;throw;false;0;0.000;190.0;850.0;190.0;745.0;80;false
IntroUnicycle;255;Tico;idle;true;8;0.000;190.0;1000.0;193.0;894.0;150;true
IntroUnicycle;255;Teco;throw;false;0;0.000;190.0;850.0;190.0;745.0;80;false
IntroUnicycle;256;Tico;idle;true;9;0.000;190.0;1000.0;192.0;891.0;150;true
IntroUnicycle;256;Teco;throw;false;0;0.000;190.0;850.0;190.0;745.0;80;false
IntroUnicycle;257;Tico;idle;true;9;0.000;190.0;1000.0;192.0;891.0;150;true
IntroUnicycle;257;Teco;throw;false;0;0.000;190.0;850.0;190.0;745.0;80;false
IntroUnicycle;258;Tico;idle;true;9;0.000;190.0;1000.0;192.0;891.0;150;true
IntroUnicycle;258;Teco;throw;false;0;0.000;190.0;850.0;190.0;745.0;80;false
IntroUnicycle;259;Tico;idle;true;10;0.000;190.0;1000.0;189.5;889.5;150;true
IntroUnicycle;259;Teco;throw;false;0;0.000;190.0;850.0;190.0;745.0;80;false
IntroUnicycle;260;Tico;idle;true;10;0.000;190.0;1000.0;189.5;889.5;150;true
IntroUnicycle;260;Teco;throw;false;0;0.000;190.0;850.0;190.0;745.0;80;false
IntroUnicycle;261;Tico;idle;true;10;0.000;190.0;1000.0;189.5;889.5;150;true
IntroUnicycle;261;Teco;throw;false;0;0.000;190.0;850.0;190.0;745.0;80;false
IntroUnicycle;262;Tico;idle;true;10;0.000;190.0;1000.0;189.5;889.5;150;true
IntroUnicycle;262;Teco;throw;false;0;0.000;190.0;850.0;190.0;745.0;80;false
IntroUnicycle;263;Tico;idle;true;11;0.000;190.0;1000.0;192.5;896.0;150;true
IntroUnicycle;263;Teco;throw;false;0;0.000;190.0;850.0;190.0;745.0;80;false
IntroUnicycle;264;Tico;idle;true;11;0.000;190.0;1000.0;192.5;896.0;150;true
IntroUnicycle;264;Teco;throw;false;0;0.000;190.0;850.0;190.0;745.0;80;false
IntroUnicycle;265;Tico;idle;true;11;0.000;190.0;1000.0;192.5;896.0;150;true
IntroUnicycle;265;Teco;throw;false;0;0.000;190.0;850.0;190.0;745.0;80;false
IntroUnicycle;266;Tico;idle;true;12;0.000;190.0;1000.0;191.0;898.0;150;true
IntroUnicycle;266;Teco;throw;false;0;0.000;190.0;850.0;190.0;745.0;80;false
IntroUnicycle;267;Tico;idle;true;12;0.000;190.0;1000.0;191.0;898.0;150;true
IntroUnicycle;267;Teco;throw;false;0;0.000;190.0;850.0;190.0;745.0;80;false
IntroUnicycle;268;Tico;idle;true;12;0.000;190.0;1000.0;191.0;898.0;150;true
IntroUnicycle;268;Teco;throw;false;0;0.000;190.0;850.0;190.0;745.0;80;false
IntroUnicycle;269;Tico;idle;true;1;0.000;190.0;1000.0;191.5;897.5;150;true
IntroUnicycle;269;Teco;throw;false;0;0.000;190.0;850.0;190.0;745.0;80;false
IntroUnicycle;270;Tico;idle;true;1;0.000;190.0;1000.0;191.5;897.5;150;true
IntroUnicycle;270;Teco;throw;false;0;0.000;190.0;850.0;190.0;745.0;80;false
IntroUnicycle;271;Tico;idle;true;1;0.000;190.0;1000.0;191.5;897.5;150;true
IntroUnicycle;271;Teco;throw;false;0;0.000;190.0;850.0;190.0;745.0;80;false
IntroUnicycle;272;Tico;idle;true;1;0.000;190.0;1000.0;191.5;897.5;150;true
IntroUnicycle;272;Teco;throw;false;0;0.000;190.0;850.0;190.0;745.0;80;false
IntroUnicycle;273;Tico;idle;true;2;0.000;190.0;1000.0;188.5;894.0;150;true
IntroUnicycle;273;Teco;throw;false;0;0.000;190.0;850.0;190.0;745.0;80;false
IntroUnicycle;274;Tico;idle;true;2;0.000;190.0;1000.0;188.5;894.0;150;true
IntroUnicycle;274;Teco;throw;false;0;0.000;190.0;850.0;190.0;745.0;80;false
IntroUnicycle;275;Tico;idle;true;2;0.000;190.0;1000.0;188.5;894.0;150;true
IntroUnicycle;275;Teco;throw;false;0;0.000;190.0;850.0;190.0;745.0;80;false
IntroUnicycle;276;Tico;idle;true;3;0.000;190.0;1000.0;189.5;892.5;150;true
IntroUnicycle;276;Teco;throw;false;0;0.000;190.0;850.0;190.0;745.0;80;false
IntroUnicycle;277;Tico;idle;true;3;0.000;190.0;1000.0;189.5;892.5;150;true
IntroUnicycle;277;Teco;throw;false;0;0.000;190.0;850.0;190.0;745.0;80;false
IntroUnicycle;278;Tico;idle;true;3;0.000;190.0;1000.0;189.5;892.5;150;true
IntroUnicycle;278;Teco;throw;false;0;0.000;190.0;850.0;190.0;745.0;80;false
IntroUnicycle;279;Tico;idle;true;4;0.000;190.0;1000.0;189.0;889.0;150;true
IntroUnicycle;279;Teco;throw;false;0;0.000;190.0;850.0;190.0;745.0;80;false
IntroUnicycle;280;Tico;idle;true;4;0.000;190.0;1000.0;189.0;889.0;150;true
IntroUnicycle;280;Teco;throw;false;0;0.000;190.0;850.0;190.0;745.0;80;false
IntroUnicycle;281;Tico;idle;true;4;0.000;190.0;1000.0;189.0;889.0;150;true
IntroUnicycle;281;Teco;throw;false;0;0.000;190.0;850.0;190.0;745.0;80;false
IntroUnicycle;282;Tico;idle;true;4;0.000;190.0;1000.0;189.0;889.0;150;true
IntroUnicycle;282;Teco;throw;false;0;0.000;190.0;850.0;190.0;745.0;80;false
IntroUnicycle;283;Tico;idle;true;5;0.000;190.0;1000.0;191.0;892.0;150;true
IntroUnicycle;283;Teco;throw;false;0;0.000;190.0;850.0;190.0;745.0;80;false
IntroUnicycle;284;Tico;idle;true;5;0.000;190.0;1000.0;191.0;892.0;150;true
IntroUnicycle;284;Teco;throw;false;0;0.000;190.0;850.0;190.0;745.0;80;false
IntroUnicycle;285;Tico;idle;true;5;0.000;190.0;1000.0;191.0;892.0;150;true
IntroUnicycle;285;Teco;throw;false;0;0.000;190.0;850.0;190.0;745.0;80;false
IntroUnicycle;286;Tico;idle;true;6;0.000;190.0;1000.0;189.5;894.0;150;true
IntroUnicycle;286;Teco;throw;false;0;0.000;190.0;850.0;190.0;745.0;80;false
IntroUnicycle;287;Tico;idle;true;6;0.000;190.0;1000.0;189.5;894.0;150;true
IntroUnicycle;287;Teco;throw;false;0;0.000;190.0;850.0;190.0;745.0;80;false
IntroUnicycle;288;Tico;idle;true;6;0.000;190.0;1000.0;189.5;894.0;150;true
IntroUnicycle;288;Teco;throw;false;0;0.000;190.0;850.0;190.0;745.0;80;false
IntroUnicycle;289;Tico;idle;true;7;0.000;190.0;1000.0;193.0;895.0;150;true
IntroUnicycle;289;Teco;throw;false;0;0.000;190.0;850.0;190.0;745.0;80;false
IntroUnicycle;290;Tico;idle;true;7;0.000;190.0;1000.0;193.0;895.0;150;true
IntroUnicycle;290;Teco;throw;false;0;0.000;190.0;850.0;190.0;745.0;80;false
IntroUnicycle;291;Tico;idle;true;7;0.000;190.0;1000.0;193.0;895.0;150;true
IntroUnicycle;291;Teco;throw;false;0;0.000;190.0;850.0;190.0;745.0;80;false
IntroUnicycle;292;Tico;idle;true;7;0.000;190.0;1000.0;193.0;895.0;150;true
IntroUnicycle;292;Teco;throw;false;0;0.000;190.0;850.0;190.0;745.0;80;false
IntroUnicycle;293;Tico;idle;true;8;0.000;190.0;1000.0;193.0;894.0;150;true
IntroUnicycle;293;Teco;throw;false;0;0.000;190.0;850.0;190.0;745.0;80;false
IntroUnicycle;294;Tico;idle;true;8;0.000;190.0;1000.0;193.0;894.0;150;true
IntroUnicycle;294;Teco;throw;false;0;0.000;190.0;850.0;190.0;745.0;80;false
IntroUnicycle;295;Tico;idle;true;8;0.000;190.0;1000.0;193.0;894.0;150;true
IntroUnicycle;295;Teco;throw;false;0;0.000;190.0;850.0;190.0;745.0;80;false
IntroUnicycle;296;Tico;idle;true;9;0.000;190.0;1000.0;192.0;891.0;150;true
IntroUnicycle;296;Teco;throw;false;0;0.000;190.0;850.0;190.0;745.0;80;false
IntroUnicycle;297;Tico;idle;true;9;0.000;190.0;1000.0;192.0;891.0;150;true
IntroUnicycle;297;Teco;throw;false;0;0.000;190.0;850.0;190.0;745.0;80;false
IntroUnicycle;298;Tico;idle;true;9;0.000;190.0;1000.0;192.0;891.0;150;true
IntroUnicycle;298;Teco;throw;false;0;0.000;190.0;850.0;190.0;745.0;80;false
IntroUnicycle;299;Tico;idle;true;10;0.000;190.0;1000.0;189.5;889.5;150;true
IntroUnicycle;299;Teco;throw;false;0;0.000;190.0;850.0;190.0;745.0;80;false
IntroUnicycle;300;Tico;idle;true;10;0.000;190.0;1000.0;189.5;889.5;150;true
IntroUnicycle;300;Teco;throw;false;0;0.000;190.0;850.0;190.0;745.0;80;false
IntroUnicycle;301;Tico;idle;true;10;0.000;190.0;1000.0;189.5;889.5;150;true
IntroUnicycle;301;Teco;throw;false;0;0.000;190.0;850.0;190.0;745.0;80;false
IntroUnicycle;302;Tico;idle;true;10;0.000;190.0;1000.0;189.5;889.5;150;true
IntroUnicycle;302;Teco;throw;false;0;0.000;190.0;850.0;190.0;745.0;80;false
IntroUnicycle;303;Tico;idle;true;11;0.000;190.0;1000.0;192.5;896.0;150;true
IntroUnicycle;303;Teco;throw;false;0;0.000;190.0;850.0;190.0;745.0;80;false
IntroUnicycle;304;Tico;idle;true;11;0.000;190.0;1000.0;192.5;896.0;150;true
IntroUnicycle;304;Teco;throw;false;0;0.000;190.0;850.0;190.0;745.0;80;false
IntroUnicycle;305;Tico;idle;true;11;0.000;190.0;1000.0;192.5;896.0;150;true
IntroUnicycle;305;Teco;throw;false;0;0.000;190.0;850.0;190.0;745.0;80;false
IntroUnicycle;306;Tico;idle;true;12;0.000;190.0;1000.0;191.0;898.0;150;true
IntroUnicycle;306;Teco;throw;false;0;0.000;190.0;850.0;190.0;745.0;80;false
IntroUnicycle;307;Tico;idle;true;12;0.000;190.0;1000.0;191.0;898.0;150;true
IntroUnicycle;307;Teco;throw;false;0;0.000;190.0;850.0;190.0;745.0;80;false
IntroUnicycle;308;Tico;idle;true;12;0.000;190.0;1000.0;191.0;898.0;150;true
IntroUnicycle;308;Teco;throw;false;0;0.000;190.0;850.0;190.0;745.0;80;false
IntroUnicycle;309;Tico;idle;true;1;0.000;190.0;1000.0;191.5;897.5;150;true
IntroUnicycle;309;Teco;throw;false;0;0.000;190.0;850.0;190.0;745.0;80;false
IntroUnicycle;310;Tico;idle;true;1;0.000;190.0;1000.0;191.5;897.5;150;true
IntroUnicycle;310;Teco;throw;false;0;0.000;190.0;850.0;190.0;745.0;80;false
IntroUnicycle;311;Tico;idle;true;1;0.000;190.0;1000.0;191.5;897.5;150;true
IntroUnicycle;311;Teco;throw;false;0;0.000;190.0;850.0;190.0;745.0;80;false
IntroUnicycle;312;Tico;spin;true;2;0.000;190.0;1000.0;190.0;902.5;150;false
IntroUnicycle;312;Teco;spin;true;2;0.000;190.0;850.0;190.0;752.5;80;false
IntroUnicycle;313;Tico;spin;true;2;0.019;217.4;971.2;217.4;873.7;150;false
IntroUnicycle;313;Teco;spin;true;2;0.019;217.4;818.2;217.4;720.7;80;false
IntroUnicycle;314;Tico;spin;true;2;0.037;244.8;943.1;244.8;845.6;150;false
IntroUnicycle;314;Teco;spin;true;2;0.037;244.8;787.4;244.8;689.9;80;false
IntroUnicycle;315;Tico;spin;true;2;0.056;272.2;915.9;272.2;818.4;150;false
IntroUnicycle;315;Teco;spin;true;2;0.056;272.2;757.5;272.2;660.0;80;false
IntroUnicycle;316;Tico;spin;true;3;0.074;299.6;889.5;299.6;784.5;150;false
IntroUnicycle;316;Teco;spin;true;3;0.074;299.6;728.6;299.6;623.6;80;false
IntroUnicycle;317;Tico;spin;true;3;0.093;327.1;864.0;327.1;759.0;150;false
IntroUnicycle;317;Teco;spin;true;3;0.093;327.1;700.5;327.1;595.5;80;false
IntroUnicycle;318;Tico;spin;true;3;0.111;354.5;839.3;354.5;734.3;150;false
IntroUnicycle;318;Teco;spin;true;3;0.111;354.5;673.5;354.5;568.5;80;false
IntroUnicycle;319;Tico;spin;true;3;0.130;381.9;815.3;381.9;710.3;150;false
IntroUnicycle;319;Teco;spin;true;3;0.130;381.9;647.3;381.9;542.3;80;false
IntroUnicycle;320;Tico;spin;true;3;0.148;409.3;792.3;409.3;687.3;150;false
IntroUnicycle;320;Teco;spin;true;3;0.148;409.3;622.1;409.3;517.1;80;false
IntroUnicycle;321;Tico;spin;true;3;0.167;436.7;770.0;436.7;665.0;150;false
IntroUnicycle;321;Teco;spin;true;3;0.167;436.7;597.8;436.7;492.8;80;false
IntroUnicycle;322;Tico;spin;true;3;0.185;464.1;748.6;464.1;643.6;150;false
IntroUnicycle;322;Teco;spin;true;3;0.185;464.1;574.4;464.1;469.4;80;false
IntroUnicycle;323;Tico;spin;true;4;0.204;491.5;727.9;487.0;625.4;150;false
IntroUnicycle;323;Teco;spin;true;4;0.204;491.5;552.0;487.0;449.5;80;false
IntroUnicycle;324;Tico;spin;true;4;0.222;518.9;708.1;514.4;605.6;150;false
IntroUnicycle;324;Teco;spin;true;4;0.222;518.9;530.5;514.4;428.0;80;false
IntroUnicycle;325;Tico;spin;true;4;0.241;546.3;689.2;541.8;586.7;150;false
IntroUnicycle;325;Teco;spin;true;4;0.241;546.3;509.9;541.8;407.4;80;false
IntroUnicycle;326;Tico;spin;true;4;0.259;573.8;671.0;569.3;568.5;150;false
IntroUnicycle;326;Teco;spin;true;4;0.259;573.8;490.3;569.3;387.8;80;false
IntroUnicycle;327;Tico;spin;true;4;0.278;601.2;653.7;596.7;551.2;150;false
IntroUnicycle;327;Teco;spin;true;4;0.278;601.2;471.6;596.7;369.1;80;false
IntroUnicycle;328;Tico;spin;true;4;0.296;628.6;637.2;624.1;534.7;150;false
IntroUnicycle;328;Teco;spin;true;4;0.296;628.6;453.8;624.1;351.3;80;false
IntroUnicycle;329;Tico;spin;true;5;0.315;656.0;621.5;653.5;521.0;150;false
IntroUnicycle;329;Teco;spin;true;5;0.315;656.0;437.0;653.5;336.5;80;false
IntroUnicycle;330;Tico;spin;true;5;0.333;683.4;606.7;680.9;506.2;150;false
IntroUnicycle;330;Teco;spin;true;5;0.333;683.4;421.1;680.9;320.6;80;false
IntroUnicycle;331;Tico;spin;true;5;0.352;710.8;592.6;708.3;492.1;150;false
IntroUnicycle;331;Teco;spin;true;5;0.352;710.8;406.1;708.3;305.6;80;false
IntroUnicycle;332;Tico;spin;true;5;0.370;738.2;579.4;735.7;478.9;150;false
IntroUnicycle;332;Teco;spin;true;5;0.370;738.2;392.1;735.7;291.6;80;false
IntroUnicycle;333;Tico;spin;true;5;0.389;765.6;567.0;763.1;466.5;150;false
IntroUnicycle;333;Teco;spin;true;5;0.389;765.6;379.0;763.1;278.5;80;false
IntroUnicycle;334;Tico;spin;true;5;0.407;793.0;555.5;790.5;455.0;150;false
IntroUnicycle;334;Teco;spin;true;5;0.407;793.0;366.8;790.5;266.3;80;false
IntroUnicycle;335;Tico;spin;true;5;0.426;820.4;544.7;817.9;444.2;150;false
IntroUnicycle;335;Teco;spin;true;5;0.426;820.4;355.6;817.9;255.1;80;false
IntroUnicycle;336;Tico;spin;true;6;0.444;847.9;534.8;847.9;423.3;150;false
IntroUnicycle;336;Teco;spin;true;6;0.444;847.9;345.3;847.9;233.8;80;false
IntroUnicycle;337;Tico;spin;true;6;0.463;875.3;525.7;875.3;414.2;150;false
IntroUnicycle;337;Teco;spin;true;6;0.463;875.3;335.9;875.3;224.4;80;false
IntroUnicycle;338;Tico;spin;true;6;0.481;902.7;517.4;902.7;405.9;150;false
IntroUnicycle;338;Teco;spin;true;6;0.481;902.7;327.5;902.7;216.0;80;false
IntroUnicycle;339;Tico;spin;true;6;0.500;930.1;510.0;930.1;398.5;150;false
IntroUnicycle;339;Teco;spin;true;6;0.500;930.1;320.0;930.1;208.5;80;false
IntroUnicycle;340;Tico;spin;true;6;0.519;957.5;503.4;957.5;391.9;150;false
IntroUnicycle;340;Teco;spin;true;6;0.519;957.5;313.4;957.5;201.9;80;false
IntroUnicycle;341;Tico;spin;true;6;0.537;984.9;497.6;984.9;386.1;150;false
IntroUnicycle;341;Teco;spin;true;6;0.537;984.9;307.8;984.9;196.3;80;false
IntroUnicycle;342;Tico;spin;true;6;0.556;1012.3;492.6;1012.3;381.1;150;false
IntroUnicycle;342;Teco;spin;true;6;0.556;1012.3;303.1;1012.3;191.6;80;false
IntroUnicycle;343;Tico;spin;true;7;0.574;1039.7;488.4;1039.7;384.4;150;false
IntroUnicycle;343;Teco;spin;true;7;0.574;1039.7;299.3;1039.7;195.3;80;false
IntroUnicycle;344;Tico;spin;true;7;0.593;1067.1;485.1;1067.1;381.1;150;false
IntroUnicycle;344;Teco;spin;true;7;0.593;1067.1;296.5;1067.1;192.5;80;false
IntroUnicycle;345;Tico;spin;true;7;0.611;1094.6;482.6;1094.6;378.6;150;false
IntroUnicycle;345;Teco;spin;true;7;0.611;1094.6;294.6;1094.6;190.6;80;false
IntroUnicycle;346;Tico;spin;true;7;0.630;1122.0;480.9;1122.0;376.9;150;false
IntroUnicycle;346;Teco;spin;true;7;0.630;1122.0;293.6;1122.0;189.6;80;false
IntroUnicycle;347;Tico;spin;true;7;0.648;1149.4;480.0;1149.4;376.0;150;false
IntroUnicycle;347;Teco;spin;true;7;0.648;1149.4;293.6;1149.4;189.6;80;false
IntroUnicycle;348;Tico;spin;true;7;0.667;1176.8;480.0;1176.8;376.0;150;false
IntroUnicycle;348;Teco;spin;true;7;0.667;1176.8;294.4;1176.8;190.4;80;false
IntroUnicycle;349;Tico;spin;true;7;0.685;1204.2;480.8;1204.2;376.8;150;false
IntroUnicycle;349;Teco;spin;true;7;0.685;1204.2;296.3;1204.2;192.3;80;false
IntroUnicycle;350;Tico;spin;true;8;0.704;1231.6;482.4;1233.6;375.9;150;false
IntroUnicycle;350;Teco;spin;true;8;0.704;1231.6;299.0;1233.6;192.5;80;false
IntroUnicycle;351;Tico;spin;true;8;0.722;1259.0;484.8;1261.0;378.3;150;false
IntroUnicycle;351;Teco;spin;true;8;0.722;1259.0;302.7;1261.0;196.2;80;false
IntroUnicycle;352;Tico;spin;true;8;0.741;1286.4;488.1;1288.4;381.6;150;false
IntroUnicycle;352;Teco;spin;true;8;0.741;1286.4;307.3;1288.4;200.8;80;false
IntroUnicycle;353;Tico;spin;true;8;0.759;1313.8;492.1;1315.8;385.6;150;false
IntroUnicycle;353;Teco;spin;true;8;0.759;1313.8;312.9;1315.8;206.4;80;false
IntroUnicycle;354;Tico;spin;true;8;0.778;1341.3;497.0;1343.3;390.5;150;false
IntroUnicycle;354;Teco;spin;true;8;0.778;1341.3;319.4;1343.3;212.9;80;false
IntroUnicycle;355;Tico;spin;true;8;0.796;1368.7;502.8;1370.7;396.3;150;false
IntroUnicycle;355;Teco;spin;true;8;0.796;1368.7;326.8;1370.7;220.3;80;false
IntroUnicycle;356;Tico;spin;true;9;0.815;1396.1;509.3;1392.1;409.8;150;false
IntroUnicycle;356;Teco;spin;true;9;0.815;1396.1;335.2;1392.1;235.7;80;false
IntroUnicycle;357;Tico;spin;true;9;0.833;1423.5;516.7;1419.5;417.2;150;false
IntroUnicycle;357;Teco;spin;true;9;0.833;1423.5;344.4;1419.5;244.9;80;false
IntroUnicycle;358;Tico;spin;true;9;0.852;1450.9;524.9;1446.9;425.4;150;false
IntroUnicycle;358;Teco;spin;true;9;0.852;1450.9;354.7;1446.9;255.2;80;false
IntroUnicycle;359;Tico;spin;true;9;0.870;1478.3;533.9;1474.3;434.4;150;false
IntroUnicycle;359;Teco;spin;true;9;0.870;1478.3;365.8;1474.3;266.3;80;false
IntroUnicycle;360;Tico;spin;true;9;0.889;1505.7;543.7;1501.7;444.2;150;false
IntroUnicycle;360;Teco;spin;true;9;0.889;1505.7;377.9;1501.7;278.4;80;false
IntroUnicycle;361;Tico;spin;true;9;0.907;1533.1;554.4;1529.1;454.9;150;false
IntroUnicycle;361;Teco;spin;true;9;0.907;1533.1;390.9;1529.1;291.4;80;false
IntroUnicycle;362;Tico;spin;true;9;0.926;1560.5;565.8;1556.5;466.3;150;false
IntroUnicycle;362;Teco;spin;true;9;0.926;1560.5;404.9;1556.5;305.4;80;false
IntroUnicycle;363;Tico;spin;true;2;0.944;1588.0;578.1;1588.0;480.6;150;false
IntroUnicycle;363;Teco;spin;true;2;0.944;1588.0;419.8;1588.0;322.3;80;false
IntroUnicycle;364;Tico;spin;true;2;0.963;1615.4;591.3;1615.4;493.8;150;false
IntroUnicycle;364;Teco;spin;true;2;0.963;1615.4;435.6;1615.4;338.1;80;false
IntroUnicycle;365;Tico;spin;true;2;0.981;1642.8;605.2;1642.8;507.7;150;false
IntroUnicycle;365;Teco;spin;true;2;0.981;1642.8;452.3;1642.8;354.8;80;false
IntroUnicycle;366;Tico;spin;true;2;1.000;1670.2;620.0;1670.2;522.5;150;false
IntroUnicycle;366;Teco;spin;true;2;1.000;1670.2;470.0;1670.2;372.5;80;false
IntroUnicycle;367;Tico;ride;false;0;0.000;1670.0;620.0;1670.0;515.0;150;false
IntroUnicycle;367;Teco;sit;false;0;0.000;1670.0;470.0;1670.0;365.0;150;false
IntroUnicycle;368;Tico;ride;false;0;0.000;1670.0;620.0;1670.0;515.0;150;false
IntroUnicycle;368;Teco;sit;false;0;0.000;1670.0;470.0;1670.0;365.0;150;false
IntroUnicycle;369;Tico;ride;false;0;0.000;1670.0;620.0;1670.0;515.0;150;false
IntroUnicycle;369;Teco;sit;false;0;0.000;1670.0;470.0;1670.0;365.0;150;false
IntroUnicycle;370;Tico;ride;false;0;0.000;1670.0;620.0;1670.0;515.0;150;false
IntroUnicycle;370;Teco;sit;false;0;0.000;1670.0;470.0;1670.0;365.0;150;false
IntroUnicycle;371;Tico;ride;false;0;0.000;1670.0;620.0;1670.0;515.0;150;false
IntroUnicycle;371;Teco;sit;false;0;0.000;1670.0;470.0;1670.0;365.0;150;false
IntroUnicycle;372;Tico;ride;false;0;0.000;1670.0;620.0;1670.0;515.0;150;false
IntroUnicycle;372;Teco;sit;false;0;0.000;1670.0;470.0;1670.0;365.0;150;false
IntroUnicycle;373;Tico;ride;false;0;0.000;1670.0;620.0;1670.0;515.0;150;false
IntroUnicycle;373;Teco;sit;false;0;0.000;1670.0;470.0;1670.0;365.0;150;false
IntroUnicycle;374;Tico;ride;false;0;0.000;1670.0;620.0;1670.0;515.0;150;false
IntroUnicycle;374;Teco;sit;false;0;0.000;1670.0;470.0;1670.0;365.0;150;false
IntroUnicycle;375;Tico;ride;false;0;0.000;1670.0;620.0;1670.0;515.0;150;false
IntroUnicycle;375;Teco;sit;false;0;0.000;1670.0;470.0;1670.0;365.0;150;false
IntroUnicycle;376;Tico;ride;false;0;0.000;1670.0;620.0;1670.0;515.0;150;false
IntroUnicycle;376;Teco;sit;false;0;0.000;1670.0;470.0;1670.0;365.0;150;false
IntroUnicycle;377;Tico;ride;false;0;0.000;1670.0;620.0;1670.0;515.0;150;false
IntroUnicycle;377;Teco;sit;false;0;0.000;1670.0;470.0;1670.0;365.0;150;false
IntroUnicycle;378;Tico;ride;false;0;0.000;1670.0;620.0;1670.0;515.0;150;false
IntroUnicycle;378;Teco;sit;false;0;0.000;1670.0;470.0;1670.0;365.0;150;false
IntroUnicycle;379;Tico;ride;false;0;0.000;1670.0;620.0;1670.0;515.0;150;false
IntroUnicycle;379;Teco;sit;false;0;0.000;1670.0;470.0;1670.0;365.0;150;false
IntroUnicycle;380;Tico;ride;false;0;0.000;1670.0;620.0;1670.0;515.0;150;false
IntroUnicycle;380;Teco;sit;false;0;0.000;1670.0;470.0;1670.0;365.0;150;false
IntroUnicycle;381;Tico;ride;false;0;0.000;1670.0;620.0;1670.0;515.0;150;false
IntroUnicycle;381;Teco;sit;false;0;0.000;1670.0;470.0;1670.0;365.0;150;false
IntroUnicycle;382;Tico;ride;false;0;0.000;1670.0;620.0;1670.0;515.0;150;false
IntroUnicycle;382;Teco;sit;false;0;0.000;1670.0;470.0;1670.0;365.0;150;false
IntroUnicycle;383;Tico;ride;false;0;0.000;1670.0;620.0;1670.0;515.0;150;false
IntroUnicycle;383;Teco;sit;false;0;0.000;1670.0;470.0;1670.0;365.0;150;false
IntroUnicycle;384;Tico;ride;false;0;0.000;1670.0;620.0;1670.0;515.0;150;false
IntroUnicycle;384;Teco;sit;false;0;0.000;1670.0;470.0;1670.0;365.0;150;false
IntroUnicycle;385;Tico;ride;false;0;0.000;1670.0;620.0;1670.0;515.0;150;false
IntroUnicycle;385;Teco;sit;false;0;0.000;1670.0;470.0;1670.0;365.0;150;false
IntroUnicycle;386;Tico;ride;false;0;0.000;1670.0;620.0;1670.0;515.0;150;false
IntroUnicycle;386;Teco;sit;false;0;0.000;1670.0;470.0;1670.0;365.0;150;false
IntroUnicycle;387;Tico;ride;false;0;0.000;1670.0;620.0;1670.0;515.0;150;false
IntroUnicycle;387;Teco;sit;false;0;0.000;1670.0;470.0;1670.0;365.0;150;false
IntroUnicycle;388;Tico;ride;false;0;0.000;1670.0;620.0;1670.0;515.0;150;false
IntroUnicycle;388;Teco;sit;false;0;0.000;1670.0;470.0;1670.0;365.0;150;false
IntroUnicycle;389;Tico;ride;false;0;0.000;1670.0;620.0;1670.0;515.0;150;false
IntroUnicycle;389;Teco;sit;false;0;0.000;1670.0;470.0;1670.0;365.0;150;false
IntroUnicycle;390;Tico;ride;false;0;0.000;1670.0;620.0;1670.0;515.0;150;false
IntroUnicycle;390;Teco;sit;false;0;0.000;1670.0;470.0;1670.0;365.0;150;false
