rodada;quadro;irmao;pose;giro;desenho;pes_x;pes_y;massa_x;massa_y
0;0;Tico;crouch;0.000;1;190.0;1000.0;194.5;910.0
0;0;Teco;crouch;0.000;1;1730.0;1000.0;1725.5;910.0
0;1;Tico;crouch;0.000;1;190.0;1000.0;194.5;910.0
0;1;Teco;crouch;0.000;1;1730.0;1000.0;1725.5;910.0
0;2;Tico;crouch;0.000;1;190.0;1000.0;194.5;910.0
0;2;Teco;crouch;0.000;1;1730.0;1000.0;1725.5;910.0
0;3;Tico;crouch;0.000;1;190.0;1000.0;194.5;910.0
0;3;Teco;crouch;0.000;1;1730.0;1000.0;1725.5;910.0
0;4;Tico;crouch;0.000;1;190.0;1000.0;194.5;910.0
0;4;Teco;crouch;0.000;1;1730.0;1000.0;1725.5;910.0
0;5;Tico;crouch;0.000;1;190.0;1000.0;194.5;910.0
0;5;Teco;crouch;0.000;1;1730.0;1000.0;1725.5;910.0
0;6;Tico;crouch;0.000;1;190.0;1000.0;194.5;910.0
0;6;Teco;crouch;0.000;1;1730.0;1000.0;1725.5;910.0
0;7;Tico;crouch;0.000;1;190.0;1000.0;194.5;910.0
0;7;Teco;crouch;0.000;1;1730.0;1000.0;1725.5;910.0
0;8;Tico;crouch;0.000;1;190.0;1000.0;194.5;910.0
0;8;Teco;crouch;0.000;1;1730.0;1000.0;1725.5;910.0
0;9;Tico;crouch;0.000;1;190.0;1000.0;194.5;910.0
0;9;Teco;crouch;0.000;1;1730.0;1000.0;1725.5;910.0
0;10;Tico;crouch;0.000;1;190.0;1000.0;194.5;910.0
0;10;Teco;crouch;0.000;1;1730.0;1000.0;1725.5;910.0
0;11;Tico;crouch;0.000;1;190.0;1000.0;194.5;910.0
0;11;Teco;crouch;0.000;1;1730.0;1000.0;1725.5;910.0
0;12;Tico;crouch;0.000;1;190.0;1000.0;194.5;910.0
0;12;Teco;crouch;0.000;1;1730.0;1000.0;1725.5;910.0
0;13;Tico;crouch;0.000;1;190.0;1000.0;194.5;910.0
0;13;Teco;crouch;0.000;1;1730.0;1000.0;1725.5;910.0
0;14;Tico;crouch;0.000;1;190.0;1000.0;194.5;910.0
0;14;Teco;crouch;0.000;1;1730.0;1000.0;1725.5;910.0
0;15;Tico;crouch;0.000;1;190.0;1000.0;194.5;910.0
0;15;Teco;crouch;0.000;1;1730.0;1000.0;1725.5;910.0
0;16;Tico;crouch;0.000;1;190.0;1000.0;194.5;910.0
0;16;Teco;crouch;0.000;1;1730.0;1000.0;1725.5;910.0
0;17;Tico;crouch;0.000;1;190.0;1000.0;194.5;910.0
0;17;Teco;crouch;0.000;1;1730.0;1000.0;1725.5;910.0
0;18;Tico;crouch;0.000;1;190.0;1000.0;194.5;910.0
0;18;Teco;crouch;0.000;1;1730.0;1000.0;1725.5;910.0
0;19;Tico;crouch;0.000;1;190.0;1000.0;194.5;910.0
0;19;Teco;crouch;0.000;1;1730.0;1000.0;1725.5;910.0
0;20;Tico;crouch;0.000;1;190.0;1000.0;194.5;910.0
0;20;Teco;crouch;0.000;1;1730.0;1000.0;1725.5;910.0
0;21;Tico;crouch;0.000;1;190.0;1000.0;194.5;910.0
0;21;Teco;crouch;0.000;1;1730.0;1000.0;1725.5;910.0
0;22;Tico;crouch;0.000;1;190.0;1000.0;194.5;910.0
0;22;Teco;crouch;0.000;1;1730.0;1000.0;1725.5;910.0
0;23;Tico;crouch;0.000;1;190.0;1000.0;194.5;910.0
0;23;Teco;crouch;0.000;1;1730.0;1000.0;1725.5;910.0
0;24;Tico;crouch;0.000;1;190.0;1000.0;194.5;910.0
0;24;Teco;crouch;0.000;1;1730.0;1000.0;1725.5;910.0
0;25;Tico;crouch;0.000;1;190.0;1000.0;194.5;910.0
0;25;Teco;crouch;0.000;1;1730.0;1000.0;1725.5;910.0
0;26;Tico;crouch;0.000;1;190.0;1000.0;194.5;910.0
0;26;Teco;crouch;0.000;1;1730.0;1000.0;1725.5;910.0
0;27;Tico;crouch;0.000;1;190.0;1000.0;194.5;910.0
0;27;Teco;crouch;0.000;1;1730.0;1000.0;1725.5;910.0
0;28;Tico;crouch;0.000;1;190.0;1000.0;194.5;910.0
0;28;Teco;crouch;0.000;1;1730.0;1000.0;1725.5;910.0
0;29;Tico;crouch;0.000;1;190.0;1000.0;194.5;910.0
0;29;Teco;crouch;0.000;1;1730.0;1000.0;1725.5;910.0
0;30;Tico;crouch;0.000;1;190.0;1000.0;194.5;910.0
0;30;Teco;crouch;0.000;1;1730.0;1000.0;1725.5;910.0
0;31;Tico;crouch;0.000;1;190.0;1000.0;194.5;910.0
0;31;Teco;crouch;0.000;1;1730.0;1000.0;1725.5;910.0
0;32;Tico;crouch;0.000;1;190.0;1000.0;194.5;910.0
0;32;Teco;crouch;0.000;1;1730.0;1000.0;1725.5;910.0
0;33;Tico;crouch;0.000;1;190.0;1000.0;194.5;910.0
0;33;Teco;crouch;0.000;1;1730.0;1000.0;1725.5;910.0
0;34;Tico;crouch;0.000;1;190.0;1000.0;194.5;910.0
0;34;Teco;crouch;0.000;1;1730.0;1000.0;1725.5;910.0
0;35;Tico;spin;0.000;2;190.0;1000.0;190.0;902.5
0;35;Teco;spin;-0.000;2;1730.0;1000.0;1730.0;902.5
0;36;Tico;spin;0.033;2;215.7;951.5;215.7;854.0
0;36;Teco;spin;-0.050;2;1704.3;983.3;1704.3;885.8
0;37;Tico;spin;0.067;3;241.3;904.6;241.3;799.6
0;37;Teco;spin;-0.100;9;1678.7;966.7;1682.7;867.2
0;38;Tico;spin;0.100;3;267.0;859.4;267.0;754.4
0;38;Teco;spin;-0.150;9;1653.0;950.0;1657.0;850.5
0;39;Tico;spin;0.133;3;292.7;815.8;292.7;710.8
0;39;Teco;spin;-0.200;8;1627.3;933.3;1625.3;826.8
0;40;Tico;spin;0.167;3;318.3;773.9;318.3;668.9
0;40;Teco;spin;-0.250;8;1601.7;916.7;1599.7;810.2
0;41;Tico;spin;0.200;4;344.0;733.6;339.5;631.1
0;41;Teco;spin;-0.300;8;1576.0;900.0;1574.0;793.5
0;42;Tico;spin;0.233;4;369.7;695.0;365.2;592.5
0;42;Teco;spin;-0.350;7;1550.3;900.0;1550.3;796.0
0;43;Tico;spin;0.267;4;395.3;658.0;390.8;555.5
0;43;Teco;spin;-0.400;7;1524.7;900.0;1524.7;796.0
0;44;Tico;spin;0.300;4;421.0;622.6;416.5;520.1
0;44;Teco;spin;-0.450;6;1499.0;900.0;1499.0;788.5
0;45;Tico;spin;0.333;5;446.7;588.9;444.2;488.4
0;45;Teco;spin;-0.500;6;1473.3;900.0;1473.3;788.5
0;46;Tico;spin;0.367;5;472.3;556.8;469.8;456.3
0;46;Teco;spin;-0.550;6;1447.7;900.0;1447.7;788.5
0;47;Tico;spin;0.400;5;498.0;526.4;495.5;425.9
0;47;Teco;spin;-0.600;5;1422.0;900.0;1424.5;799.5
0;48;Tico;spin;0.433;5;523.7;497.6;521.2;397.1
0;48;Teco;spin;-0.650;5;1396.3;900.0;1398.8;799.5
0;49;Tico;spin;0.467;6;549.3;470.5;549.3;359.0
0;49;Teco;spin;-0.700;4;1370.7;900.0;1375.2;797.5
0;50;Tico;spin;0.500;6;575.0;445.0;575.0;333.5
0;50;Teco;spin;-0.750;4;1345.0;900.0;1349.5;797.5
0;51;Tico;spin;0.533;6;600.7;421.2;600.7;309.7
0;51;Teco;spin;-0.800;4;1319.3;900.0;1323.8;797.5
0;52;Tico;spin;0.567;7;626.3;399.0;626.3;295.0
0;52;Teco;spin;-0.850;3;1293.7;900.0;1293.7;795.0
0;53;Tico;spin;0.600;7;652.0;378.4;652.0;274.4
0;53;Teco;spin;-0.900;3;1268.0;900.0;1268.0;795.0
0;54;Tico;spin;0.633;7;677.7;359.5;677.7;255.5
0;54;Teco;spin;-0.950;2;1242.3;900.0;1242.3;802.5
0;55;Tico;spin;0.667;7;703.3;342.2;703.3;238.2
0;55;Teco;spin;-1.000;2;1216.7;900.0;1216.7;802.5
0;56;Tico;spin;0.700;8;729.0;326.6;731.0;220.1
0;56;Teco;spin;-1.050;2;1191.0;900.0;1191.0;802.5
0;57;Tico;spin;0.733;8;754.7;312.6;756.7;206.1
0;57;Teco;spin;-1.100;9;1165.3;900.0;1169.3;800.5
0;58;Tico;spin;0.767;8;780.3;300.3;782.3;193.8
0;58;Teco;spin;-1.150;9;1139.7;900.0;1143.7;800.5
0;59;Tico;spin;0.800;8;806.0;289.6;808.0;183.1
0;59;Teco;spin;-1.200;8;1114.0;900.0;1112.0;793.5
0;60;Tico;spin;0.833;9;831.7;280.6;827.7;181.1
0;60;Teco;spin;-1.250;8;1088.3;900.0;1086.3;793.5
0;61;Tico;spin;0.867;9;857.3;273.2;853.3;173.7
0;61;Teco;spin;-1.300;8;1062.7;900.0;1060.7;793.5
0;62;Tico;spin;0.900;9;883.0;267.4;879.0;167.9
0;62;Teco;spin;-1.350;7;1037.0;900.0;1037.0;796.0
0;63;Tico;spin;0.933;9;908.7;263.3;904.7;163.8
0;63;Teco;spin;-1.400;7;1011.3;900.0;1011.3;796.0
0;64;Tico;spin;0.967;2;934.3;260.8;934.3;163.3
0;64;Teco;spin;-1.450;6;985.7;900.0;985.7;788.5
0;65;Tico;spin;1.000;2;960.0;260.0;960.0;162.5
0;65;Teco;spin;-1.500;6;960.0;900.0;960.0;788.5
0;66;Tico;spin;1.033;2;985.7;260.8;985.7;163.3
0;66;Teco;spin;-1.550;6;934.3;900.0;934.3;788.5
0;67;Tico;spin;1.067;3;1011.3;263.3;1011.3;158.3
0;67;Teco;spin;-1.600;5;908.7;900.0;911.2;799.5
0;68;Tico;spin;1.100;3;1037.0;267.4;1037.0;162.4
0;68;Teco;spin;-1.650;5;883.0;900.0;885.5;799.5
0;69;Tico;spin;1.133;3;1062.7;273.2;1062.7;168.2
0;69;Teco;spin;-1.700;4;857.3;900.0;861.8;797.5
0;70;Tico;spin;1.167;3;1088.3;280.6;1088.3;175.6
0;70;Teco;spin;-1.750;4;831.7;900.0;836.2;797.5
0;71;Tico;spin;1.200;4;1114.0;289.6;1109.5;187.1
0;71;Teco;spin;-1.800;4;806.0;900.0;810.5;797.5
0;72;Tico;spin;1.233;4;1139.7;300.3;1135.2;197.8
0;72;Teco;spin;-1.850;3;780.3;900.0;780.3;795.0
0;73;Tico;spin;1.267;4;1165.3;312.6;1160.8;210.1
0;73;Teco;spin;-1.900;3;754.7;900.0;754.7;795.0
0;74;Tico;spin;1.300;4;1191.0;326.6;1186.5;224.1
0;74;Teco;spin;-1.950;2;729.0;900.0;729.0;802.5
0;75;Tico;spin;1.333;5;1216.7;342.2;1214.2;241.7
0;75;Teco;spin;-2.000;2;703.3;900.0;703.3;802.5
0;76;Tico;spin;1.367;5;1242.3;359.5;1239.8;259.0
0;76;Teco;spin;-2.050;2;677.7;900.0;677.7;802.5
0;77;Tico;spin;1.400;5;1268.0;378.4;1265.5;277.9
0;77;Teco;spin;-2.100;9;652.0;900.0;656.0;800.5
0;78;Tico;spin;1.433;5;1293.7;399.0;1291.2;298.5
0;78;Teco;spin;-2.150;9;626.3;900.0;630.3;800.5
0;79;Tico;spin;1.467;6;1319.3;421.2;1319.3;309.7
0;79;Teco;spin;-2.200;8;600.7;900.0;598.7;793.5
0;80;Tico;spin;1.500;6;1345.0;445.0;1345.0;333.5
0;80;Teco;spin;-2.250;8;575.0;900.0;573.0;793.5
0;81;Tico;spin;1.533;6;1370.7;470.5;1370.7;359.0
0;81;Teco;spin;-2.300;8;549.3;900.0;547.3;793.5
0;82;Tico;spin;1.567;7;1396.3;497.6;1396.3;393.6
0;82;Teco;spin;-2.350;7;523.7;900.0;523.7;796.0
0;83;Tico;spin;1.600;7;1422.0;526.4;1422.0;422.4
0;83;Teco;spin;-2.400;7;498.0;900.0;498.0;796.0
0;84;Tico;spin;1.633;7;1447.7;556.8;1447.7;452.8
0;84;Teco;spin;-2.450;6;472.3;900.0;472.3;788.5
0;85;Tico;spin;1.667;7;1473.3;588.9;1473.3;484.9
0;85;Teco;spin;-2.500;6;446.7;900.0;446.7;788.5
0;86;Tico;spin;1.700;8;1499.0;622.6;1501.0;516.1
0;86;Teco;spin;-2.550;6;421.0;900.0;421.0;788.5
0;87;Tico;spin;1.733;8;1524.7;658.0;1526.7;551.5
0;87;Teco;spin;-2.600;5;395.3;900.0;397.8;799.5
0;88;Tico;spin;1.767;8;1550.3;695.0;1552.3;588.5
0;88;Teco;spin;-2.650;5;369.7;900.0;372.2;799.5
0;89;Tico;spin;1.800;8;1576.0;733.6;1578.0;627.1
0;89;Teco;spin;-2.700;4;344.0;900.0;348.5;797.5
0;90;Tico;spin;1.833;9;1601.7;773.9;1597.7;674.4
0;90;Teco;spin;-2.750;4;318.3;916.7;322.8;814.2
0;91;Tico;spin;1.867;9;1627.3;815.8;1623.3;716.3
0;91;Teco;spin;-2.800;4;292.7;933.3;297.2;830.8
0;92;Tico;spin;1.900;9;1653.0;859.4;1649.0;759.9
0;92;Teco;spin;-2.850;3;267.0;950.0;267.0;845.0
0;93;Tico;spin;1.933;9;1678.7;904.6;1674.7;805.1
0;93;Teco;spin;-2.900;3;241.3;966.7;241.3;861.7
0;94;Tico;spin;1.967;2;1704.3;951.5;1704.3;854.0
0;94;Teco;spin;-2.950;2;215.7;983.3;215.7;885.8
0;95;Tico;spin;2.000;2;1730.0;1000.0;1730.0;902.5
0;95;Teco;spin;-3.000;2;190.0;1000.0;190.0;902.5
0;96;Tico;idle;0.000;10;1730.0;1000.0;1734.5;895.5
0;96;Teco;idle;0.000;10;190.0;1000.0;185.5;895.5
0;97;Tico;idle;0.000;10;1730.0;1000.0;1734.5;895.5
0;97;Teco;idle;0.000;10;190.0;1000.0;185.5;895.5
0;98;Tico;idle;0.000;10;1730.0;1000.0;1734.5;895.5
0;98;Teco;idle;0.000;10;190.0;1000.0;185.5;895.5
0;99;Tico;idle;0.000;10;1730.0;1000.0;1734.5;895.5
0;99;Teco;idle;0.000;10;190.0;1000.0;185.5;895.5
0;100;Tico;idle;0.000;10;1730.0;1000.0;1734.5;895.5
0;100;Teco;idle;0.000;10;190.0;1000.0;185.5;895.5
0;101;Tico;idle;0.000;10;1730.0;1000.0;1734.5;895.5
0;101;Teco;idle;0.000;10;190.0;1000.0;185.5;895.5
0;102;Tico;idle;0.000;10;1730.0;1000.0;1734.5;895.5
0;102;Teco;idle;0.000;10;190.0;1000.0;185.5;895.5
0;103;Tico;idle;0.000;10;1730.0;1000.0;1734.5;895.5
0;103;Teco;idle;0.000;10;190.0;1000.0;185.5;895.5
0;104;Tico;idle;0.000;10;1730.0;1000.0;1734.5;895.5
0;104;Teco;idle;0.000;10;190.0;1000.0;185.5;895.5
0;105;Tico;idle;0.000;10;1730.0;1000.0;1734.5;895.5
0;105;Teco;idle;0.000;10;190.0;1000.0;185.5;895.5
0;106;Tico;idle;0.000;12;1730.0;1000.0;1729.0;898.0
0;106;Teco;idle;0.000;12;190.0;1000.0;191.0;898.0
0;107;Tico;idle;0.000;12;1730.0;1000.0;1729.0;898.0
0;107;Teco;idle;0.000;12;190.0;1000.0;191.0;898.0
0;108;Tico;idle;0.000;1;1730.0;1000.0;1728.5;897.5
0;108;Teco;idle;0.000;1;190.0;1000.0;191.5;897.5
0;109;Tico;idle;0.000;1;1730.0;1000.0;1728.5;897.5
0;109;Teco;idle;0.000;1;190.0;1000.0;191.5;897.5
0;110;Tico;idle;0.000;1;1730.0;1000.0;1728.5;897.5
0;110;Teco;idle;0.000;1;190.0;1000.0;191.5;897.5
0;111;Tico;idle;0.000;1;1730.0;1000.0;1728.5;897.5
0;111;Teco;idle;0.000;1;190.0;1000.0;191.5;897.5
0;112;Tico;idle;0.000;2;1730.0;1000.0;1731.5;894.0
0;112;Teco;idle;0.000;2;190.0;1000.0;188.5;894.0
0;113;Tico;idle;0.000;2;1730.0;1000.0;1731.5;894.0
0;113;Teco;idle;0.000;2;190.0;1000.0;188.5;894.0
0;114;Tico;idle;0.000;2;1730.0;1000.0;1731.5;894.0
0;114;Teco;idle;0.000;2;190.0;1000.0;188.5;894.0
0;115;Tico;idle;0.000;3;1730.0;1000.0;1730.5;892.5
0;115;Teco;idle;0.000;3;190.0;1000.0;189.5;892.5
0;116;Tico;idle;0.000;3;1730.0;1000.0;1730.5;892.5
0;116;Teco;idle;0.000;3;190.0;1000.0;189.5;892.5
0;117;Tico;idle;0.000;3;1730.0;1000.0;1730.5;892.5
0;117;Teco;idle;0.000;3;190.0;1000.0;189.5;892.5
0;118;Tico;idle;0.000;4;1730.0;1000.0;1731.0;889.0
0;118;Teco;idle;0.000;4;190.0;1000.0;189.0;889.0
0;119;Tico;idle;0.000;4;1730.0;1000.0;1731.0;889.0
0;119;Teco;idle;0.000;4;190.0;1000.0;189.0;889.0
0;120;Tico;idle;0.000;4;1730.0;1000.0;1731.0;889.0
0;120;Teco;idle;0.000;4;190.0;1000.0;189.0;889.0
0;121;Tico;idle;0.000;4;1730.0;1000.0;1731.0;889.0
0;121;Teco;idle;0.000;4;190.0;1000.0;189.0;889.0
0;122;Tico;idle;0.000;5;1730.0;1000.0;1729.0;892.0
0;122;Teco;idle;0.000;5;190.0;1000.0;191.0;892.0
0;123;Tico;idle;0.000;5;1730.0;1000.0;1729.0;892.0
0;123;Teco;idle;0.000;5;190.0;1000.0;191.0;892.0
0;124;Tico;idle;0.000;5;1730.0;1000.0;1729.0;892.0
0;124;Teco;idle;0.000;5;190.0;1000.0;191.0;892.0
0;125;Tico;idle;0.000;6;1730.0;1000.0;1730.5;894.0
0;125;Teco;idle;0.000;6;190.0;1000.0;189.5;894.0
0;126;Tico;idle;0.000;6;1730.0;1000.0;1730.5;894.0
0;126;Teco;idle;0.000;6;190.0;1000.0;189.5;894.0
0;127;Tico;idle;0.000;6;1730.0;1000.0;1730.5;894.0
0;127;Teco;idle;0.000;6;190.0;1000.0;189.5;894.0
0;128;Tico;idle;0.000;7;1730.0;1000.0;1727.0;895.0
0;128;Teco;idle;0.000;7;190.0;1000.0;193.0;895.0
0;129;Tico;idle;0.000;7;1730.0;1000.0;1727.0;895.0
0;129;Teco;idle;0.000;7;190.0;1000.0;193.0;895.0
0;130;Tico;idle;0.000;7;1730.0;1000.0;1727.0;895.0
0;130;Teco;idle;0.000;7;190.0;1000.0;193.0;895.0
0;131;Tico;idle;0.000;7;1730.0;1000.0;1727.0;895.0
0;131;Teco;idle;0.000;7;190.0;1000.0;193.0;895.0
0;132;Tico;idle;0.000;8;1730.0;1000.0;1727.0;894.0
0;132;Teco;idle;0.000;8;190.0;1000.0;193.0;894.0
0;133;Tico;idle;0.000;8;1730.0;1000.0;1727.0;894.0
0;133;Teco;idle;0.000;8;190.0;1000.0;193.0;894.0
0;134;Tico;idle;0.000;8;1730.0;1000.0;1727.0;894.0
0;134;Teco;idle;0.000;8;190.0;1000.0;193.0;894.0
0;135;Tico;idle;0.000;9;1730.0;1000.0;1728.0;891.0
0;135;Teco;idle;0.000;9;190.0;1000.0;192.0;891.0
0;136;Tico;idle;0.000;9;1730.0;1000.0;1728.0;891.0
0;136;Teco;idle;0.000;9;190.0;1000.0;192.0;891.0
0;137;Tico;idle;0.000;9;1730.0;1000.0;1728.0;891.0
0;137;Teco;idle;0.000;9;190.0;1000.0;192.0;891.0
0;138;Tico;idle;0.000;10;1730.0;1000.0;1730.5;889.5
0;138;Teco;idle;0.000;10;190.0;1000.0;189.5;889.5
0;139;Tico;idle;0.000;10;1730.0;1000.0;1730.5;889.5
0;139;Teco;idle;0.000;10;190.0;1000.0;189.5;889.5
0;140;Tico;idle;0.000;10;1730.0;1000.0;1730.5;889.5
0;140;Teco;idle;0.000;10;190.0;1000.0;189.5;889.5
0;141;Tico;idle;0.000;10;1730.0;1000.0;1730.5;889.5
0;141;Teco;idle;0.000;10;190.0;1000.0;189.5;889.5
0;142;Tico;idle;0.000;11;1730.0;1000.0;1727.5;896.0
0;142;Teco;idle;0.000;11;190.0;1000.0;192.5;896.0
0;143;Tico;idle;0.000;11;1730.0;1000.0;1727.5;896.0
0;143;Teco;idle;0.000;11;190.0;1000.0;192.5;896.0
0;144;Tico;idle;0.000;11;1730.0;1000.0;1727.5;896.0
0;144;Teco;idle;0.000;11;190.0;1000.0;192.5;896.0
0;145;Tico;idle;0.000;12;1730.0;1000.0;1729.0;898.0
0;145;Teco;idle;0.000;12;190.0;1000.0;191.0;898.0
0;146;Tico;idle;0.000;12;1730.0;1000.0;1729.0;898.0
0;146;Teco;idle;0.000;12;190.0;1000.0;191.0;898.0
0;147;Tico;idle;0.000;12;1730.0;1000.0;1729.0;898.0
0;147;Teco;idle;0.000;12;190.0;1000.0;191.0;898.0
0;148;Tico;idle;0.000;1;1730.0;1000.0;1728.5;897.5
0;148;Teco;idle;0.000;1;190.0;1000.0;191.5;897.5
0;149;Tico;idle;0.000;1;1730.0;1000.0;1728.5;897.5
0;149;Teco;idle;0.000;1;190.0;1000.0;191.5;897.5
1;0;Tico;crouch;0.000;1;1730.0;1000.0;1725.5;910.0
1;0;Teco;crouch;0.000;1;190.0;1000.0;194.5;910.0
1;1;Tico;crouch;0.000;1;1730.0;1000.0;1725.5;910.0
1;1;Teco;crouch;0.000;1;190.0;1000.0;194.5;910.0
1;2;Tico;crouch;0.000;1;1730.0;1000.0;1725.5;910.0
1;2;Teco;crouch;0.000;1;190.0;1000.0;194.5;910.0
1;3;Tico;crouch;0.000;1;1730.0;1000.0;1725.5;910.0
1;3;Teco;crouch;0.000;1;190.0;1000.0;194.5;910.0
1;4;Tico;crouch;0.000;1;1730.0;1000.0;1725.5;910.0
1;4;Teco;crouch;0.000;1;190.0;1000.0;194.5;910.0
1;5;Tico;crouch;0.000;1;1730.0;1000.0;1725.5;910.0
1;5;Teco;crouch;0.000;1;190.0;1000.0;194.5;910.0
1;6;Tico;crouch;0.000;1;1730.0;1000.0;1725.5;910.0
1;6;Teco;crouch;0.000;1;190.0;1000.0;194.5;910.0
1;7;Tico;crouch;0.000;1;1730.0;1000.0;1725.5;910.0
1;7;Teco;crouch;0.000;1;190.0;1000.0;194.5;910.0
1;8;Tico;crouch;0.000;1;1730.0;1000.0;1725.5;910.0
1;8;Teco;crouch;0.000;1;190.0;1000.0;194.5;910.0
1;9;Tico;crouch;0.000;1;1730.0;1000.0;1725.5;910.0
1;9;Teco;crouch;0.000;1;190.0;1000.0;194.5;910.0
1;10;Tico;crouch;0.000;1;1730.0;1000.0;1725.5;910.0
1;10;Teco;crouch;0.000;1;190.0;1000.0;194.5;910.0
1;11;Tico;crouch;0.000;1;1730.0;1000.0;1725.5;910.0
1;11;Teco;crouch;0.000;1;190.0;1000.0;194.5;910.0
1;12;Tico;crouch;0.000;1;1730.0;1000.0;1725.5;910.0
1;12;Teco;crouch;0.000;1;190.0;1000.0;194.5;910.0
1;13;Tico;crouch;0.000;1;1730.0;1000.0;1725.5;910.0
1;13;Teco;crouch;0.000;1;190.0;1000.0;194.5;910.0
1;14;Tico;crouch;0.000;1;1730.0;1000.0;1725.5;910.0
1;14;Teco;crouch;0.000;1;190.0;1000.0;194.5;910.0
1;15;Tico;crouch;0.000;1;1730.0;1000.0;1725.5;910.0
1;15;Teco;crouch;0.000;1;190.0;1000.0;194.5;910.0
1;16;Tico;crouch;0.000;1;1730.0;1000.0;1725.5;910.0
1;16;Teco;crouch;0.000;1;190.0;1000.0;194.5;910.0
1;17;Tico;crouch;0.000;1;1730.0;1000.0;1725.5;910.0
1;17;Teco;crouch;0.000;1;190.0;1000.0;194.5;910.0
1;18;Tico;crouch;0.000;1;1730.0;1000.0;1725.5;910.0
1;18;Teco;crouch;0.000;1;190.0;1000.0;194.5;910.0
1;19;Tico;crouch;0.000;1;1730.0;1000.0;1725.5;910.0
1;19;Teco;crouch;0.000;1;190.0;1000.0;194.5;910.0
1;20;Tico;crouch;0.000;1;1730.0;1000.0;1725.5;910.0
1;20;Teco;crouch;0.000;1;190.0;1000.0;194.5;910.0
1;21;Tico;crouch;0.000;1;1730.0;1000.0;1725.5;910.0
1;21;Teco;crouch;0.000;1;190.0;1000.0;194.5;910.0
1;22;Tico;crouch;0.000;1;1730.0;1000.0;1725.5;910.0
1;22;Teco;crouch;0.000;1;190.0;1000.0;194.5;910.0
1;23;Tico;crouch;0.000;1;1730.0;1000.0;1725.5;910.0
1;23;Teco;crouch;0.000;1;190.0;1000.0;194.5;910.0
1;24;Tico;crouch;0.000;1;1730.0;1000.0;1725.5;910.0
1;24;Teco;crouch;0.000;1;190.0;1000.0;194.5;910.0
1;25;Tico;crouch;0.000;1;1730.0;1000.0;1725.5;910.0
1;25;Teco;crouch;0.000;1;190.0;1000.0;194.5;910.0
1;26;Tico;crouch;0.000;1;1730.0;1000.0;1725.5;910.0
1;26;Teco;crouch;0.000;1;190.0;1000.0;194.5;910.0
1;27;Tico;crouch;0.000;1;1730.0;1000.0;1725.5;910.0
1;27;Teco;crouch;0.000;1;190.0;1000.0;194.5;910.0
1;28;Tico;crouch;0.000;1;1730.0;1000.0;1725.5;910.0
1;28;Teco;crouch;0.000;1;190.0;1000.0;194.5;910.0
1;29;Tico;crouch;0.000;1;1730.0;1000.0;1725.5;910.0
1;29;Teco;crouch;0.000;1;190.0;1000.0;194.5;910.0
1;30;Tico;crouch;0.000;1;1730.0;1000.0;1725.5;910.0
1;30;Teco;crouch;0.000;1;190.0;1000.0;194.5;910.0
1;31;Tico;crouch;0.000;1;1730.0;1000.0;1725.5;910.0
1;31;Teco;crouch;0.000;1;190.0;1000.0;194.5;910.0
1;32;Tico;crouch;0.000;1;1730.0;1000.0;1725.5;910.0
1;32;Teco;crouch;0.000;1;190.0;1000.0;194.5;910.0
1;33;Tico;crouch;0.000;1;1730.0;1000.0;1725.5;910.0
1;33;Teco;crouch;0.000;1;190.0;1000.0;194.5;910.0
1;34;Tico;crouch;0.000;1;1730.0;1000.0;1725.5;910.0
1;34;Teco;crouch;0.000;1;190.0;1000.0;194.5;910.0
1;35;Tico;spin;-0.000;2;1730.0;1000.0;1730.0;902.5
1;35;Teco;spin;0.000;2;190.0;1000.0;190.0;902.5
1;36;Tico;spin;-0.050;2;1704.3;983.3;1704.3;885.8
1;36;Teco;spin;0.033;2;215.7;951.5;215.7;854.0
1;37;Tico;spin;-0.100;9;1678.7;966.7;1682.7;867.2
1;37;Teco;spin;0.067;3;241.3;904.6;241.3;799.6
1;38;Tico;spin;-0.150;9;1653.0;950.0;1657.0;850.5
1;38;Teco;spin;0.100;3;267.0;859.4;267.0;754.4
1;39;Tico;spin;-0.200;8;1627.3;933.3;1625.3;826.8
1;39;Teco;spin;0.133;3;292.7;815.8;292.7;710.8
1;40;Tico;spin;-0.250;8;1601.7;916.7;1599.7;810.2
1;40;Teco;spin;0.167;3;318.3;773.9;318.3;668.9
1;41;Tico;spin;-0.300;8;1576.0;900.0;1574.0;793.5
1;41;Teco;spin;0.200;4;344.0;733.6;339.5;631.1
1;42;Tico;spin;-0.350;7;1550.3;900.0;1550.3;796.0
1;42;Teco;spin;0.233;4;369.7;695.0;365.2;592.5
1;43;Tico;spin;-0.400;7;1524.7;900.0;1524.7;796.0
1;43;Teco;spin;0.267;4;395.3;658.0;390.8;555.5
1;44;Tico;spin;-0.450;6;1499.0;900.0;1499.0;788.5
1;44;Teco;spin;0.300;4;421.0;622.6;416.5;520.1
1;45;Tico;spin;-0.500;6;1473.3;900.0;1473.3;788.5
1;45;Teco;spin;0.333;5;446.7;588.9;444.2;488.4
1;46;Tico;spin;-0.550;6;1447.7;900.0;1447.7;788.5
1;46;Teco;spin;0.367;5;472.3;556.8;469.8;456.3
1;47;Tico;spin;-0.600;5;1422.0;900.0;1424.5;799.5
1;47;Teco;spin;0.400;5;498.0;526.4;495.5;425.9
1;48;Tico;spin;-0.650;5;1396.3;900.0;1398.8;799.5
1;48;Teco;spin;0.433;5;523.7;497.6;521.2;397.1
1;49;Tico;spin;-0.700;4;1370.7;900.0;1375.2;797.5
1;49;Teco;spin;0.467;6;549.3;470.5;549.3;359.0
1;50;Tico;spin;-0.750;4;1345.0;900.0;1349.5;797.5
1;50;Teco;spin;0.500;6;575.0;445.0;575.0;333.5
1;51;Tico;spin;-0.800;4;1319.3;900.0;1323.8;797.5
1;51;Teco;spin;0.533;6;600.7;421.2;600.7;309.7
1;52;Tico;spin;-0.850;3;1293.7;900.0;1293.7;795.0
1;52;Teco;spin;0.567;7;626.3;399.0;626.3;295.0
1;53;Tico;spin;-0.900;3;1268.0;900.0;1268.0;795.0
1;53;Teco;spin;0.600;7;652.0;378.4;652.0;274.4
1;54;Tico;spin;-0.950;2;1242.3;900.0;1242.3;802.5
1;54;Teco;spin;0.633;7;677.7;359.5;677.7;255.5
1;55;Tico;spin;-1.000;2;1216.7;900.0;1216.7;802.5
1;55;Teco;spin;0.667;7;703.3;342.2;703.3;238.2
1;56;Tico;spin;-1.050;2;1191.0;900.0;1191.0;802.5
1;56;Teco;spin;0.700;8;729.0;326.6;731.0;220.1
1;57;Tico;spin;-1.100;9;1165.3;900.0;1169.3;800.5
1;57;Teco;spin;0.733;8;754.7;312.6;756.7;206.1
1;58;Tico;spin;-1.150;9;1139.7;900.0;1143.7;800.5
1;58;Teco;spin;0.767;8;780.3;300.3;782.3;193.8
1;59;Tico;spin;-1.200;8;1114.0;900.0;1112.0;793.5
1;59;Teco;spin;0.800;8;806.0;289.6;808.0;183.1
1;60;Tico;spin;-1.250;8;1088.3;900.0;1086.3;793.5
1;60;Teco;spin;0.833;9;831.7;280.6;827.7;181.1
1;61;Tico;spin;-1.300;8;1062.7;900.0;1060.7;793.5
1;61;Teco;spin;0.867;9;857.3;273.2;853.3;173.7
1;62;Tico;spin;-1.350;7;1037.0;900.0;1037.0;796.0
1;62;Teco;spin;0.900;9;883.0;267.4;879.0;167.9
1;63;Tico;spin;-1.400;7;1011.3;900.0;1011.3;796.0
1;63;Teco;spin;0.933;9;908.7;263.3;904.7;163.8
1;64;Tico;spin;-1.450;6;985.7;900.0;985.7;788.5
1;64;Teco;spin;0.967;2;934.3;260.8;934.3;163.3
1;65;Tico;spin;-1.500;6;960.0;900.0;960.0;788.5
1;65;Teco;spin;1.000;2;960.0;260.0;960.0;162.5
1;66;Tico;spin;-1.550;6;934.3;900.0;934.3;788.5
1;66;Teco;spin;1.033;2;985.7;260.8;985.7;163.3
1;67;Tico;spin;-1.600;5;908.7;900.0;911.2;799.5
1;67;Teco;spin;1.067;3;1011.3;263.3;1011.3;158.3
1;68;Tico;spin;-1.650;5;883.0;900.0;885.5;799.5
1;68;Teco;spin;1.100;3;1037.0;267.4;1037.0;162.4
1;69;Tico;spin;-1.700;4;857.3;900.0;861.8;797.5
1;69;Teco;spin;1.133;3;1062.7;273.2;1062.7;168.2
1;70;Tico;spin;-1.750;4;831.7;900.0;836.2;797.5
1;70;Teco;spin;1.167;3;1088.3;280.6;1088.3;175.6
1;71;Tico;spin;-1.800;4;806.0;900.0;810.5;797.5
1;71;Teco;spin;1.200;4;1114.0;289.6;1109.5;187.1
1;72;Tico;spin;-1.850;3;780.3;900.0;780.3;795.0
1;72;Teco;spin;1.233;4;1139.7;300.3;1135.2;197.8
1;73;Tico;spin;-1.900;3;754.7;900.0;754.7;795.0
1;73;Teco;spin;1.267;4;1165.3;312.6;1160.8;210.1
1;74;Tico;spin;-1.950;2;729.0;900.0;729.0;802.5
1;74;Teco;spin;1.300;4;1191.0;326.6;1186.5;224.1
1;75;Tico;spin;-2.000;2;703.3;900.0;703.3;802.5
1;75;Teco;spin;1.333;5;1216.7;342.2;1214.2;241.7
1;76;Tico;spin;-2.050;2;677.7;900.0;677.7;802.5
1;76;Teco;spin;1.367;5;1242.3;359.5;1239.8;259.0
1;77;Tico;spin;-2.100;9;652.0;900.0;656.0;800.5
1;77;Teco;spin;1.400;5;1268.0;378.4;1265.5;277.9
1;78;Tico;spin;-2.150;9;626.3;900.0;630.3;800.5
1;78;Teco;spin;1.433;5;1293.7;399.0;1291.2;298.5
1;79;Tico;spin;-2.200;8;600.7;900.0;598.7;793.5
1;79;Teco;spin;1.467;6;1319.3;421.2;1319.3;309.7
1;80;Tico;spin;-2.250;8;575.0;900.0;573.0;793.5
1;80;Teco;spin;1.500;6;1345.0;445.0;1345.0;333.5
1;81;Tico;spin;-2.300;8;549.3;900.0;547.3;793.5
1;81;Teco;spin;1.533;6;1370.7;470.5;1370.7;359.0
1;82;Tico;spin;-2.350;7;523.7;900.0;523.7;796.0
1;82;Teco;spin;1.567;7;1396.3;497.6;1396.3;393.6
1;83;Tico;spin;-2.400;7;498.0;900.0;498.0;796.0
1;83;Teco;spin;1.600;7;1422.0;526.4;1422.0;422.4
1;84;Tico;spin;-2.450;6;472.3;900.0;472.3;788.5
1;84;Teco;spin;1.633;7;1447.7;556.8;1447.7;452.8
1;85;Tico;spin;-2.500;6;446.7;900.0;446.7;788.5
1;85;Teco;spin;1.667;7;1473.3;588.9;1473.3;484.9
1;86;Tico;spin;-2.550;6;421.0;900.0;421.0;788.5
1;86;Teco;spin;1.700;8;1499.0;622.6;1501.0;516.1
1;87;Tico;spin;-2.600;5;395.3;900.0;397.8;799.5
1;87;Teco;spin;1.733;8;1524.7;658.0;1526.7;551.5
1;88;Tico;spin;-2.650;5;369.7;900.0;372.2;799.5
1;88;Teco;spin;1.767;8;1550.3;695.0;1552.3;588.5
1;89;Tico;spin;-2.700;4;344.0;900.0;348.5;797.5
1;89;Teco;spin;1.800;8;1576.0;733.6;1578.0;627.1
1;90;Tico;spin;-2.750;4;318.3;916.7;322.8;814.2
1;90;Teco;spin;1.833;9;1601.7;773.9;1597.7;674.4
1;91;Tico;spin;-2.800;4;292.7;933.3;297.2;830.8
1;91;Teco;spin;1.867;9;1627.3;815.8;1623.3;716.3
1;92;Tico;spin;-2.850;3;267.0;950.0;267.0;845.0
1;92;Teco;spin;1.900;9;1653.0;859.4;1649.0;759.9
1;93;Tico;spin;-2.900;3;241.3;966.7;241.3;861.7
1;93;Teco;spin;1.933;9;1678.7;904.6;1674.7;805.1
1;94;Tico;spin;-2.950;2;215.7;983.3;215.7;885.8
1;94;Teco;spin;1.967;2;1704.3;951.5;1704.3;854.0
1;95;Tico;spin;-3.000;2;190.0;1000.0;190.0;902.5
1;95;Teco;spin;2.000;2;1730.0;1000.0;1730.0;902.5
1;96;Tico;idle;0.000;10;190.0;1000.0;185.5;895.5
1;96;Teco;idle;0.000;10;1730.0;1000.0;1734.5;895.5
1;97;Tico;idle;0.000;10;190.0;1000.0;185.5;895.5
1;97;Teco;idle;0.000;10;1730.0;1000.0;1734.5;895.5
1;98;Tico;idle;0.000;10;190.0;1000.0;185.5;895.5
1;98;Teco;idle;0.000;10;1730.0;1000.0;1734.5;895.5
1;99;Tico;idle;0.000;10;190.0;1000.0;185.5;895.5
1;99;Teco;idle;0.000;10;1730.0;1000.0;1734.5;895.5
1;100;Tico;idle;0.000;10;190.0;1000.0;185.5;895.5
1;100;Teco;idle;0.000;10;1730.0;1000.0;1734.5;895.5
1;101;Tico;idle;0.000;10;190.0;1000.0;185.5;895.5
1;101;Teco;idle;0.000;10;1730.0;1000.0;1734.5;895.5
1;102;Tico;idle;0.000;10;190.0;1000.0;185.5;895.5
1;102;Teco;idle;0.000;10;1730.0;1000.0;1734.5;895.5
1;103;Tico;idle;0.000;10;190.0;1000.0;185.5;895.5
1;103;Teco;idle;0.000;10;1730.0;1000.0;1734.5;895.5
1;104;Tico;idle;0.000;10;190.0;1000.0;185.5;895.5
1;104;Teco;idle;0.000;10;1730.0;1000.0;1734.5;895.5
1;105;Tico;idle;0.000;10;190.0;1000.0;185.5;895.5
1;105;Teco;idle;0.000;10;1730.0;1000.0;1734.5;895.5
1;106;Tico;idle;0.000;6;190.0;1000.0;189.5;894.0
1;106;Teco;idle;0.000;6;1730.0;1000.0;1730.5;894.0
1;107;Tico;idle;0.000;7;190.0;1000.0;193.0;895.0
1;107;Teco;idle;0.000;7;1730.0;1000.0;1727.0;895.0
1;108;Tico;idle;0.000;7;190.0;1000.0;193.0;895.0
1;108;Teco;idle;0.000;7;1730.0;1000.0;1727.0;895.0
1;109;Tico;idle;0.000;7;190.0;1000.0;193.0;895.0
1;109;Teco;idle;0.000;7;1730.0;1000.0;1727.0;895.0
1;110;Tico;idle;0.000;7;190.0;1000.0;193.0;895.0
1;110;Teco;idle;0.000;7;1730.0;1000.0;1727.0;895.0
1;111;Tico;idle;0.000;8;190.0;1000.0;193.0;894.0
1;111;Teco;idle;0.000;8;1730.0;1000.0;1727.0;894.0
1;112;Tico;idle;0.000;8;190.0;1000.0;193.0;894.0
1;112;Teco;idle;0.000;8;1730.0;1000.0;1727.0;894.0
1;113;Tico;idle;0.000;8;190.0;1000.0;193.0;894.0
1;113;Teco;idle;0.000;8;1730.0;1000.0;1727.0;894.0
1;114;Tico;idle;0.000;9;190.0;1000.0;192.0;891.0
1;114;Teco;idle;0.000;9;1730.0;1000.0;1728.0;891.0
1;115;Tico;idle;0.000;9;190.0;1000.0;192.0;891.0
1;115;Teco;idle;0.000;9;1730.0;1000.0;1728.0;891.0
1;116;Tico;idle;0.000;9;190.0;1000.0;192.0;891.0
1;116;Teco;idle;0.000;9;1730.0;1000.0;1728.0;891.0
1;117;Tico;idle;0.000;10;190.0;1000.0;189.5;889.5
1;117;Teco;idle;0.000;10;1730.0;1000.0;1730.5;889.5
1;118;Tico;idle;0.000;10;190.0;1000.0;189.5;889.5
1;118;Teco;idle;0.000;10;1730.0;1000.0;1730.5;889.5
1;119;Tico;idle;0.000;10;190.0;1000.0;189.5;889.5
1;119;Teco;idle;0.000;10;1730.0;1000.0;1730.5;889.5
1;120;Tico;idle;0.000;10;190.0;1000.0;189.5;889.5
1;120;Teco;idle;0.000;10;1730.0;1000.0;1730.5;889.5
1;121;Tico;idle;0.000;11;190.0;1000.0;192.5;896.0
1;121;Teco;idle;0.000;11;1730.0;1000.0;1727.5;896.0
1;122;Tico;idle;0.000;11;190.0;1000.0;192.5;896.0
1;122;Teco;idle;0.000;11;1730.0;1000.0;1727.5;896.0
1;123;Tico;idle;0.000;11;190.0;1000.0;192.5;896.0
1;123;Teco;idle;0.000;11;1730.0;1000.0;1727.5;896.0
1;124;Tico;idle;0.000;12;190.0;1000.0;191.0;898.0
1;124;Teco;idle;0.000;12;1730.0;1000.0;1729.0;898.0
1;125;Tico;idle;0.000;12;190.0;1000.0;191.0;898.0
1;125;Teco;idle;0.000;12;1730.0;1000.0;1729.0;898.0
1;126;Tico;idle;0.000;12;190.0;1000.0;191.0;898.0
1;126;Teco;idle;0.000;12;1730.0;1000.0;1729.0;898.0
1;127;Tico;idle;0.000;1;190.0;1000.0;191.5;897.5
1;127;Teco;idle;0.000;1;1730.0;1000.0;1728.5;897.5
1;128;Tico;idle;0.000;1;190.0;1000.0;191.5;897.5
1;128;Teco;idle;0.000;1;1730.0;1000.0;1728.5;897.5
1;129;Tico;idle;0.000;1;190.0;1000.0;191.5;897.5
1;129;Teco;idle;0.000;1;1730.0;1000.0;1728.5;897.5
1;130;Tico;idle;0.000;1;190.0;1000.0;191.5;897.5
1;130;Teco;idle;0.000;1;1730.0;1000.0;1728.5;897.5
1;131;Tico;idle;0.000;2;190.0;1000.0;188.5;894.0
1;131;Teco;idle;0.000;2;1730.0;1000.0;1731.5;894.0
1;132;Tico;idle;0.000;2;190.0;1000.0;188.5;894.0
1;132;Teco;idle;0.000;2;1730.0;1000.0;1731.5;894.0
1;133;Tico;idle;0.000;2;190.0;1000.0;188.5;894.0
1;133;Teco;idle;0.000;2;1730.0;1000.0;1731.5;894.0
1;134;Tico;idle;0.000;3;190.0;1000.0;189.5;892.5
1;134;Teco;idle;0.000;3;1730.0;1000.0;1730.5;892.5
1;135;Tico;idle;0.000;3;190.0;1000.0;189.5;892.5
1;135;Teco;idle;0.000;3;1730.0;1000.0;1730.5;892.5
1;136;Tico;idle;0.000;3;190.0;1000.0;189.5;892.5
1;136;Teco;idle;0.000;3;1730.0;1000.0;1730.5;892.5
1;137;Tico;idle;0.000;4;190.0;1000.0;189.0;889.0
1;137;Teco;idle;0.000;4;1730.0;1000.0;1731.0;889.0
1;138;Tico;idle;0.000;4;190.0;1000.0;189.0;889.0
1;138;Teco;idle;0.000;4;1730.0;1000.0;1731.0;889.0
1;139;Tico;idle;0.000;4;190.0;1000.0;189.0;889.0
1;139;Teco;idle;0.000;4;1730.0;1000.0;1731.0;889.0
1;140;Tico;idle;0.000;4;190.0;1000.0;189.0;889.0
1;140;Teco;idle;0.000;4;1730.0;1000.0;1731.0;889.0
1;141;Tico;idle;0.000;5;190.0;1000.0;191.0;892.0
1;141;Teco;idle;0.000;5;1730.0;1000.0;1729.0;892.0
1;142;Tico;idle;0.000;5;190.0;1000.0;191.0;892.0
1;142;Teco;idle;0.000;5;1730.0;1000.0;1729.0;892.0
1;143;Tico;idle;0.000;5;190.0;1000.0;191.0;892.0
1;143;Teco;idle;0.000;5;1730.0;1000.0;1729.0;892.0
1;144;Tico;idle;0.000;6;190.0;1000.0;189.5;894.0
1;144;Teco;idle;0.000;6;1730.0;1000.0;1730.5;894.0
1;145;Tico;idle;0.000;6;190.0;1000.0;189.5;894.0
1;145;Teco;idle;0.000;6;1730.0;1000.0;1730.5;894.0
1;146;Tico;idle;0.000;6;190.0;1000.0;189.5;894.0
1;146;Teco;idle;0.000;6;1730.0;1000.0;1730.5;894.0
1;147;Tico;idle;0.000;7;190.0;1000.0;193.0;895.0
1;147;Teco;idle;0.000;7;1730.0;1000.0;1727.0;895.0
1;148;Tico;idle;0.000;7;190.0;1000.0;193.0;895.0
1;148;Teco;idle;0.000;7;1730.0;1000.0;1727.0;895.0
1;149;Tico;idle;0.000;7;190.0;1000.0;193.0;895.0
1;149;Teco;idle;0.000;7;1730.0;1000.0;1727.0;895.0
