quadro;irmao;modo;pose;arte;pes_x;pes_y;facing
0;Tico;unicycle;ride;false;1670.0;620.0;-1
0;Teco;unicycle;sit;false;1670.0;470.0;-1
1;Tico;unicycle;ride;false;1670.0;620.0;-1
1;Teco;unicycle;sit;false;1670.0;470.0;-1
2;Tico;unicycle;ride;false;1670.0;620.0;-1
2;Teco;unicycle;sit;false;1670.0;470.0;-1
3;Tico;unicycle;ride;false;1670.0;620.0;-1
3;Teco;unicycle;sit;false;1670.0;470.0;-1
4;Tico;unicycle;ride;false;1670.0;620.0;-1
4;Teco;unicycle;sit;false;1670.0;470.0;-1
5;Tico;unicycle;ride;false;1670.0;620.0;-1
5;Teco;unicycle;sit;false;1670.0;470.0;-1
6;Tico;unicycle;ride;false;1670.0;620.0;-1
6;Teco;unicycle;sit;false;1670.0;470.0;-1
7;Tico;unicycle;ride;false;1670.0;620.0;-1
7;Teco;unicycle;sit;false;1670.0;470.0;-1
8;Tico;unicycle;ride;false;1670.0;620.0;-1
8;Teco;unicycle;sit;false;1670.0;470.0;-1
9;Tico;unicycle;ride;false;1670.0;620.0;-1
9;Teco;unicycle;sit;false;1670.0;470.0;-1
10;Tico;unicycle;ride;false;1670.0;620.0;-1
10;Teco;unicycle;sit;false;1670.0;470.0;-1
11;Tico;unicycle;ride;false;1670.0;620.0;-1
11;Teco;unicycle;sit;false;1670.0;470.0;-1
12;Tico;unicycle;ride;false;1670.0;620.0;-1
12;Teco;unicycle;sit;false;1670.0;470.0;-1
13;Tico;unicycle;ride;false;1670.0;620.0;-1
13;Teco;unicycle;sit;false;1670.0;470.0;-1
14;Tico;unicycle;ride;false;1670.0;620.0;-1
14;Teco;unicycle;sit;false;1670.0;470.0;-1
15;Tico;unicycle;ride;false;1670.0;620.0;-1
15;Teco;unicycle;sit;false;1670.0;470.0;-1
16;Tico;unicycle;ride;false;1670.0;620.0;-1
16;Teco;unicycle;sit;false;1670.0;470.0;-1
17;Tico;unicycle;ride;false;1670.0;620.0;-1
17;Teco;unicycle;sit;false;1670.0;470.0;-1
18;Tico;unicycle;ride;false;1670.0;620.0;-1
18;Teco;unicycle;sit;false;1670.0;470.0;-1
19;Tico;unicycle;ride;false;1670.0;620.0;-1
19;Teco;unicycle;sit;false;1670.0;470.0;-1
20;Tico;unicycle;ride;false;1670.0;620.0;-1
20;Teco;unicycle;sit;false;1670.0;470.0;-1
21;Tico;unicycle;ride;false;1670.0;620.0;-1
21;Teco;unicycle;sit;false;1670.0;470.0;-1
22;Tico;unicycle;ride;false;1670.0;620.0;-1
22;Teco;unicycle;sit;false;1670.0;470.0;-1
23;Tico;unicycle;down;false;1580.0;1000.0;-1
23;Teco;unicycle;down;false;1650.0;960.0;-1
24;Tico;unicycle;down;false;1580.0;1000.0;-1
24;Teco;unicycle;down;false;1650.0;960.0;-1
25;Tico;unicycle;down;false;1580.0;1000.0;-1
25;Teco;unicycle;down;false;1650.0;960.0;-1
26;Tico;unicycle;down;false;1580.0;1000.0;-1
26;Teco;unicycle;down;false;1650.0;960.0;-1
27;Tico;unicycle;down;false;1580.0;1000.0;-1
27;Teco;unicycle;down;false;1650.0;960.0;-1
28;Tico;unicycle;down;false;1580.0;1000.0;-1
28;Teco;unicycle;down;false;1650.0;960.0;-1
29;Tico;unicycle;down;false;1580.0;1000.0;-1
29;Teco;unicycle;down;false;1650.0;960.0;-1
30;Tico;unicycle;down;false;1580.0;1000.0;-1
30;Teco;unicycle;down;false;1650.0;960.0;-1
31;Tico;unicycle;down;false;1580.0;1000.0;-1
31;Teco;unicycle;down;false;1650.0;960.0;-1
32;Tico;unicycle;down;false;1580.0;1000.0;-1
32;Teco;unicycle;down;false;1650.0;960.0;-1
33;Tico;unicycle;down;false;1580.0;1000.0;-1
33;Teco;unicycle;down;false;1650.0;960.0;-1
34;Tico;unicycle;down;false;1580.0;1000.0;-1
34;Teco;unicycle;down;false;1650.0;960.0;-1
35;Tico;unicycle;down;false;1580.0;1000.0;-1
35;Teco;unicycle;down;false;1650.0;960.0;-1
36;Tico;unicycle;down;false;1580.0;1000.0;-1
36;Teco;unicycle;down;false;1650.0;960.0;-1
37;Tico;unicycle;down;false;1580.0;1000.0;-1
37;Teco;unicycle;down;false;1650.0;960.0;-1
38;Tico;unicycle;down;false;1580.0;1000.0;-1
38;Teco;unicycle;down;false;1650.0;960.0;-1
39;Tico;unicycle;down;false;1580.0;1000.0;-1
39;Teco;unicycle;down;false;1650.0;960.0;-1
40;Tico;unicycle;down;false;1580.0;1000.0;-1
40;Teco;unicycle;down;false;1650.0;960.0;-1
41;Tico;unicycle;down;false;1580.0;1000.0;-1
41;Teco;unicycle;down;false;1650.0;960.0;-1
42;Tico;unicycle;down;false;1580.0;1000.0;-1
42;Teco;unicycle;down;false;1650.0;960.0;-1
43;Tico;unicycle;down;false;1580.0;1000.0;-1
43;Teco;unicycle;down;false;1650.0;960.0;-1
44;Tico;unicycle;down;false;1580.0;1000.0;-1
44;Teco;unicycle;down;false;1650.0;960.0;-1
45;Tico;unicycle;down;false;1580.0;1000.0;-1
45;Teco;unicycle;down;false;1650.0;960.0;-1
46;Tico;unicycle;down;false;1580.0;1000.0;-1
46;Teco;unicycle;down;false;1650.0;960.0;-1
47;Tico;unicycle;down;false;1580.0;1000.0;-1
47;Teco;unicycle;down;false;1650.0;960.0;-1
48;Tico;unicycle;down;false;1580.0;1000.0;-1
48;Teco;unicycle;down;false;1650.0;960.0;-1
49;Tico;unicycle;down;false;1580.0;1000.0;-1
49;Teco;unicycle;down;false;1650.0;960.0;-1
50;Tico;unicycle;down;false;1580.0;1000.0;-1
50;Teco;unicycle;down;false;1650.0;960.0;-1
51;Tico;unicycle;down;false;1580.0;1000.0;-1
51;Teco;unicycle;down;false;1650.0;960.0;-1
52;Tico;unicycle;down;false;1580.0;1000.0;-1
52;Teco;unicycle;down;false;1650.0;960.0;-1
53;Tico;unicycle;down;false;1580.0;1000.0;-1
53;Teco;unicycle;down;false;1650.0;960.0;-1
54;Tico;unicycle;down;false;1580.0;1000.0;-1
54;Teco;unicycle;down;false;1650.0;960.0;-1
55;Tico;unicycle;down;false;1580.0;1000.0;-1
55;Teco;unicycle;down;false;1650.0;960.0;-1
56;Tico;unicycle;down;false;1580.0;1000.0;-1
56;Teco;unicycle;down;false;1650.0;960.0;-1
57;Tico;unicycle;down;false;1580.0;1000.0;-1
57;Teco;unicycle;down;false;1650.0;960.0;-1
58;Tico;unicycle;down;false;1580.0;1000.0;-1
58;Teco;unicycle;down;false;1650.0;960.0;-1
59;Tico;unicycle;down;false;1580.0;1000.0;-1
59;Teco;unicycle;down;false;1650.0;960.0;-1
60;Tico;unicycle;down;false;1580.0;1000.0;-1
60;Teco;unicycle;down;false;1650.0;960.0;-1
61;Tico;unicycle;down;false;1580.0;1000.0;-1
61;Teco;unicycle;down;false;1650.0;960.0;-1
62;Tico;unicycle;down;false;1580.0;1000.0;-1
62;Teco;unicycle;down;false;1650.0;960.0;-1
63;Tico;unicycle;down;false;1580.0;1000.0;-1
63;Teco;unicycle;down;false;1650.0;960.0;-1
64;Tico;unicycle;down;false;1580.0;1000.0;-1
64;Teco;unicycle;down;false;1650.0;960.0;-1
65;Tico;unicycle;down;false;1580.0;1000.0;-1
65;Teco;unicycle;down;false;1650.0;960.0;-1
66;Tico;unicycle;down;false;1580.0;1000.0;-1
66;Teco;unicycle;down;false;1650.0;960.0;-1
67;Tico;unicycle;down;false;1580.0;1000.0;-1
67;Teco;unicycle;down;false;1650.0;960.0;-1
68;Tico;unicycle;down;false;1580.0;1000.0;-1
68;Teco;unicycle;down;false;1650.0;960.0;-1
69;Tico;unicycle;down;false;1580.0;1000.0;-1
69;Teco;unicycle;down;false;1650.0;960.0;-1
70;Tico;unicycle;down;false;1580.0;1000.0;-1
70;Teco;unicycle;down;false;1650.0;960.0;-1
71;Tico;unicycle;down;false;1580.0;1000.0;-1
71;Teco;unicycle;down;false;1650.0;960.0;-1
72;Tico;unicycle;down;false;1580.0;1000.0;-1
72;Teco;unicycle;down;false;1650.0;960.0;-1
73;Tico;unicycle;down;false;1580.0;1000.0;-1
73;Teco;unicycle;down;false;1650.0;960.0;-1
74;Tico;unicycle;down;false;1580.0;1000.0;-1
74;Teco;unicycle;down;false;1650.0;960.0;-1
75;Tico;unicycle;down;false;1580.0;1000.0;-1
75;Teco;unicycle;down;false;1650.0;960.0;-1
76;Tico;unicycle;down;false;1580.0;1000.0;-1
76;Teco;unicycle;down;false;1650.0;960.0;-1
77;Tico;unicycle;down;false;1580.0;1000.0;-1
77;Teco;unicycle;down;false;1650.0;960.0;-1
78;Tico;unicycle;down;false;1580.0;1000.0;-1
78;Teco;unicycle;down;false;1650.0;960.0;-1
79;Tico;unicycle;down;false;1580.0;1000.0;-1
79;Teco;unicycle;down;false;1650.0;960.0;-1
80;Tico;unicycle;down;false;1580.0;1000.0;-1
80;Teco;unicycle;down;false;1650.0;960.0;-1
81;Tico;unicycle;down;false;1580.0;1000.0;-1
81;Teco;unicycle;down;false;1650.0;960.0;-1
82;Tico;unicycle;down;false;1580.0;1000.0;-1
82;Teco;unicycle;down;false;1650.0;960.0;-1
83;Tico;unicycle;down;false;1580.0;1000.0;-1
83;Teco;unicycle;down;false;1650.0;960.0;-1
84;Tico;unicycle;down;false;1580.0;1000.0;-1
84;Teco;unicycle;down;false;1650.0;960.0;-1
85;Tico;unicycle;down;false;1580.0;1000.0;-1
85;Teco;unicycle;down;false;1650.0;960.0;-1
86;Tico;unicycle;down;false;1580.0;1000.0;-1
86;Teco;unicycle;down;false;1650.0;960.0;-1
87;Tico;unicycle;down;false;1580.0;1000.0;-1
87;Teco;unicycle;down;false;1650.0;960.0;-1
88;Tico;unicycle;down;false;1580.0;1000.0;-1
88;Teco;unicycle;down;false;1650.0;960.0;-1
89;Tico;unicycle;down;false;1580.0;1000.0;-1
89;Teco;unicycle;down;false;1650.0;960.0;-1
90;Tico;unicycle;down;false;1580.0;1000.0;-1
90;Teco;unicycle;down;false;1650.0;960.0;-1
91;Tico;unicycle;down;false;1580.0;1000.0;-1
91;Teco;unicycle;down;false;1650.0;960.0;-1
92;Tico;unicycle;down;false;1580.0;1000.0;-1
92;Teco;unicycle;down;false;1650.0;960.0;-1
93;Tico;unicycle;down;false;1580.0;1000.0;-1
93;Teco;unicycle;down;false;1650.0;960.0;-1
94;Tico;unicycle;down;false;1580.0;1000.0;-1
94;Teco;unicycle;down;false;1650.0;960.0;-1
95;Tico;unicycle;down;false;1580.0;1000.0;-1
95;Teco;unicycle;down;false;1650.0;960.0;-1
96;Tico;unicycle;down;false;1580.0;1000.0;-1
96;Teco;unicycle;down;false;1650.0;960.0;-1
97;Tico;unicycle;down;false;1580.0;1000.0;-1
97;Teco;unicycle;down;false;1650.0;960.0;-1
98;Tico;unicycle;down;false;1580.0;1000.0;-1
98;Teco;unicycle;down;false;1650.0;960.0;-1
99;Tico;unicycle;down;false;1580.0;1000.0;-1
99;Teco;unicycle;down;false;1650.0;960.0;-1
100;Tico;unicycle;down;false;1580.0;1000.0;-1
100;Teco;unicycle;down;false;1650.0;960.0;-1
101;Tico;unicycle;down;false;1580.0;1000.0;-1
101;Teco;unicycle;down;false;1650.0;960.0;-1
102;Tico;unicycle;down;false;1580.0;1000.0;-1
102;Teco;unicycle;down;false;1650.0;960.0;-1
103;Tico;unicycle;down;false;1580.0;1000.0;-1
103;Teco;unicycle;down;false;1650.0;960.0;-1
104;Tico;unicycle;down;false;1580.0;1000.0;-1
104;Teco;unicycle;down;false;1650.0;960.0;-1
105;Tico;unicycle;down;false;1580.0;1000.0;-1
105;Teco;unicycle;down;false;1650.0;960.0;-1
106;Tico;unicycle;down;false;1580.0;1000.0;-1
106;Teco;unicycle;down;false;1650.0;960.0;-1
107;Tico;unicycle;down;false;1580.0;1000.0;-1
107;Teco;unicycle;down;false;1650.0;960.0;-1
108;Tico;unicycle;down;false;1580.0;1000.0;-1
108;Teco;unicycle;down;false;1650.0;960.0;-1
109;Tico;unicycle;down;false;1580.0;1000.0;-1
109;Teco;unicycle;down;false;1650.0;960.0;-1
110;Tico;unicycle;down;false;1580.0;1000.0;-1
110;Teco;unicycle;down;false;1650.0;960.0;-1
111;Tico;unicycle;down;false;1580.0;1000.0;-1
111;Teco;unicycle;down;false;1650.0;960.0;-1
112;Tico;unicycle;down;false;1580.0;1000.0;-1
112;Teco;unicycle;down;false;1650.0;960.0;-1
113;Tico;unicycle;down;false;1580.0;1000.0;-1
113;Teco;unicycle;down;false;1650.0;960.0;-1
114;Tico;unicycle;down;false;1580.0;1000.0;-1
114;Teco;unicycle;down;false;1650.0;960.0;-1
115;Tico;unicycle;down;false;1580.0;1000.0;-1
115;Teco;unicycle;down;false;1650.0;960.0;-1
116;Tico;unicycle;down;false;1580.0;1000.0;-1
116;Teco;unicycle;down;false;1650.0;960.0;-1
117;Tico;unicycle;down;false;1580.0;1000.0;-1
117;Teco;unicycle;down;false;1650.0;960.0;-1
118;Tico;unicycle;down;false;1580.0;1000.0;-1
118;Teco;unicycle;down;false;1650.0;960.0;-1
119;Tico;unicycle;down;false;1580.0;1000.0;-1
119;Teco;unicycle;down;false;1650.0;960.0;-1
120;Tico;unicycle;down;false;1580.0;1000.0;-1
120;Teco;unicycle;down;false;1650.0;960.0;-1
121;Tico;unicycle;down;false;1580.0;1000.0;-1
121;Teco;unicycle;down;false;1650.0;960.0;-1
122;Tico;unicycle;down;false;1580.0;1000.0;-1
122;Teco;unicycle;down;false;1650.0;960.0;-1
123;Tico;unicycle;down;false;1580.0;1000.0;-1
123;Teco;unicycle;down;false;1650.0;960.0;-1
124;Tico;unicycle;down;false;1580.0;1000.0;-1
124;Teco;unicycle;down;false;1650.0;960.0;-1
125;Tico;unicycle;down;false;1580.0;1000.0;-1
125;Teco;unicycle;down;false;1650.0;960.0;-1
126;Tico;unicycle;down;false;1580.0;1000.0;-1
126;Teco;unicycle;down;false;1650.0;960.0;-1
127;Tico;unicycle;down;false;1580.0;1000.0;-1
127;Teco;unicycle;down;false;1650.0;960.0;-1
128;Tico;unicycle;down;false;1580.0;1000.0;-1
128;Teco;unicycle;down;false;1650.0;960.0;-1
129;Tico;unicycle;down;false;1580.0;1000.0;-1
129;Teco;unicycle;down;false;1650.0;960.0;-1
130;Tico;unicycle;down;false;1580.0;1000.0;-1
130;Teco;unicycle;down;false;1650.0;960.0;-1
131;Tico;unicycle;down;false;1580.0;1000.0;-1
131;Teco;unicycle;down;false;1650.0;960.0;-1
132;Tico;unicycle;down;false;1580.0;1000.0;-1
132;Teco;unicycle;down;false;1650.0;960.0;-1
133;Tico;unicycle;down;false;1580.0;1000.0;-1
133;Teco;unicycle;down;false;1650.0;960.0;-1
134;Tico;unicycle;down;false;1580.0;1000.0;-1
134;Teco;unicycle;down;false;1650.0;960.0;-1
135;Tico;unicycle;down;false;1580.0;1000.0;-1
135;Teco;unicycle;down;false;1650.0;960.0;-1
136;Tico;unicycle;down;false;1580.0;1000.0;-1
136;Teco;unicycle;down;false;1650.0;960.0;-1
137;Tico;unicycle;down;false;1580.0;1000.0;-1
137;Teco;unicycle;down;false;1650.0;960.0;-1
138;Tico;unicycle;down;false;1580.0;1000.0;-1
138;Teco;unicycle;down;false;1650.0;960.0;-1
139;Tico;unicycle;down;false;1580.0;1000.0;-1
139;Teco;unicycle;down;false;1650.0;960.0;-1
140;Tico;unicycle;down;false;1580.0;1000.0;-1
140;Teco;unicycle;down;false;1650.0;960.0;-1
141;Tico;unicycle;down;false;1580.0;1000.0;-1
141;Teco;unicycle;down;false;1650.0;960.0;-1
142;Tico;unicycle;down;false;1580.0;1000.0;-1
142;Teco;unicycle;down;false;1650.0;960.0;-1
143;Tico;unicycle;down;false;1580.0;1000.0;-1
143;Teco;unicycle;down;false;1650.0;960.0;-1
144;Tico;unicycle;down;false;1580.0;1000.0;-1
144;Teco;unicycle;down;false;1650.0;960.0;-1
145;Tico;unicycle;down;false;1580.0;1000.0;-1
145;Teco;unicycle;down;false;1650.0;960.0;-1
146;Tico;unicycle;down;false;1580.0;1000.0;-1
146;Teco;unicycle;down;false;1650.0;960.0;-1
147;Tico;unicycle;down;false;1580.0;1000.0;-1
147;Teco;unicycle;down;false;1650.0;960.0;-1
148;Tico;unicycle;down;false;1580.0;1000.0;-1
148;Teco;unicycle;down;false;1650.0;960.0;-1
149;Tico;unicycle;down;false;1580.0;1000.0;-1
149;Teco;unicycle;down;false;1650.0;960.0;-1
