quadro;irmao;modo;pose;arte;desenho;pes_x;pes_y;facing;caixa_dano_ligada
0;Tico;unicycle;ride;false;0;1670.0;620.0;-1;false
0;Teco;unicycle;sit;false;0;1670.0;470.0;-1;false
1;Tico;unicycle;ride;false;0;1670.0;620.0;-1;false
1;Teco;unicycle;sit;false;0;1670.0;470.0;-1;false
2;Tico;unicycle;ride;false;0;1670.0;620.0;-1;false
2;Teco;unicycle;sit;false;0;1670.0;470.0;-1;false
3;Tico;unicycle;ride;false;0;1670.0;620.0;-1;false
3;Teco;unicycle;sit;false;0;1670.0;470.0;-1;false
4;Tico;unicycle;ride;false;0;1670.0;620.0;-1;false
4;Teco;unicycle;sit;false;0;1670.0;470.0;-1;false
5;Tico;unicycle;ride;false;0;1670.0;620.0;-1;false
5;Teco;unicycle;sit;false;0;1670.0;470.0;-1;false
6;Tico;unicycle;ride;false;0;1670.0;620.0;-1;false
6;Teco;unicycle;sit;false;0;1670.0;470.0;-1;false
7;Tico;unicycle;ride;false;0;1670.0;620.0;-1;false
7;Teco;unicycle;sit;false;0;1670.0;470.0;-1;false
8;Tico;unicycle;ride;false;0;1670.0;620.0;-1;false
8;Teco;unicycle;sit;false;0;1670.0;470.0;-1;false
9;Tico;unicycle;ride;false;0;1670.0;620.0;-1;false
9;Teco;unicycle;sit;false;0;1670.0;470.0;-1;false
10;Tico;unicycle;ride;false;0;1670.0;620.0;-1;false
10;Teco;unicycle;sit;false;0;1670.0;470.0;-1;false
11;Tico;unicycle;ride;false;0;1670.0;620.0;-1;false
11;Teco;unicycle;sit;false;0;1670.0;470.0;-1;false
12;Tico;unicycle;ride;false;0;1670.0;620.0;-1;false
12;Teco;unicycle;sit;false;0;1670.0;470.0;-1;false
13;Tico;unicycle;ride;false;0;1670.0;620.0;-1;false
13;Teco;unicycle;sit;false;0;1670.0;470.0;-1;false
14;Tico;unicycle;ride;false;0;1670.0;620.0;-1;false
14;Teco;unicycle;sit;false;0;1670.0;470.0;-1;false
15;Tico;unicycle;ride;false;0;1670.0;620.0;-1;false
15;Teco;unicycle;sit;false;0;1670.0;470.0;-1;false
16;Tico;unicycle;ride;false;0;1670.0;620.0;-1;false
16;Teco;unicycle;sit;false;0;1670.0;470.0;-1;false
17;Tico;unicycle;ride;false;0;1670.0;620.0;-1;false
17;Teco;unicycle;sit;false;0;1670.0;470.0;-1;false
18;Tico;unicycle;ride;false;0;1670.0;620.0;-1;false
18;Teco;unicycle;sit;false;0;1670.0;470.0;-1;false
19;Tico;unicycle;ride;false;0;1670.0;620.0;-1;false
19;Teco;unicycle;sit;false;0;1670.0;470.0;-1;false
20;Tico;unicycle;ride;false;0;1670.0;620.0;-1;false
20;Teco;unicycle;sit;false;0;1670.0;470.0;-1;false
21;Tico;unicycle;ride;false;0;1670.0;620.0;-1;false
21;Teco;unicycle;sit;false;0;1670.0;470.0;-1;false
22;Tico;unicycle;ride;false;0;1670.0;620.0;-1;false
22;Teco;unicycle;sit;false;0;1670.0;470.0;-1;false
23;Tico;unicycle;down;true;1;1580.0;1000.0;-1;false
23;Teco;unicycle;down;true;1;1460.0;965.0;-1;false
24;Tico;unicycle;down;true;1;1580.0;1000.0;-1;false
24;Teco;unicycle;down;true;1;1460.0;965.0;-1;false
25;Tico;unicycle;down;true;1;1580.0;1000.0;-1;false
25;Teco;unicycle;down;true;1;1460.0;965.0;-1;false
26;Tico;unicycle;down;true;1;1580.0;1000.0;-1;false
26;Teco;unicycle;down;true;1;1460.0;965.0;-1;false
27;Tico;unicycle;down;true;1;1580.0;1000.0;-1;false
27;Teco;unicycle;down;true;1;1460.0;965.0;-1;false
28;Tico;unicycle;down;true;1;1580.0;1000.0;-1;false
28;Teco;unicycle;down;true;1;1460.0;965.0;-1;false
29;Tico;unicycle;down;true;1;1580.0;1000.0;-1;false
29;Teco;unicycle;down;true;1;1460.0;965.0;-1;false
30;Tico;unicycle;down;true;2;1580.0;1000.0;-1;false
30;Teco;unicycle;down;true;1;1460.0;965.0;-1;false
31;Tico;unicycle;down;true;2;1580.0;1000.0;-1;false
31;Teco;unicycle;down;true;1;1460.0;965.0;-1;false
32;Tico;unicycle;down;true;2;1580.0;1000.0;-1;false
32;Teco;unicycle;down;true;1;1460.0;965.0;-1;false
33;Tico;unicycle;down;true;2;1580.0;1000.0;-1;false
33;Teco;unicycle;down;true;1;1460.0;965.0;-1;false
34;Tico;unicycle;down;true;2;1580.0;1000.0;-1;false
34;Teco;unicycle;down;true;1;1460.0;965.0;-1;false
35;Tico;unicycle;down;true;2;1580.0;1000.0;-1;false
35;Teco;unicycle;down;true;1;1460.0;965.0;-1;false
36;Tico;unicycle;down;true;3;1580.0;1000.0;-1;false
36;Teco;unicycle;down;true;2;1460.0;965.0;-1;false
37;Tico;unicycle;down;true;3;1580.0;1000.0;-1;false
37;Teco;unicycle;down;true;2;1460.0;965.0;-1;false
38;Tico;unicycle;down;true;3;1580.0;1000.0;-1;false
38;Teco;unicycle;down;true;2;1460.0;965.0;-1;false
39;Tico;unicycle;down;true;3;1580.0;1000.0;-1;false
39;Teco;unicycle;down;true;2;1460.0;965.0;-1;false
40;Tico;unicycle;down;true;3;1580.0;1000.0;-1;false
40;Teco;unicycle;down;true;2;1460.0;965.0;-1;false
41;Tico;unicycle;down;true;4;1580.0;1000.0;-1;false
41;Teco;unicycle;down;true;2;1460.0;965.0;-1;false
42;Tico;unicycle;down;true;4;1580.0;1000.0;-1;false
42;Teco;unicycle;down;true;3;1460.0;965.0;-1;false
43;Tico;unicycle;down;true;4;1580.0;1000.0;-1;false
43;Teco;unicycle;down;true;3;1460.0;965.0;-1;false
44;Tico;unicycle;down;true;4;1580.0;1000.0;-1;false
44;Teco;unicycle;down;true;3;1460.0;965.0;-1;false
45;Tico;unicycle;down;true;4;1580.0;1000.0;-1;false
45;Teco;unicycle;down;true;3;1460.0;965.0;-1;false
46;Tico;unicycle;down;true;4;1580.0;1000.0;-1;false
46;Teco;unicycle;down;true;3;1460.0;965.0;-1;false
47;Tico;unicycle;down;true;4;1580.0;1000.0;-1;false
47;Teco;unicycle;down;true;3;1460.0;965.0;-1;false
48;Tico;unicycle;down;true;4;1580.0;1000.0;-1;false
48;Teco;unicycle;down;true;4;1460.0;965.0;-1;false
49;Tico;unicycle;down;true;4;1580.0;1000.0;-1;false
49;Teco;unicycle;down;true;4;1460.0;965.0;-1;false
50;Tico;unicycle;down;true;4;1580.0;1000.0;-1;false
50;Teco;unicycle;down;true;4;1460.0;965.0;-1;false
51;Tico;unicycle;down;true;4;1580.0;1000.0;-1;false
51;Teco;unicycle;down;true;4;1460.0;965.0;-1;false
52;Tico;unicycle;down;true;4;1580.0;1000.0;-1;false
52;Teco;unicycle;down;true;4;1460.0;965.0;-1;false
53;Tico;unicycle;down;true;4;1580.0;1000.0;-1;false
53;Teco;unicycle;down;true;4;1460.0;965.0;-1;false
54;Tico;unicycle;down;true;4;1580.0;1000.0;-1;false
54;Teco;unicycle;down;true;4;1460.0;965.0;-1;false
55;Tico;unicycle;down;true;4;1580.0;1000.0;-1;false
55;Teco;unicycle;down;true;4;1460.0;965.0;-1;false
56;Tico;unicycle;down;true;4;1580.0;1000.0;-1;false
56;Teco;unicycle;down;true;4;1460.0;965.0;-1;false
57;Tico;unicycle;down;true;4;1580.0;1000.0;-1;false
57;Teco;unicycle;down;true;4;1460.0;965.0;-1;false
58;Tico;unicycle;down;true;4;1580.0;1000.0;-1;false
58;Teco;unicycle;down;true;4;1460.0;965.0;-1;false
59;Tico;unicycle;down;true;4;1580.0;1000.0;-1;false
59;Teco;unicycle;down;true;4;1460.0;965.0;-1;false
60;Tico;unicycle;down;true;4;1580.0;1000.0;-1;false
60;Teco;unicycle;down;true;4;1460.0;965.0;-1;false
61;Tico;unicycle;down;true;4;1580.0;1000.0;-1;false
61;Teco;unicycle;down;true;4;1460.0;965.0;-1;false
62;Tico;unicycle;down;true;4;1580.0;1000.0;-1;false
62;Teco;unicycle;down;true;4;1460.0;965.0;-1;false
63;Tico;unicycle;down;true;4;1580.0;1000.0;-1;false
63;Teco;unicycle;down;true;4;1460.0;965.0;-1;false
64;Tico;unicycle;down;true;4;1580.0;1000.0;-1;false
64;Teco;unicycle;down;true;4;1460.0;965.0;-1;false
65;Tico;unicycle;down;true;4;1580.0;1000.0;-1;false
65;Teco;unicycle;down;true;4;1460.0;965.0;-1;false
66;Tico;unicycle;down;true;4;1580.0;1000.0;-1;false
66;Teco;unicycle;down;true;4;1460.0;965.0;-1;false
67;Tico;unicycle;down;true;4;1580.0;1000.0;-1;false
67;Teco;unicycle;down;true;4;1460.0;965.0;-1;false
68;Tico;unicycle;down;true;4;1580.0;1000.0;-1;false
68;Teco;unicycle;down;true;4;1460.0;965.0;-1;false
69;Tico;unicycle;down;true;4;1580.0;1000.0;-1;false
69;Teco;unicycle;down;true;4;1460.0;965.0;-1;false
70;Tico;unicycle;down;true;4;1580.0;1000.0;-1;false
70;Teco;unicycle;down;true;4;1460.0;965.0;-1;false
71;Tico;unicycle;down;true;4;1580.0;1000.0;-1;false
71;Teco;unicycle;down;true;4;1460.0;965.0;-1;false
72;Tico;unicycle;down;true;4;1580.0;1000.0;-1;false
72;Teco;unicycle;down;true;4;1460.0;965.0;-1;false
73;Tico;unicycle;down;true;4;1580.0;1000.0;-1;false
73;Teco;unicycle;down;true;4;1460.0;965.0;-1;false
74;Tico;unicycle;down;true;4;1580.0;1000.0;-1;false
74;Teco;unicycle;down;true;4;1460.0;965.0;-1;false
75;Tico;unicycle;down;true;4;1580.0;1000.0;-1;false
75;Teco;unicycle;down;true;4;1460.0;965.0;-1;false
76;Tico;unicycle;down;true;4;1580.0;1000.0;-1;false
76;Teco;unicycle;down;true;4;1460.0;965.0;-1;false
77;Tico;unicycle;down;true;4;1580.0;1000.0;-1;false
77;Teco;unicycle;down;true;4;1460.0;965.0;-1;false
78;Tico;unicycle;down;true;4;1580.0;1000.0;-1;false
78;Teco;unicycle;down;true;4;1460.0;965.0;-1;false
79;Tico;unicycle;down;true;4;1580.0;1000.0;-1;false
79;Teco;unicycle;down;true;4;1460.0;965.0;-1;false
80;Tico;unicycle;down;true;4;1580.0;1000.0;-1;false
80;Teco;unicycle;down;true;4;1460.0;965.0;-1;false
81;Tico;unicycle;down;true;4;1580.0;1000.0;-1;false
81;Teco;unicycle;down;true;4;1460.0;965.0;-1;false
82;Tico;unicycle;down;true;4;1580.0;1000.0;-1;false
82;Teco;unicycle;down;true;4;1460.0;965.0;-1;false
83;Tico;unicycle;down;true;4;1580.0;1000.0;-1;false
83;Teco;unicycle;down;true;4;1460.0;965.0;-1;false
84;Tico;unicycle;down;true;4;1580.0;1000.0;-1;false
84;Teco;unicycle;down;true;4;1460.0;965.0;-1;false
85;Tico;unicycle;down;true;4;1580.0;1000.0;-1;false
85;Teco;unicycle;down;true;4;1460.0;965.0;-1;false
86;Tico;unicycle;down;true;4;1580.0;1000.0;-1;false
86;Teco;unicycle;down;true;4;1460.0;965.0;-1;false
87;Tico;unicycle;down;true;4;1580.0;1000.0;-1;false
87;Teco;unicycle;down;true;4;1460.0;965.0;-1;false
88;Tico;unicycle;down;true;4;1580.0;1000.0;-1;false
88;Teco;unicycle;down;true;4;1460.0;965.0;-1;false
89;Tico;unicycle;down;true;4;1580.0;1000.0;-1;false
89;Teco;unicycle;down;true;4;1460.0;965.0;-1;false
90;Tico;unicycle;down;true;4;1580.0;1000.0;-1;false
90;Teco;unicycle;down;true;4;1460.0;965.0;-1;false
91;Tico;unicycle;down;true;4;1580.0;1000.0;-1;false
91;Teco;unicycle;down;true;4;1460.0;965.0;-1;false
92;Tico;unicycle;down;true;4;1580.0;1000.0;-1;false
92;Teco;unicycle;down;true;4;1460.0;965.0;-1;false
93;Tico;unicycle;down;true;4;1580.0;1000.0;-1;false
93;Teco;unicycle;down;true;4;1460.0;965.0;-1;false
94;Tico;unicycle;down;true;4;1580.0;1000.0;-1;false
94;Teco;unicycle;down;true;4;1460.0;965.0;-1;false
95;Tico;unicycle;down;true;4;1580.0;1000.0;-1;false
95;Teco;unicycle;down;true;4;1460.0;965.0;-1;false
96;Tico;unicycle;down;true;4;1580.0;1000.0;-1;false
96;Teco;unicycle;down;true;4;1460.0;965.0;-1;false
97;Tico;unicycle;down;true;4;1580.0;1000.0;-1;false
97;Teco;unicycle;down;true;4;1460.0;965.0;-1;false
98;Tico;unicycle;down;true;4;1580.0;1000.0;-1;false
98;Teco;unicycle;down;true;4;1460.0;965.0;-1;false
99;Tico;unicycle;down;true;4;1580.0;1000.0;-1;false
99;Teco;unicycle;down;true;4;1460.0;965.0;-1;false
100;Tico;unicycle;down;true;4;1580.0;1000.0;-1;false
100;Teco;unicycle;down;true;4;1460.0;965.0;-1;false
101;Tico;unicycle;down;true;4;1580.0;1000.0;-1;false
101;Teco;unicycle;down;true;4;1460.0;965.0;-1;false
102;Tico;unicycle;down;true;4;1580.0;1000.0;-1;false
102;Teco;unicycle;down;true;4;1460.0;965.0;-1;false
103;Tico;unicycle;down;true;4;1580.0;1000.0;-1;false
103;Teco;unicycle;down;true;4;1460.0;965.0;-1;false
104;Tico;unicycle;down;true;4;1580.0;1000.0;-1;false
104;Teco;unicycle;down;true;4;1460.0;965.0;-1;false
105;Tico;unicycle;down;true;4;1580.0;1000.0;-1;false
105;Teco;unicycle;down;true;4;1460.0;965.0;-1;false
106;Tico;unicycle;down;true;4;1580.0;1000.0;-1;false
106;Teco;unicycle;down;true;4;1460.0;965.0;-1;false
107;Tico;unicycle;down;true;4;1580.0;1000.0;-1;false
107;Teco;unicycle;down;true;4;1460.0;965.0;-1;false
108;Tico;unicycle;down;true;4;1580.0;1000.0;-1;false
108;Teco;unicycle;down;true;4;1460.0;965.0;-1;false
109;Tico;unicycle;down;true;4;1580.0;1000.0;-1;false
109;Teco;unicycle;down;true;4;1460.0;965.0;-1;false
110;Tico;unicycle;down;true;4;1580.0;1000.0;-1;false
110;Teco;unicycle;down;true;4;1460.0;965.0;-1;false
111;Tico;unicycle;down;true;4;1580.0;1000.0;-1;false
111;Teco;unicycle;down;true;4;1460.0;965.0;-1;false
112;Tico;unicycle;down;true;4;1580.0;1000.0;-1;false
112;Teco;unicycle;down;true;4;1460.0;965.0;-1;false
113;Tico;unicycle;down;true;4;1580.0;1000.0;-1;false
113;Teco;unicycle;down;true;4;1460.0;965.0;-1;false
114;Tico;unicycle;down;true;4;1580.0;1000.0;-1;false
114;Teco;unicycle;down;true;4;1460.0;965.0;-1;false
115;Tico;unicycle;down;true;4;1580.0;1000.0;-1;false
115;Teco;unicycle;down;true;4;1460.0;965.0;-1;false
116;Tico;unicycle;down;true;4;1580.0;1000.0;-1;false
116;Teco;unicycle;down;true;4;1460.0;965.0;-1;false
117;Tico;unicycle;down;true;4;1580.0;1000.0;-1;false
117;Teco;unicycle;down;true;4;1460.0;965.0;-1;false
118;Tico;unicycle;down;true;4;1580.0;1000.0;-1;false
118;Teco;unicycle;down;true;4;1460.0;965.0;-1;false
119;Tico;unicycle;down;true;4;1580.0;1000.0;-1;false
119;Teco;unicycle;down;true;4;1460.0;965.0;-1;false
120;Tico;unicycle;down;true;4;1580.0;1000.0;-1;false
120;Teco;unicycle;down;true;4;1460.0;965.0;-1;false
121;Tico;unicycle;down;true;4;1580.0;1000.0;-1;false
121;Teco;unicycle;down;true;4;1460.0;965.0;-1;false
122;Tico;unicycle;down;true;4;1580.0;1000.0;-1;false
122;Teco;unicycle;down;true;4;1460.0;965.0;-1;false
123;Tico;unicycle;down;true;4;1580.0;1000.0;-1;false
123;Teco;unicycle;down;true;4;1460.0;965.0;-1;false
124;Tico;unicycle;down;true;4;1580.0;1000.0;-1;false
124;Teco;unicycle;down;true;4;1460.0;965.0;-1;false
125;Tico;unicycle;down;true;4;1580.0;1000.0;-1;false
125;Teco;unicycle;down;true;4;1460.0;965.0;-1;false
126;Tico;unicycle;down;true;4;1580.0;1000.0;-1;false
126;Teco;unicycle;down;true;4;1460.0;965.0;-1;false
127;Tico;unicycle;down;true;4;1580.0;1000.0;-1;false
127;Teco;unicycle;down;true;4;1460.0;965.0;-1;false
128;Tico;unicycle;down;true;4;1580.0;1000.0;-1;false
128;Teco;unicycle;down;true;4;1460.0;965.0;-1;false
129;Tico;unicycle;down;true;4;1580.0;1000.0;-1;false
129;Teco;unicycle;down;true;4;1460.0;965.0;-1;false
130;Tico;unicycle;down;true;4;1580.0;1000.0;-1;false
130;Teco;unicycle;down;true;4;1460.0;965.0;-1;false
131;Tico;unicycle;down;true;4;1580.0;1000.0;-1;false
131;Teco;unicycle;down;true;4;1460.0;965.0;-1;false
132;Tico;unicycle;down;true;4;1580.0;1000.0;-1;false
132;Teco;unicycle;down;true;4;1460.0;965.0;-1;false
133;Tico;unicycle;down;true;4;1580.0;1000.0;-1;false
133;Teco;unicycle;down;true;4;1460.0;965.0;-1;false
134;Tico;unicycle;down;true;4;1580.0;1000.0;-1;false
134;Teco;unicycle;down;true;4;1460.0;965.0;-1;false
135;Tico;unicycle;down;true;4;1580.0;1000.0;-1;false
135;Teco;unicycle;down;true;4;1460.0;965.0;-1;false
136;Tico;unicycle;down;true;4;1580.0;1000.0;-1;false
136;Teco;unicycle;down;true;4;1460.0;965.0;-1;false
137;Tico;unicycle;down;true;4;1580.0;1000.0;-1;false
137;Teco;unicycle;down;true;4;1460.0;965.0;-1;false
138;Tico;unicycle;down;true;4;1580.0;1000.0;-1;false
138;Teco;unicycle;down;true;4;1460.0;965.0;-1;false
139;Tico;unicycle;down;true;4;1580.0;1000.0;-1;false
139;Teco;unicycle;down;true;4;1460.0;965.0;-1;false
140;Tico;unicycle;down;true;4;1580.0;1000.0;-1;false
140;Teco;unicycle;down;true;4;1460.0;965.0;-1;false
141;Tico;unicycle;down;true;4;1580.0;1000.0;-1;false
141;Teco;unicycle;down;true;4;1460.0;965.0;-1;false
142;Tico;unicycle;down;true;4;1580.0;1000.0;-1;false
142;Teco;unicycle;down;true;4;1460.0;965.0;-1;false
143;Tico;unicycle;down;true;4;1580.0;1000.0;-1;false
143;Teco;unicycle;down;true;4;1460.0;965.0;-1;false
144;Tico;unicycle;down;true;4;1580.0;1000.0;-1;false
144;Teco;unicycle;down;true;4;1460.0;965.0;-1;false
145;Tico;unicycle;down;true;4;1580.0;1000.0;-1;false
145;Teco;unicycle;down;true;4;1460.0;965.0;-1;false
146;Tico;unicycle;down;true;4;1580.0;1000.0;-1;false
146;Teco;unicycle;down;true;4;1460.0;965.0;-1;false
147;Tico;unicycle;down;true;4;1580.0;1000.0;-1;false
147;Teco;unicycle;down;true;4;1460.0;965.0;-1;false
148;Tico;unicycle;down;true;4;1580.0;1000.0;-1;false
148;Teco;unicycle;down;true;4;1460.0;965.0;-1;false
149;Tico;unicycle;down;true;4;1580.0;1000.0;-1;false
149;Teco;unicycle;down;true;4;1460.0;965.0;-1;false
150;Tico;unicycle;down;true;4;1580.0;1000.0;-1;false
150;Teco;unicycle;down;true;4;1460.0;965.0;-1;false
151;Tico;unicycle;down;true;4;1580.0;1000.0;-1;false
151;Teco;unicycle;down;true;4;1460.0;965.0;-1;false
152;Tico;unicycle;down;true;4;1580.0;1000.0;-1;false
152;Teco;unicycle;down;true;4;1460.0;965.0;-1;false
153;Tico;unicycle;down;true;4;1580.0;1000.0;-1;false
153;Teco;unicycle;down;true;4;1460.0;965.0;-1;false
154;Tico;unicycle;down;true;4;1580.0;1000.0;-1;false
154;Teco;unicycle;down;true;4;1460.0;965.0;-1;false
155;Tico;unicycle;down;true;4;1580.0;1000.0;-1;false
155;Teco;unicycle;down;true;4;1460.0;965.0;-1;false
156;Tico;unicycle;down;true;4;1580.0;1000.0;-1;false
156;Teco;unicycle;down;true;4;1460.0;965.0;-1;false
157;Tico;unicycle;down;true;4;1580.0;1000.0;-1;false
157;Teco;unicycle;down;true;4;1460.0;965.0;-1;false
158;Tico;unicycle;down;true;4;1580.0;1000.0;-1;false
158;Teco;unicycle;down;true;4;1460.0;965.0;-1;false
159;Tico;unicycle;down;true;4;1580.0;1000.0;-1;false
159;Teco;unicycle;down;true;4;1460.0;965.0;-1;false
160;Tico;unicycle;down;true;4;1580.0;1000.0;-1;false
160;Teco;unicycle;down;true;4;1460.0;965.0;-1;false
161;Tico;unicycle;down;true;4;1580.0;1000.0;-1;false
161;Teco;unicycle;down;true;4;1460.0;965.0;-1;false
162;Tico;unicycle;down;true;4;1580.0;1000.0;-1;false
162;Teco;unicycle;down;true;4;1460.0;965.0;-1;false
163;Tico;unicycle;down;true;4;1580.0;1000.0;-1;false
163;Teco;unicycle;down;true;4;1460.0;965.0;-1;false
164;Tico;unicycle;down;true;4;1580.0;1000.0;-1;false
164;Teco;unicycle;down;true;4;1460.0;965.0;-1;false
165;Tico;unicycle;down;true;4;1580.0;1000.0;-1;false
165;Teco;unicycle;down;true;4;1460.0;965.0;-1;false
166;Tico;unicycle;down;true;4;1580.0;1000.0;-1;false
166;Teco;unicycle;down;true;4;1460.0;965.0;-1;false
167;Tico;unicycle;down;true;4;1580.0;1000.0;-1;false
167;Teco;unicycle;down;true;4;1460.0;965.0;-1;false
168;Tico;unicycle;down;true;4;1580.0;1000.0;-1;false
168;Teco;unicycle;down;true;4;1460.0;965.0;-1;false
169;Tico;unicycle;down;true;4;1580.0;1000.0;-1;false
169;Teco;unicycle;down;true;4;1460.0;965.0;-1;false
