trecho;quadro;desenho;laugh;shrink;hat_tilt;cabeca_y;aba_x;aba_y;visivel
IntroGiant;1;1;0.00;0.00;0.00;6.6;0.0;-163.4;true
IntroGiant;2;1;0.00;0.00;0.00;6.7;0.0;-163.3;true
IntroGiant;3;1;0.00;0.00;0.00;6.8;0.0;-163.2;true
IntroGiant;4;1;0.00;0.00;0.00;6.9;0.0;-163.1;true
IntroGiant;5;1;0.00;0.00;0.00;7.0;0.0;-163.0;true
IntroGiant;6;1;0.00;0.00;0.00;7.1;0.0;-162.9;true
IntroGiant;7;1;0.00;0.00;0.00;7.2;0.0;-162.8;true
IntroGiant;8;1;0.00;0.00;0.00;7.3;0.0;-162.7;true
IntroGiant;9;1;0.00;0.00;0.00;7.4;0.0;-162.6;true
IntroGiant;10;1;0.00;0.00;0.00;7.5;0.0;-162.5;true
IntroGiant;11;1;0.00;0.00;0.00;7.6;0.0;-162.4;true
IntroGiant;12;1;0.00;0.00;0.00;7.6;0.0;-162.4;true
IntroGiant;13;1;0.00;0.00;0.00;7.7;0.0;-162.3;true
IntroGiant;14;1;0.00;0.00;0.00;7.7;0.0;-162.3;true
IntroGiant;15;1;0.00;0.00;0.00;7.8;0.0;-162.2;true
IntroGiant;16;1;0.00;0.00;0.00;7.8;0.0;-162.2;true
IntroGiant;17;1;0.00;0.00;0.00;7.9;0.0;-162.1;true
IntroGiant;18;1;0.00;0.00;0.00;7.9;0.0;-162.1;true
IntroGiant;19;1;0.00;0.00;0.00;7.9;0.0;-162.1;true
IntroGiant;20;1;0.00;0.00;0.00;8.0;0.0;-162.0;true
IntroGiant;21;1;0.00;0.00;0.00;8.0;0.0;-162.0;true
IntroGiant;22;1;0.00;0.00;0.00;8.0;0.0;-162.0;true
IntroGiant;23;1;0.00;0.00;0.00;8.0;0.0;-162.0;true
IntroGiant;24;1;0.00;0.00;0.00;8.0;0.0;-162.0;true
IntroGiant;25;1;0.00;0.00;0.00;8.0;0.0;-162.0;true
IntroGiant;26;1;0.00;0.00;0.00;8.0;0.0;-162.0;true
IntroGiant;27;1;0.00;0.00;0.00;8.0;0.0;-162.0;true
IntroGiant;28;1;0.00;0.00;0.00;7.9;0.0;-162.1;true
IntroGiant;29;1;0.00;0.00;0.00;7.9;0.0;-162.1;true
IntroGiant;30;1;0.00;0.00;0.00;7.9;0.0;-162.1;true
IntroGiant;31;1;0.00;0.00;0.00;7.8;0.0;-162.2;true
IntroGiant;32;1;0.00;0.00;0.00;7.8;0.0;-162.2;true
IntroGiant;33;1;0.00;0.00;0.00;7.7;0.0;-162.3;true
IntroGiant;34;1;0.00;0.00;0.00;7.7;0.0;-162.3;true
IntroGiant;35;1;0.00;0.00;0.00;7.6;0.0;-162.4;true
IntroGiant;36;1;0.00;0.00;0.00;7.6;0.0;-162.4;true
IntroGiant;37;1;0.00;0.00;0.00;7.5;0.0;-162.5;true
IntroGiant;38;1;0.00;0.00;0.00;7.4;0.0;-162.6;true
IntroGiant;39;1;0.00;0.00;0.00;7.3;0.0;-162.7;true
IntroGiant;40;1;0.00;0.00;0.00;7.2;0.0;-162.8;true
IntroGiant;41;1;0.00;0.00;0.00;7.1;0.0;-162.9;true
IntroGiant;42;1;0.00;0.00;0.00;7.0;0.0;-163.0;true
IntroGiant;43;1;0.00;0.00;0.00;6.9;0.0;-163.1;true
IntroGiant;44;1;0.00;0.00;0.00;6.8;0.0;-163.2;true
IntroGiant;45;1;0.00;0.00;0.00;6.7;0.0;-163.3;true
IntroGiant;46;1;0.00;0.00;0.00;6.6;0.0;-163.4;true
IntroGiant;47;1;0.00;0.00;0.00;6.5;0.0;-163.5;true
IntroGiant;48;1;0.00;0.00;0.00;6.4;0.0;-163.6;true
IntroGiant;49;1;0.00;0.00;0.00;6.2;0.0;-163.8;true
IntroGiant;50;1;0.00;0.00;0.00;6.1;0.0;-163.9;true
IntroGiant;51;1;0.00;0.00;0.00;5.9;0.0;-164.1;true
IntroGiant;52;1;0.00;0.00;0.00;5.8;0.0;-164.2;true
IntroGiant;53;1;0.00;0.00;0.00;5.7;0.0;-164.3;true
IntroGiant;54;1;0.00;0.00;0.00;5.5;0.0;-164.5;true
IntroGiant;55;1;0.00;0.00;0.00;5.3;0.0;-164.7;true
IntroGiant;56;1;0.00;0.00;0.00;5.2;0.0;-164.8;true
IntroGiant;57;1;0.00;0.00;0.00;5.0;0.0;-165.0;true
IntroGiant;58;1;0.00;0.00;0.00;4.9;0.0;-165.1;true
IntroGiant;59;1;0.00;0.00;0.00;4.7;0.0;-165.3;true
IntroGiant;60;1;0.00;0.00;0.00;4.5;0.0;-165.5;true
IntroGiant;61;1;0.00;0.00;0.00;4.3;0.0;-165.7;true
IntroGiant;62;1;0.00;0.00;0.00;4.1;0.0;-165.9;true
IntroGiant;63;1;0.00;0.00;0.00;4.0;0.0;-166.0;true
IntroGiant;64;1;0.00;0.00;0.00;3.8;0.0;-166.2;true
IntroGiant;65;1;0.00;0.00;0.00;3.6;0.0;-166.4;true
IntroGiant;66;1;0.00;0.00;0.00;3.4;0.0;-166.6;true
IntroGiant;67;1;0.00;0.00;0.00;3.2;0.0;-166.8;true
IntroGiant;68;1;0.00;0.00;0.00;3.0;0.0;-167.0;true
IntroGiant;69;1;0.00;0.00;0.00;2.8;0.0;-167.2;true
IntroGiant;70;1;0.00;0.00;0.00;2.6;0.0;-167.4;true
IntroGiant;71;1;0.00;0.00;0.00;2.4;0.0;-167.6;true
IntroGiant;72;1;0.00;0.00;0.00;2.2;0.0;-167.8;true
IntroGiant;73;1;0.00;0.00;0.00;2.0;0.0;-168.0;true
IntroGiant;74;1;0.00;0.00;0.00;1.8;0.0;-168.2;true
IntroGiant;75;1;0.00;0.00;0.00;1.6;0.0;-168.4;true
IntroGiant;76;1;0.00;0.00;0.00;1.4;0.0;-168.6;true
IntroGiant;77;1;0.00;0.00;0.00;1.2;0.0;-168.8;true
IntroGiant;78;1;0.00;0.00;0.00;0.9;0.0;-169.1;true
IntroGiant;79;1;0.00;0.00;0.00;0.7;0.0;-169.3;true
IntroGiant;80;1;0.00;0.00;0.00;0.5;0.0;-169.5;true
IntroGiant;81;1;0.00;0.00;0.00;0.3;0.0;-169.7;true
IntroGiant;82;1;0.00;0.00;0.00;0.1;0.0;-169.9;true
IntroGiant;83;1;0.00;0.00;0.00;-0.1;0.0;-170.1;true
IntroGiant;84;1;0.00;0.00;0.00;-0.3;0.0;-170.3;true
IntroGiant;85;1;0.00;0.00;0.00;-0.5;0.0;-170.5;true
IntroGiant;86;1;0.00;0.00;0.00;-0.8;0.0;-170.8;true
IntroGiant;87;1;0.00;0.00;0.00;-1.0;0.0;-171.0;true
IntroGiant;88;1;0.00;0.00;0.00;-1.2;0.0;-171.2;true
IntroGiant;89;1;0.00;0.00;0.00;-1.4;0.0;-171.4;true
IntroGiant;90;1;0.00;0.00;0.00;-1.6;0.0;-171.6;true
IntroGiant;91;1;0.00;0.00;0.00;-1.8;0.0;-171.8;true
IntroGiant;92;1;0.00;0.00;0.00;-2.0;0.0;-172.0;true
IntroGiant;93;1;0.00;0.00;0.00;-2.2;0.0;-172.2;true
IntroGiant;94;1;0.00;0.00;0.00;-2.4;0.0;-172.4;true
IntroGiant;95;1;0.00;0.00;0.00;-2.6;0.0;-172.6;true
IntroGiant;96;1;0.00;0.00;0.00;-2.8;0.0;-172.8;true
IntroGiant;97;1;0.00;0.00;0.00;-3.0;0.0;-173.0;true
IntroGiant;98;1;0.00;0.00;0.00;-3.2;0.0;-173.2;true
IntroGiant;99;1;0.00;0.00;0.00;-3.4;0.0;-173.4;true
IntroGiant;100;1;0.00;0.00;0.00;-3.6;0.0;-173.6;true
IntroGiant;101;1;0.00;0.00;0.00;-3.8;0.0;-173.8;true
IntroGiant;102;1;0.00;0.00;0.00;-4.0;0.0;-174.0;true
IntroGiant;103;1;0.06;0.00;0.00;-4.2;0.0;-174.2;true
IntroGiant;104;1;0.11;0.00;0.00;-4.4;0.0;-174.4;true
IntroGiant;105;1;0.17;0.00;0.00;-4.5;0.0;-174.5;true
IntroGiant;106;1;0.22;0.00;0.00;-4.7;0.0;-174.7;true
IntroGiant;107;1;0.28;0.00;0.00;-4.9;0.0;-174.9;true
IntroGiant;108;1;0.33;0.00;0.00;-5.0;0.0;-175.0;true
IntroGiant;109;1;0.39;0.00;0.00;-5.2;0.0;-175.2;true
IntroGiant;110;1;0.44;0.00;0.00;-5.4;0.0;-175.4;true
IntroGiant;111;1;0.50;0.00;0.00;-5.5;0.0;-175.5;true
IntroGiant;112;2;0.56;0.00;0.00;-5.7;0.0;-175.7;true
IntroGiant;113;2;0.61;0.00;0.00;-5.8;0.0;-175.8;true
IntroGiant;114;2;0.67;0.00;0.00;-6.0;0.0;-176.0;true
IntroGiant;115;2;0.72;0.00;0.00;-6.1;0.0;-176.1;true
IntroGiant;116;2;0.78;0.00;0.00;-6.2;0.0;-176.2;true
IntroGiant;117;2;0.83;0.00;0.00;-6.4;0.0;-176.4;true
IntroGiant;118;2;0.89;0.00;0.00;-6.5;0.0;-176.5;true
IntroGiant;119;2;0.94;0.00;0.00;-6.6;0.0;-176.6;true
IntroGiant;120;2;1.00;0.00;0.00;-6.7;0.0;-176.7;true
IntroGiant;121;2;1.00;0.00;0.00;-6.9;0.0;-176.9;true
IntroGiant;122;2;1.00;0.00;0.00;-7.0;0.0;-177.0;true
IntroGiant;123;2;1.00;0.00;0.00;-7.1;0.0;-177.1;true
IntroGiant;124;2;1.00;0.00;0.00;-7.2;0.0;-177.2;true
IntroGiant;125;2;1.00;0.00;0.00;-7.3;0.0;-177.3;true
IntroGiant;126;2;1.00;0.00;0.00;-7.3;0.0;-177.3;true
IntroGiant;127;2;1.00;0.00;0.00;-7.4;0.0;-177.4;true
IntroGiant;128;2;1.00;0.00;0.00;-7.5;0.0;-177.5;true
IntroGiant;129;2;1.00;0.00;0.00;-7.6;0.0;-177.6;true
IntroGiant;130;2;1.00;0.00;0.00;-7.6;0.0;-177.6;true
IntroGiant;131;2;1.00;0.00;0.00;-7.7;0.0;-177.7;true
IntroGiant;132;2;1.00;0.00;0.00;-7.8;0.0;-177.8;true
IntroGiant;133;2;1.00;0.00;0.00;-7.8;0.0;-177.8;true
IntroGiant;134;2;1.00;0.00;0.00;-7.8;0.0;-177.8;true
IntroGiant;135;2;1.00;0.00;0.00;-7.9;0.0;-177.9;true
IntroGiant;136;2;1.00;0.00;0.00;-7.9;0.0;-177.9;true
IntroGiant;137;2;1.00;0.00;0.00;-7.9;0.0;-177.9;true
IntroGiant;138;2;1.00;0.00;0.00;-8.0;0.0;-178.0;true
IntroGiant;139;2;1.00;0.00;0.00;-8.0;0.0;-178.0;true
IntroGiant;140;2;1.00;0.00;0.00;-8.0;0.0;-178.0;true
IntroGiant;141;2;1.00;0.00;0.00;-8.0;0.0;-178.0;true
IntroGiant;142;2;1.00;0.00;0.00;-8.0;0.0;-178.0;true
IntroGiant;143;2;1.00;0.00;0.00;-8.0;0.0;-178.0;true
IntroGiant;144;2;1.00;0.00;0.00;-8.0;0.0;-178.0;true
IntroGiant;145;2;1.00;0.00;0.00;-8.0;0.0;-178.0;true
IntroGiant;146;2;1.00;0.00;0.00;-7.9;0.0;-177.9;true
IntroGiant;147;2;1.00;0.00;0.00;-7.9;0.0;-177.9;true
IntroGiant;148;2;1.00;0.00;0.00;-7.9;0.0;-177.9;true
IntroGiant;149;2;1.00;0.00;0.00;-7.8;0.0;-177.8;true
IntroGiant;150;2;1.00;0.00;0.00;-7.8;0.0;-177.8;true
IntroGiant;151;2;1.00;0.00;0.00;-7.7;0.0;-177.7;true
IntroGiant;152;2;1.00;0.00;0.00;-7.7;0.0;-177.7;true
IntroGiant;153;2;1.00;0.00;0.00;-7.6;0.0;-177.6;true
IntroGiant;154;2;1.00;0.00;0.00;-7.5;0.0;-177.5;true
IntroGiant;155;2;1.00;0.00;0.00;-7.5;0.0;-177.5;true
IntroGiant;156;2;1.00;0.00;0.00;-7.4;0.0;-177.4;true
IntroGiant;157;2;1.00;0.00;0.00;-7.3;0.0;-177.3;true
IntroGiant;158;2;1.00;0.00;0.00;-7.2;0.0;-177.2;true
IntroGiant;159;2;1.00;0.00;0.00;-7.1;0.0;-177.1;true
IntroGiant;160;2;1.00;0.00;0.00;-7.0;0.0;-177.0;true
IntroGiant;161;2;1.00;0.00;0.00;-6.9;0.0;-176.9;true
IntroGiant;162;2;1.00;0.00;0.00;-6.8;0.0;-176.8;true
IntroGiant;163;1;0.00;0.00;0.00;-6.7;0.0;-176.7;true
IntroGiant;164;1;0.00;0.00;0.00;-6.6;0.0;-176.6;true
IntroGiant;165;1;0.00;0.00;0.00;-6.5;0.0;-176.5;true
IntroGiant;166;1;0.00;0.00;0.00;-6.3;0.0;-176.3;true
IntroGiant;167;1;0.00;0.00;0.00;-6.2;0.0;-176.2;true
IntroGiant;168;1;0.00;0.00;0.00;-6.1;0.0;-176.1;true
IntroGiant;169;1;0.00;0.00;0.00;-5.9;0.0;-175.9;true
IntroGiant;170;1;0.00;0.00;0.00;-5.8;0.0;-175.8;true
IntroGiant;171;1;0.00;0.00;0.00;-5.6;0.0;-175.6;true
IntroGiant;172;1;0.00;0.00;0.00;-5.5;0.0;-175.5;true
IntroGiant;173;1;0.00;0.00;0.00;-5.3;0.0;-175.3;true
IntroGiant;174;1;0.00;0.00;0.00;-5.2;0.0;-175.2;true
IntroGiant;175;1;0.00;0.00;0.00;-5.0;0.0;-175.0;true
GrabHands;176;2;1.00;0.00;0.00;-4.8;0.0;-174.8;true
GrabHands;177;2;1.00;0.00;0.00;-4.6;0.0;-174.6;true
GrabHands;178;2;1.00;0.00;0.00;-4.5;0.0;-174.5;true
GrabHands;179;2;1.00;0.00;0.00;-4.3;0.0;-174.3;true
GrabHands;180;2;1.00;0.00;0.00;-4.1;0.0;-174.1;true
GrabHands;181;2;1.00;0.00;0.00;-3.9;0.0;-173.9;true
GrabHands;182;2;1.00;0.00;0.00;-3.7;0.0;-173.7;true
GrabHands;183;2;1.00;0.00;0.00;-3.5;0.0;-173.5;true
GrabHands;184;2;1.00;0.00;0.00;-3.4;0.0;-173.4;true
GrabHands;185;2;1.00;0.00;0.00;-3.2;0.0;-173.2;true
GrabHands;186;2;1.00;0.00;0.00;-3.0;0.0;-173.0;true
GrabHands;187;2;1.00;0.00;0.00;-2.8;0.0;-172.8;true
GrabHands;188;2;1.00;0.00;0.00;-2.6;0.0;-172.6;true
GrabHands;189;2;1.00;0.00;0.00;-2.4;0.0;-172.4;true
GrabHands;190;2;1.00;0.00;0.00;-2.2;0.0;-172.2;true
GrabHands;191;2;1.00;0.00;0.00;-2.0;0.0;-172.0;true
GrabHands;192;2;1.00;0.00;0.00;-1.7;0.0;-171.7;true
GrabHands;193;2;1.00;0.00;0.00;-1.5;0.0;-171.5;true
GrabHands;194;2;1.00;0.00;0.00;-1.3;0.0;-171.3;true
GrabHands;195;2;1.00;0.00;0.00;-1.1;0.0;-171.1;true
GrabHands;196;2;1.00;0.00;0.00;-0.9;0.0;-170.9;true
GrabHands;197;2;1.00;0.00;0.00;-0.7;0.0;-170.7;true
GrabHands;198;2;1.00;0.00;0.00;-0.5;0.0;-170.5;true
GrabHands;199;2;1.00;0.00;0.00;-0.3;0.0;-170.3;true
GrabHands;200;1;0.00;0.00;0.00;-0.1;0.0;-170.1;true
GrabHands;201;1;0.00;0.00;0.00;0.2;0.0;-169.8;true
GrabHands;202;1;0.00;0.00;0.00;0.4;0.0;-169.6;true
GrabHands;203;1;0.00;0.00;0.00;0.6;0.0;-169.4;true
GrabHands;204;1;0.00;0.00;0.00;0.8;0.0;-169.2;true
GrabHands;205;1;0.00;0.00;0.00;1.0;0.0;-169.0;true
GrabHands;206;1;0.00;0.00;0.00;1.2;0.0;-168.8;true
GrabHands;207;1;0.00;0.00;0.00;1.4;0.0;-168.6;true
GrabHands;208;1;0.00;0.00;0.00;1.6;0.0;-168.4;true
GrabHands;209;1;0.00;0.00;0.00;1.9;0.0;-168.1;true
GrabHands;210;1;0.00;0.00;0.00;2.1;0.0;-167.9;true
GrabHands;211;1;0.00;0.00;0.00;2.3;0.0;-167.7;true
GrabHands;212;1;0.00;0.00;0.00;2.5;0.0;-167.5;true
GrabHands;213;1;0.00;0.00;0.00;2.7;0.0;-167.3;true
GrabHands;214;1;0.00;0.00;0.00;2.9;0.0;-167.1;true
GrabHands;215;1;0.00;0.00;0.00;3.1;0.0;-166.9;true
GrabHands;216;1;0.00;0.00;0.00;3.3;0.0;-166.7;true
GrabHands;217;1;0.00;0.00;0.00;3.5;0.0;-166.5;true
GrabHands;218;1;0.00;0.00;0.00;3.6;0.0;-166.4;true
GrabHands;219;1;0.00;0.00;0.00;3.8;0.0;-166.2;true
GrabHands;220;1;0.00;0.00;0.00;4.0;0.0;-166.0;true
GrabHands;221;1;0.00;0.00;0.00;4.2;0.0;-165.8;true
GrabHands;222;1;0.00;0.00;0.00;4.4;0.0;-165.6;true
GrabHands;223;1;0.00;0.00;0.00;4.6;0.0;-165.4;true
GrabHands;224;1;0.00;0.00;0.00;4.7;0.0;-165.3;true
GrabHands;225;1;0.00;0.00;0.00;4.9;0.0;-165.1;true
GrabHands;226;1;0.00;0.00;0.00;5.1;0.0;-164.9;true
GrabHands;227;1;0.00;0.00;0.00;5.2;0.0;-164.8;true
GrabHands;228;1;0.00;0.00;0.00;5.4;0.0;-164.6;true
GrabHands;229;1;0.00;0.00;0.00;5.6;0.0;-164.4;true
GrabHands;230;1;0.00;0.00;0.00;5.7;0.0;-164.3;true
GrabHands;231;1;0.00;0.00;0.00;5.9;0.0;-164.1;true
GrabHands;232;1;0.00;0.00;0.00;6.0;0.0;-164.0;true
GrabHands;233;1;0.00;0.00;0.00;6.1;0.0;-163.9;true
GrabHands;234;1;0.00;0.00;0.00;6.3;0.0;-163.7;true
GrabHands;235;1;0.00;0.00;0.00;6.4;0.0;-163.6;true
GrabHands;236;1;0.00;0.00;0.00;6.5;0.0;-163.5;true
GrabHands;237;1;0.00;0.00;0.00;6.6;0.0;-163.4;true
GrabHands;238;1;0.00;0.00;0.00;6.8;0.0;-163.2;true
GrabHands;239;1;0.00;0.00;0.00;6.9;0.0;-163.1;true
GrabHands;240;1;0.00;0.00;0.00;7.0;0.0;-163.0;true
GrabHands;241;1;0.00;0.00;0.00;7.1;0.0;-162.9;true
GrabHands;242;1;0.00;0.00;0.00;7.2;0.0;-162.8;true
GrabHands;243;1;0.00;0.00;0.00;7.3;0.0;-162.7;true
GrabHands;244;1;0.00;0.00;0.00;7.4;0.0;-162.6;true
GrabHands;245;1;0.00;0.00;0.00;7.4;0.0;-162.6;true
GrabHands;246;1;0.00;0.00;0.00;7.5;0.0;-162.5;true
GrabHands;247;2;1.00;0.00;0.00;7.6;0.0;-162.4;true
GrabHands;248;2;1.00;0.00;0.00;7.6;0.0;-162.4;true
GrabHands;249;2;1.00;0.00;0.00;7.7;0.0;-162.3;true
GrabHands;250;2;1.00;0.00;0.00;7.8;0.0;-162.2;true
GrabHands;251;2;1.00;0.00;0.00;7.8;0.0;-162.2;true
GrabHands;252;2;1.00;0.00;0.00;7.9;0.0;-162.1;true
GrabHands;253;2;1.00;0.00;0.00;7.9;0.0;-162.1;true
GrabHands;254;2;1.00;0.00;0.00;7.9;0.0;-162.1;true
GrabHands;255;2;1.00;0.00;0.00;8.0;0.0;-162.0;true
GrabHands;256;2;1.00;0.00;0.00;8.0;0.0;-162.0;true
GrabHands;257;2;1.00;0.00;0.00;8.0;0.0;-162.0;true
GrabHands;258;2;1.00;0.00;0.00;8.0;0.0;-162.0;true
GrabHands;259;2;1.00;0.00;0.00;8.0;0.0;-162.0;true
GrabHands;260;2;1.00;0.00;0.00;8.0;0.0;-162.0;true
GrabHands;261;2;1.00;0.00;0.00;8.0;0.0;-162.0;true
GrabHands;262;2;1.00;0.00;0.00;8.0;0.0;-162.0;true
GrabHands;263;2;1.00;0.00;0.00;8.0;0.0;-162.0;true
GrabHands;264;2;1.00;0.00;0.00;7.9;0.0;-162.1;true
GrabHands;265;2;1.00;0.00;0.00;7.9;0.0;-162.1;true
GrabHands;266;2;1.00;0.00;0.00;7.9;0.0;-162.1;true
GrabHands;267;2;1.00;0.00;0.00;7.8;0.0;-162.2;true
GrabHands;268;2;1.00;0.00;0.00;7.8;0.0;-162.2;true
GrabHands;269;2;1.00;0.00;0.00;7.7;0.0;-162.3;true
GrabHands;270;2;1.00;0.00;0.00;7.7;0.0;-162.3;true
GrabHands;271;2;1.00;0.00;0.00;7.6;0.0;-162.4;true
GrabHands;272;1;0.00;0.00;0.00;7.5;0.0;-162.5;true
GrabHands;273;1;0.00;0.00;0.00;7.5;0.0;-162.5;true
GrabHands;274;1;0.00;0.00;0.00;7.4;0.0;-162.6;true
GrabHands;275;1;0.00;0.00;0.00;7.3;0.0;-162.7;true
GrabHands;276;1;0.00;0.00;0.00;7.2;0.0;-162.8;true
GrabHands;277;1;0.00;0.00;0.00;7.1;0.0;-162.9;true
GrabHands;278;1;0.00;0.00;0.00;7.0;0.0;-163.0;true
GrabHands;279;1;0.00;0.00;0.00;6.9;0.0;-163.1;true
GrabHands;280;1;0.00;0.00;0.00;6.8;0.0;-163.2;true
GrabHands;281;1;0.00;0.00;0.00;6.7;0.0;-163.3;true
GrabHands;282;1;0.00;0.00;0.00;6.6;0.0;-163.4;true
GrabHands;283;1;0.00;0.00;0.00;6.4;0.0;-163.6;true
GrabHands;284;1;0.00;0.00;0.00;6.3;0.0;-163.7;true
GrabHands;285;1;0.00;0.00;0.00;6.2;0.0;-163.8;true
GrabHands;286;1;0.00;0.00;0.00;6.0;0.0;-164.0;true
GrabHands;287;1;0.00;0.00;0.00;5.9;0.0;-164.1;true
GrabHands;288;1;0.00;0.00;0.00;5.7;0.0;-164.3;true
GrabHands;289;1;0.00;0.00;0.00;5.6;0.0;-164.4;true
GrabHands;290;1;0.00;0.00;0.00;5.4;0.0;-164.6;true
GrabHands;291;1;0.00;0.00;0.00;5.3;0.0;-164.7;true
GrabHands;292;1;0.00;0.00;0.00;5.1;0.0;-164.9;true
GrabHands;293;1;0.00;0.00;0.00;5.0;0.0;-165.0;true
GrabHands;294;1;0.00;0.00;0.00;4.8;0.0;-165.2;true
GrabHands;295;1;0.00;0.00;0.00;4.6;0.0;-165.4;true
GrabHands;296;1;0.00;0.00;0.00;4.4;0.0;-165.6;true
GrabHands;297;1;0.00;0.00;0.00;4.3;0.0;-165.7;true
GrabHands;298;1;0.00;0.00;0.00;4.1;0.0;-165.9;true
GrabHands;299;1;0.00;0.00;0.00;3.9;0.0;-166.1;true
GrabHands;300;1;0.00;0.00;0.00;3.7;0.0;-166.3;true
GrabHands;301;1;0.00;0.00;0.00;3.5;0.0;-166.5;true
GrabHands;302;1;0.00;0.00;0.00;3.3;0.0;-166.7;true
GrabHands;303;1;0.00;0.00;0.00;3.1;0.0;-166.9;true
GrabHands;304;1;0.00;0.00;0.00;2.9;0.0;-167.1;true
GrabHands;305;1;0.00;0.00;0.00;2.7;0.0;-167.3;true
GrabHands;306;1;0.00;0.00;0.00;2.5;0.0;-167.5;true
GrabHands;307;1;0.00;0.00;0.00;2.3;0.0;-167.7;true
GrabHands;308;1;0.00;0.00;0.00;2.1;0.0;-167.9;true
GrabHands;309;1;0.00;0.00;0.00;1.9;0.0;-168.1;true
GrabHands;310;1;0.00;0.00;0.00;1.7;0.0;-168.3;true
GrabHands;311;1;0.00;0.00;0.00;1.5;0.0;-168.5;true
GrabHands;312;1;0.00;0.00;0.00;1.3;0.0;-168.7;true
GrabHands;313;1;0.00;0.00;0.00;1.1;0.0;-168.9;true
GrabHands;314;1;0.00;0.00;0.00;0.9;0.0;-169.1;true
GrabHands;315;1;0.00;0.00;0.00;0.6;0.0;-169.4;true
GrabHands;316;1;0.00;0.00;0.00;0.4;0.0;-169.6;true
GrabHands;317;1;0.00;0.00;0.00;0.2;0.0;-169.8;true
GrabHands;318;1;0.00;0.00;0.00;0.0;0.0;-170.0;true
GrabHands;319;1;0.00;0.00;0.00;-0.2;0.0;-170.2;true
GrabHands;320;2;1.00;0.00;0.00;-0.4;0.0;-170.4;true
GrabHands;321;2;1.00;0.00;0.00;-0.6;0.0;-170.6;true
GrabHands;322;2;1.00;0.00;0.00;-0.8;0.0;-170.8;true
GrabHands;323;2;1.00;0.00;0.00;-1.1;0.0;-171.1;true
GrabHands;324;2;1.00;0.00;0.00;-1.3;0.0;-171.3;true
GrabHands;325;2;1.00;0.00;0.00;-1.5;0.0;-171.5;true
GrabHands;326;2;1.00;0.00;0.00;-1.7;0.0;-171.7;true
GrabHands;327;2;1.00;0.00;0.00;-1.9;0.0;-171.9;true
GrabHands;328;2;1.00;0.00;0.00;-2.1;0.0;-172.1;true
GrabHands;329;2;1.00;0.00;0.00;-2.3;0.0;-172.3;true
GrabHands;330;2;1.00;0.00;0.00;-2.5;0.0;-172.5;true
GrabHands;331;2;1.00;0.00;0.00;-2.7;0.0;-172.7;true
GrabHands;332;2;1.00;0.00;0.00;-2.9;0.0;-172.9;true
GrabHands;333;2;1.00;0.00;0.00;-3.1;0.0;-173.1;true
GrabHands;334;2;1.00;0.00;0.00;-3.3;0.0;-173.3;true
GrabHands;335;2;1.00;0.00;0.00;-3.5;0.0;-173.5;true
GrabHands;336;2;1.00;0.00;0.00;-3.7;0.0;-173.7;true
GrabHands;337;2;1.00;0.00;0.00;-3.9;0.0;-173.9;true
GrabHands;338;2;1.00;0.00;0.00;-4.1;0.0;-174.1;true
GrabHands;339;2;1.00;0.00;0.00;-4.2;0.0;-174.2;true
GrabHands;340;2;1.00;0.00;0.00;-4.4;0.0;-174.4;true
GrabHands;341;2;1.00;0.00;0.00;-4.6;0.0;-174.6;true
GrabHands;342;2;1.00;0.00;0.00;-4.8;0.0;-174.8;true
GrabHands;343;2;1.00;0.00;0.00;-4.9;0.0;-174.9;true
GrabHands;344;1;0.00;0.00;0.00;-5.1;0.0;-175.1;true
GrabHands;345;1;0.00;0.00;0.00;-5.3;0.0;-175.3;true
GrabHands;346;1;0.00;0.00;0.00;-5.4;0.0;-175.4;true
GrabHands;347;1;0.00;0.00;0.00;-5.6;0.0;-175.6;true
GrabHands;348;1;0.00;0.00;0.00;-5.7;0.0;-175.7;true
GrabHands;349;1;0.00;0.00;0.00;-5.9;0.0;-175.9;true
GrabHands;350;1;0.00;0.00;0.00;-6.0;0.0;-176.0;true
GrabHands;351;1;0.00;0.00;0.00;-6.2;0.0;-176.2;true
GrabHands;352;1;0.00;0.00;0.00;-6.3;0.0;-176.3;true
GrabHands;353;1;0.00;0.00;0.00;-6.4;0.0;-176.4;true
GrabHands;354;1;0.00;0.00;0.00;-6.5;0.0;-176.5;true
GrabHands;355;1;0.00;0.00;0.00;-6.7;0.0;-176.7;true
GrabHands;356;1;0.00;0.00;0.00;-6.8;0.0;-176.8;true
GrabHands;357;1;0.00;0.00;0.00;-6.9;0.0;-176.9;true
GrabHands;358;1;0.00;0.00;0.00;-7.0;0.0;-177.0;true
GrabHands;359;1;0.00;0.00;0.00;-7.1;0.0;-177.1;true
GrabHands;360;1;0.00;0.00;0.00;-7.2;0.0;-177.2;true
GrabHands;361;1;0.00;0.00;0.00;-7.3;0.0;-177.3;true
GrabHands;362;1;0.00;0.00;0.00;-7.4;0.0;-177.4;true
GrabHands;363;1;0.00;0.00;0.00;-7.5;0.0;-177.5;true
GrabHands;364;1;0.00;0.00;0.00;-7.5;0.0;-177.5;true
GrabHands;365;1;0.00;0.00;0.00;-7.6;0.0;-177.6;true
GrabHands;366;1;0.00;0.00;0.00;-7.7;0.0;-177.7;true
GrabHands;367;1;0.00;0.00;0.00;-7.7;0.0;-177.7;true
GrabHands;368;1;0.00;0.00;0.00;-7.8;0.0;-177.8;true
GrabHands;369;1;0.00;0.00;0.00;-7.8;0.0;-177.8;true
GrabHands;370;1;0.00;0.00;0.00;-7.9;0.0;-177.9;true
GrabHands;371;1;0.00;0.00;0.00;-7.9;0.0;-177.9;true
GrabHands;372;1;0.00;0.00;0.00;-7.9;0.0;-177.9;true
GrabHands;373;1;0.00;0.00;0.00;-8.0;0.0;-178.0;true
GrabHands;374;1;0.00;0.00;0.00;-8.0;0.0;-178.0;true
GrabHands;375;1;0.00;0.00;0.00;-8.0;0.0;-178.0;true
GrabHands;376;1;0.00;0.00;0.00;-8.0;0.0;-178.0;true
GrabHands;377;1;0.00;0.00;0.00;-8.0;0.0;-178.0;true
GrabHands;378;1;0.00;0.00;0.00;-8.0;0.0;-178.0;true
GrabHands;379;1;0.00;0.00;0.00;-8.0;0.0;-178.0;true
GrabHands;380;1;0.00;0.00;0.00;-8.0;0.0;-178.0;true
GrabHands;381;1;0.00;0.00;0.00;-8.0;0.0;-178.0;true
GrabHands;382;1;0.00;0.00;0.00;-7.9;0.0;-177.9;true
GrabHands;383;1;0.00;0.00;0.00;-7.9;0.0;-177.9;true
GrabHands;384;1;0.00;0.00;0.00;-7.9;0.0;-177.9;true
GrabHands;385;1;0.00;0.00;0.00;-7.8;0.0;-177.8;true
GrabHands;386;1;0.00;0.00;0.00;-7.8;0.0;-177.8;true
GrabHands;387;1;0.00;0.00;0.00;-7.7;0.0;-177.7;true
GrabHands;388;1;0.00;0.00;0.00;-7.7;0.0;-177.7;true
GrabHands;389;1;0.00;0.00;0.00;-7.6;0.0;-177.6;true
GrabHands;390;1;0.00;0.00;0.00;-7.5;0.0;-177.5;true
GrabHands;391;1;0.00;0.00;0.00;-7.4;0.0;-177.4;true
GrabHands;392;2;1.00;0.00;0.00;-7.4;0.0;-177.4;true
GrabHands;393;2;1.00;0.00;0.00;-7.3;0.0;-177.3;true
GrabHands;394;2;1.00;0.00;0.00;-7.2;0.0;-177.2;true
GrabHands;395;2;1.00;0.00;0.00;-7.1;0.0;-177.1;true
GrabHands;396;2;1.00;0.00;0.00;-7.0;0.0;-177.0;true
GrabHands;397;2;1.00;0.00;0.00;-6.9;0.0;-176.9;true
GrabHands;398;2;1.00;0.00;0.00;-6.8;0.0;-176.8;true
GrabHands;399;2;1.00;0.00;0.00;-6.7;0.0;-176.7;true
GrabHands;400;2;1.00;0.00;0.00;-6.5;0.0;-176.5;true
GrabHands;401;2;1.00;0.00;0.00;-6.4;0.0;-176.4;true
GrabHands;402;2;1.00;0.00;0.00;-6.3;0.0;-176.3;true
GrabHands;403;2;1.00;0.00;0.00;-6.1;0.0;-176.1;true
GrabHands;404;2;1.00;0.00;0.00;-6.0;0.0;-176.0;true
GrabHands;405;2;1.00;0.00;0.00;-5.9;0.0;-175.9;true
HatPour;406;1;0.00;0.00;-0.02;-5.7;0.0;-175.7;true
HatPour;407;1;0.00;0.00;-0.03;-5.6;0.0;-175.6;true
HatPour;408;1;0.00;0.00;-0.05;-5.4;0.0;-175.4;true
HatPour;409;1;0.00;0.00;-0.07;-5.3;0.0;-175.3;true
HatPour;410;1;0.00;0.00;-0.08;-5.1;0.0;-175.1;true
HatPour;411;1;0.00;0.00;-0.10;-4.9;0.0;-174.9;true
HatPour;412;1;0.00;0.00;-0.12;-4.8;0.0;-174.8;true
HatPour;413;1;0.00;0.00;-0.13;-4.6;0.0;-174.6;true
HatPour;414;1;0.00;0.00;-0.15;-4.4;0.0;-174.4;true
HatPour;415;1;0.00;0.00;-0.17;-4.2;0.0;-174.2;true
HatPour;416;1;0.00;0.00;-0.18;-4.0;0.0;-174.0;true
HatPour;417;1;0.00;0.00;-0.20;-3.9;0.0;-173.9;true
HatPour;418;1;0.00;0.00;-0.22;-3.7;0.0;-173.7;true
HatPour;419;1;0.00;0.00;-0.23;-3.5;0.0;-173.5;true
HatPour;420;1;0.00;0.00;-0.25;-3.3;0.0;-173.3;true
HatPour;421;1;0.00;0.00;-0.27;-3.1;0.0;-173.1;true
HatPour;422;1;0.00;0.00;-0.28;-2.9;0.0;-172.9;true
HatPour;423;1;0.00;0.00;-0.30;-2.7;0.0;-172.7;true
HatPour;424;1;0.00;0.00;-0.32;-2.5;0.0;-172.5;true
HatPour;425;1;0.00;0.00;-0.33;-2.3;0.0;-172.3;true
HatPour;426;1;0.00;0.00;-0.35;-2.1;0.0;-172.1;true
HatPour;427;1;0.00;0.00;-0.37;-1.9;0.0;-171.9;true
HatPour;428;1;0.00;0.00;-0.38;-1.7;0.0;-171.7;true
HatPour;429;1;0.00;0.00;-0.40;-1.5;0.0;-171.5;true
HatPour;430;1;0.00;0.00;-0.42;-1.2;0.0;-171.2;true
HatPour;431;1;0.00;0.00;-0.43;-1.0;0.0;-171.0;true
HatPour;432;1;0.00;0.00;-0.45;-0.8;0.0;-170.8;true
HatPour;433;1;0.00;0.00;-0.47;-0.6;0.0;-170.6;true
HatPour;434;1;0.00;0.00;-0.48;-0.4;0.0;-170.4;true
HatPour;435;1;0.00;0.00;-0.50;-0.2;0.0;-170.2;true
HatPour;436;1;0.00;0.00;-0.52;0.0;0.0;-170.0;true
HatPour;437;1;0.00;0.00;-0.53;0.2;0.0;-169.8;true
HatPour;438;1;0.00;0.00;-0.55;0.5;0.0;-169.5;true
HatPour;439;1;0.00;0.00;-0.57;0.7;0.0;-169.3;true
HatPour;440;1;0.00;0.00;-0.58;0.9;0.0;-169.1;true
HatPour;441;2;1.00;0.00;-0.60;1.1;0.0;-168.9;true
HatPour;442;2;1.00;0.00;-0.60;1.3;0.0;-168.7;true
HatPour;443;2;1.00;0.00;-0.60;1.5;0.0;-168.5;true
HatPour;444;2;1.00;0.00;-0.60;1.7;0.0;-168.3;true
HatPour;445;2;1.00;0.00;-0.60;1.9;0.0;-168.1;true
HatPour;446;2;1.00;0.00;-0.60;2.1;0.0;-167.9;true
HatPour;447;2;1.00;0.00;-0.60;2.3;0.0;-167.7;true
HatPour;448;2;1.00;0.00;-0.60;2.5;0.0;-167.5;true
HatPour;449;2;1.00;0.00;-0.60;2.7;0.0;-167.3;true
HatPour;450;2;1.00;0.00;-0.60;2.9;0.0;-167.1;true
HatPour;451;2;1.00;0.00;-0.60;3.1;0.0;-166.9;true
HatPour;452;2;1.00;0.00;-0.60;3.3;0.0;-166.7;true
HatPour;453;2;1.00;0.00;-0.60;3.5;0.0;-166.5;true
HatPour;454;2;1.00;0.00;-0.60;3.7;0.0;-166.3;true
HatPour;455;2;1.00;0.00;-0.60;3.9;0.0;-166.1;true
HatPour;456;2;1.00;0.00;-0.60;4.1;0.0;-165.9;true
HatPour;457;2;1.00;0.00;-0.60;4.3;0.0;-165.7;true
HatPour;458;2;1.00;0.00;-0.60;4.5;0.0;-165.5;true
HatPour;459;2;1.00;0.00;-0.60;4.6;0.0;-165.4;true
HatPour;460;2;1.00;0.00;-0.60;4.8;0.0;-165.2;true
HatPour;461;2;1.00;0.00;-0.60;5.0;0.0;-165.0;true
HatPour;462;2;1.00;0.00;-0.60;5.1;0.0;-164.9;true
HatPour;463;2;1.00;0.00;-0.60;5.3;0.0;-164.7;true
HatPour;464;2;1.00;0.00;-0.60;5.5;0.0;-164.5;true
HatPour;465;2;1.00;0.00;-0.60;5.6;0.0;-164.4;true
HatPour;466;2;1.00;0.00;-0.60;5.8;0.0;-164.2;true
HatPour;467;2;1.00;0.00;-0.60;5.9;0.0;-164.1;true
HatPour;468;2;1.00;0.00;-0.60;6.0;0.0;-164.0;true
HatPour;469;2;1.00;0.00;-0.60;6.2;0.0;-163.8;true
HatPour;470;2;1.00;0.00;-0.60;6.3;0.0;-163.7;true
HatPour;471;2;1.00;0.00;-0.60;6.4;0.0;-163.6;true
HatPour;472;2;1.00;0.00;-0.60;6.6;0.0;-163.4;true
HatPour;473;2;1.00;0.00;-0.60;6.7;0.0;-163.3;true
HatPour;474;2;1.00;0.00;-0.60;6.8;0.0;-163.2;true
HatPour;475;2;1.00;0.00;-0.60;6.9;0.0;-163.1;true
HatPour;476;2;1.00;0.00;-0.60;7.0;0.0;-163.0;true
HatPour;477;2;1.00;0.00;-0.60;7.1;0.0;-162.9;true
HatPour;478;2;1.00;0.00;-0.60;7.2;0.0;-162.8;true
HatPour;479;2;1.00;0.00;-0.60;7.3;0.0;-162.7;true
HatPour;480;2;1.00;0.00;-0.60;7.4;0.0;-162.6;true
HatPour;481;2;1.00;0.00;-0.60;7.5;0.0;-162.5;true
HatPour;482;2;1.00;0.00;-0.60;7.5;0.0;-162.5;true
HatPour;483;2;1.00;0.00;-0.60;7.6;0.0;-162.4;true
HatPour;484;2;1.00;0.00;-0.60;7.7;0.0;-162.3;true
HatPour;485;2;1.00;0.00;-0.60;7.7;0.0;-162.3;true
HatPour;486;2;1.00;0.00;-0.60;7.8;0.0;-162.2;true
HatPour;487;2;1.00;0.00;-0.60;7.8;0.0;-162.2;true
HatPour;488;2;1.00;0.00;-0.60;7.9;0.0;-162.1;true
HatPour;489;2;1.00;0.00;-0.60;7.9;0.0;-162.1;true
HatPour;490;2;1.00;0.00;-0.60;7.9;0.0;-162.1;true
HatPour;491;2;1.00;0.00;-0.60;8.0;0.0;-162.0;true
HatPour;492;2;1.00;0.00;-0.60;8.0;0.0;-162.0;true
HatPour;493;2;1.00;0.00;-0.60;8.0;0.0;-162.0;true
HatPour;494;2;1.00;0.00;-0.60;8.0;0.0;-162.0;true
HatPour;495;2;1.00;0.00;-0.60;8.0;0.0;-162.0;true
HatPour;496;2;1.00;0.00;-0.60;8.0;0.0;-162.0;true
HatPour;497;2;1.00;0.00;-0.60;8.0;0.0;-162.0;true
HatPour;498;2;1.00;0.00;-0.60;8.0;0.0;-162.0;true
HatPour;499;2;1.00;0.00;-0.60;7.9;0.0;-162.1;true
HatPour;500;2;1.00;0.00;-0.60;7.9;0.0;-162.1;true
HatPour;501;2;1.00;0.00;-0.60;7.9;0.0;-162.1;true
HatPour;502;2;1.00;0.00;-0.60;7.9;0.0;-162.1;true
HatPour;503;2;1.00;0.00;-0.60;7.8;0.0;-162.2;true
HatPour;504;2;1.00;0.00;-0.60;7.8;0.0;-162.2;true
HatPour;505;2;1.00;0.00;-0.60;7.7;0.0;-162.3;true
HatPour;506;2;1.00;0.00;-0.60;7.6;0.0;-162.4;true
HatPour;507;2;1.00;0.00;-0.60;7.6;0.0;-162.4;true
HatPour;508;2;1.00;0.00;-0.60;7.5;0.0;-162.5;true
HatPour;509;2;1.00;0.00;-0.60;7.4;0.0;-162.6;true
HatPour;510;2;1.00;0.00;-0.60;7.3;0.0;-162.7;true
HatPour;511;2;1.00;0.00;-0.60;7.3;0.0;-162.7;true
HatPour;512;2;1.00;0.00;-0.60;7.2;0.0;-162.8;true
HatPour;513;2;1.00;0.00;-0.60;7.1;0.0;-162.9;true
HatPour;514;2;1.00;0.00;-0.60;7.0;0.0;-163.0;true
HatPour;515;2;1.00;0.00;-0.60;6.9;0.0;-163.1;true
HatPour;516;2;1.00;0.00;-0.60;6.8;0.0;-163.2;true
HatPour;517;2;1.00;0.00;-0.60;6.6;0.0;-163.4;true
HatPour;518;2;1.00;0.00;-0.60;6.5;0.0;-163.5;true
HatPour;519;2;1.00;0.00;-0.60;6.4;0.0;-163.6;true
HatPour;520;2;1.00;0.00;-0.60;6.3;0.0;-163.7;true
HatPour;521;2;1.00;0.00;-0.60;6.1;0.0;-163.9;true
HatPour;522;2;1.00;0.00;-0.60;6.0;0.0;-164.0;true
HatPour;523;2;1.00;0.00;-0.60;5.8;0.0;-164.2;true
HatPour;524;2;1.00;0.00;-0.60;5.7;0.0;-164.3;true
HatPour;525;2;1.00;0.00;-0.60;5.5;0.0;-164.5;true
HatPour;526;2;1.00;0.00;-0.60;5.4;0.0;-164.6;true
HatPour;527;2;1.00;0.00;-0.60;5.2;0.0;-164.8;true
HatPour;528;2;1.00;0.00;-0.60;5.1;0.0;-164.9;true
HatPour;529;2;1.00;0.00;-0.60;4.9;0.0;-165.1;true
HatPour;530;2;1.00;0.00;-0.60;4.7;0.0;-165.3;true
HatPour;531;2;1.00;0.00;-0.60;4.5;0.0;-165.5;true
HatPour;532;2;1.00;0.00;-0.60;4.4;0.0;-165.6;true
HatPour;533;2;1.00;0.00;-0.60;4.2;0.0;-165.8;true
HatPour;534;2;1.00;0.00;-0.60;4.0;0.0;-166.0;true
HatPour;535;2;1.00;0.00;-0.60;3.8;0.0;-166.2;true
HatPour;536;2;1.00;0.00;-0.60;3.6;0.0;-166.4;true
HatPour;537;2;1.00;0.00;-0.60;3.4;0.0;-166.6;true
HatPour;538;2;1.00;0.00;-0.60;3.2;0.0;-166.8;true
HatPour;539;2;1.00;0.00;-0.60;3.1;0.0;-166.9;true
HatPour;540;2;1.00;0.00;-0.60;2.9;0.0;-167.1;true
HatPour;541;2;1.00;0.00;-0.60;2.7;0.0;-167.3;true
HatPour;542;2;1.00;0.00;-0.60;2.4;0.0;-167.6;true
HatPour;543;2;1.00;0.00;-0.60;2.2;0.0;-167.8;true
HatPour;544;2;1.00;0.00;-0.60;2.0;0.0;-168.0;true
HatPour;545;2;1.00;0.00;-0.60;1.8;0.0;-168.2;true
HatPour;546;2;1.00;0.00;-0.60;1.6;0.0;-168.4;true
HatPour;547;2;1.00;0.00;-0.60;1.4;0.0;-168.6;true
HatPour;548;2;1.00;0.00;-0.60;1.2;0.0;-168.8;true
HatPour;549;2;1.00;0.00;-0.60;1.0;0.0;-169.0;true
HatPour;550;2;1.00;0.00;-0.60;0.8;0.0;-169.2;true
HatPour;551;2;1.00;0.00;-0.60;0.6;0.0;-169.4;true
HatPour;552;2;1.00;0.00;-0.60;0.4;0.0;-169.6;true
HatPour;553;2;1.00;0.00;-0.60;0.1;0.0;-169.9;true
HatPour;554;2;1.00;0.00;-0.60;-0.1;0.0;-170.1;true
HatPour;555;2;1.00;0.00;-0.60;-0.3;0.0;-170.3;true
HatPour;556;2;1.00;0.00;-0.60;-0.5;0.0;-170.5;true
HatPour;557;2;1.00;0.00;-0.60;-0.7;0.0;-170.7;true
HatPour;558;2;1.00;0.00;-0.60;-0.9;0.0;-170.9;true
HatPour;559;2;1.00;0.00;-0.60;-1.1;0.0;-171.1;true
HatPour;560;2;1.00;0.00;-0.60;-1.3;0.0;-171.3;true
HatPour;561;2;1.00;0.00;-0.60;-1.6;0.0;-171.6;true
HatPour;562;2;1.00;0.00;-0.60;-1.8;0.0;-171.8;true
HatPour;563;2;1.00;0.00;-0.60;-2.0;0.0;-172.0;true
HatPour;564;2;1.00;0.00;-0.60;-2.2;0.0;-172.2;true
HatPour;565;2;1.00;0.00;-0.60;-2.4;0.0;-172.4;true
HatPour;566;2;1.00;0.00;-0.60;-2.6;0.0;-172.6;true
HatPour;567;2;1.00;0.00;-0.60;-2.8;0.0;-172.8;true
HatPour;568;2;1.00;0.00;-0.60;-3.0;0.0;-173.0;true
HatPour;569;2;1.00;0.00;-0.60;-3.2;0.0;-173.2;true
HatPour;570;2;1.00;0.00;-0.60;-3.4;0.0;-173.4;true
HatPour;571;2;1.00;0.00;-0.60;-3.6;0.0;-173.6;true
HatPour;572;2;1.00;0.00;-0.60;-3.8;0.0;-173.8;true
HatPour;573;2;1.00;0.00;-0.60;-3.9;0.0;-173.9;true
HatPour;574;2;1.00;0.00;-0.60;-4.1;0.0;-174.1;true
HatPour;575;2;1.00;0.00;-0.60;-4.3;0.0;-174.3;true
HatPour;576;2;1.00;0.00;-0.60;-4.5;0.0;-174.5;true
HatPour;577;2;1.00;0.00;-0.60;-4.7;0.0;-174.7;true
HatPour;578;2;1.00;0.00;-0.60;-4.8;0.0;-174.8;true
HatPour;579;2;1.00;0.00;-0.60;-5.0;0.0;-175.0;true
HatPour;580;2;1.00;0.00;-0.60;-5.2;0.0;-175.2;true
HatPour;581;2;1.00;0.00;-0.60;-5.3;0.0;-175.3;true
HatPour;582;2;1.00;0.00;-0.60;-5.5;0.0;-175.5;true
HatPour;583;2;1.00;0.00;-0.60;-5.6;0.0;-175.6;true
HatPour;584;2;1.00;0.00;-0.60;-5.8;0.0;-175.8;true
HatPour;585;2;1.00;0.00;-0.60;-5.9;0.0;-175.9;true
HatPour;586;2;1.00;0.00;-0.60;-6.1;0.0;-176.1;true
HatPour;587;2;1.00;0.00;-0.60;-6.2;0.0;-176.2;true
HatPour;588;2;1.00;0.00;-0.60;-6.3;0.0;-176.3;true
HatPour;589;2;1.00;0.00;-0.60;-6.5;0.0;-176.5;true
HatPour;590;2;1.00;0.00;-0.60;-6.6;0.0;-176.6;true
HatPour;591;2;1.00;0.00;-0.60;-6.7;0.0;-176.7;true
HatPour;592;2;1.00;0.00;-0.60;-6.8;0.0;-176.8;true
HatPour;593;2;1.00;0.00;-0.60;-6.9;0.0;-176.9;true
HatPour;594;2;1.00;0.00;-0.60;-7.0;0.0;-177.0;true
HatPour;595;2;1.00;0.00;-0.60;-7.1;0.0;-177.1;true
HatPour;596;2;1.00;0.00;-0.60;-7.2;0.0;-177.2;true
HatPour;597;2;1.00;0.00;-0.60;-7.3;0.0;-177.3;true
HatPour;598;2;1.00;0.00;-0.60;-7.4;0.0;-177.4;true
HatPour;599;2;1.00;0.00;-0.60;-7.5;0.0;-177.5;true
HatPour;600;2;1.00;0.00;-0.60;-7.6;0.0;-177.6;true
HatPour;601;2;1.00;0.00;-0.60;-7.6;0.0;-177.6;true
HatPour;602;2;1.00;0.00;-0.60;-7.7;0.0;-177.7;true
HatPour;603;2;1.00;0.00;-0.60;-7.7;0.0;-177.7;true
HatPour;604;2;1.00;0.00;-0.60;-7.8;0.0;-177.8;true
HatPour;605;2;1.00;0.00;-0.60;-7.8;0.0;-177.8;true
HatPour;606;2;1.00;0.00;-0.60;-7.9;0.0;-177.9;true
HatPour;607;2;1.00;0.00;-0.60;-7.9;0.0;-177.9;true
HatPour;608;2;1.00;0.00;-0.60;-7.9;0.0;-177.9;true
HatPour;609;2;1.00;0.00;-0.60;-8.0;0.0;-178.0;true
HatPour;610;2;1.00;0.00;-0.60;-8.0;0.0;-178.0;true
HatPour;611;2;1.00;0.00;-0.60;-8.0;0.0;-178.0;true
HatPour;612;2;1.00;0.00;-0.60;-8.0;0.0;-178.0;true
HatPour;613;2;1.00;0.00;-0.60;-8.0;0.0;-178.0;true
HatPour;614;2;1.00;0.00;-0.60;-8.0;0.0;-178.0;true
HatPour;615;2;1.00;0.00;-0.60;-8.0;0.0;-178.0;true
HatPour;616;2;1.00;0.00;-0.60;-8.0;0.0;-178.0;true
HatPour;617;2;1.00;0.00;-0.60;-7.9;0.0;-177.9;true
HatPour;618;2;1.00;0.00;-0.60;-7.9;0.0;-177.9;true
HatPour;619;2;1.00;0.00;-0.60;-7.9;0.0;-177.9;true
HatPour;620;2;1.00;0.00;-0.60;-7.8;0.0;-177.8;true
HatPour;621;2;1.00;0.00;-0.60;-7.8;0.0;-177.8;true
HatPour;622;1;0.00;0.00;-0.58;-7.7;0.0;-177.7;true
HatPour;623;1;0.00;0.00;-0.55;-7.7;0.0;-177.7;true
HatPour;624;1;0.00;0.00;-0.53;-7.6;0.0;-177.6;true
HatPour;625;1;0.00;0.00;-0.50;-7.6;0.0;-177.6;true
HatPour;626;1;0.00;0.00;-0.48;-7.5;0.0;-177.5;true
HatPour;627;1;0.00;0.00;-0.45;-7.4;0.0;-177.4;true
HatPour;628;1;0.00;0.00;-0.43;-7.3;0.0;-177.3;true
HatPour;629;1;0.00;0.00;-0.40;-7.2;0.0;-177.2;true
HatPour;630;1;0.00;0.00;-0.38;-7.2;0.0;-177.2;true
HatPour;631;1;0.00;0.00;-0.35;-7.1;0.0;-177.1;true
HatPour;632;1;0.00;0.00;-0.33;-7.0;0.0;-177.0;true
HatPour;633;1;0.00;0.00;-0.30;-6.8;0.0;-176.8;true
HatPour;634;1;0.00;0.00;-0.28;-6.7;0.0;-176.7;true
HatPour;635;1;0.00;0.00;-0.25;-6.6;0.0;-176.6;true
HatPour;636;1;0.00;0.00;-0.23;-6.5;0.0;-176.5;true
HatPour;637;1;0.00;0.00;-0.20;-6.4;0.0;-176.4;true
HatPour;638;1;0.00;0.00;-0.18;-6.2;0.0;-176.2;true
HatPour;639;1;0.00;0.00;-0.15;-6.1;0.0;-176.1;true
HatPour;640;1;0.00;0.00;-0.13;-6.0;0.0;-176.0;true
HatPour;641;1;0.00;0.00;-0.10;-5.8;0.0;-175.8;true
HatPour;642;1;0.00;0.00;-0.08;-5.7;0.0;-175.7;true
HatPour;643;1;0.00;0.00;-0.05;-5.5;0.0;-175.5;true
HatPour;644;1;0.00;0.00;-0.03;-5.4;0.0;-175.4;true
HatPour;645;1;0.00;0.00;-0.00;-5.2;0.0;-175.2;true
HatPour;646;1;0.00;0.00;-0.00;-5.0;0.0;-175.0;true
HatPour;647;1;0.00;0.00;-0.00;-4.9;0.0;-174.9;true
HatPour;648;1;0.00;0.00;-0.00;-4.7;0.0;-174.7;true
HatPour;649;1;0.00;0.00;-0.00;-4.5;0.0;-174.5;true
HatPour;650;1;0.00;0.00;-0.00;-4.3;0.0;-174.3;true
HatPour;651;1;0.00;0.00;-0.00;-4.2;0.0;-174.2;true
HatPour;652;1;0.00;0.00;-0.00;-4.0;0.0;-174.0;true
HatPour;653;1;0.00;0.00;-0.00;-3.8;0.0;-173.8;true
HatPour;654;1;0.00;0.00;-0.00;-3.6;0.0;-173.6;true
HatPour;655;1;0.00;0.00;-0.00;-3.4;0.0;-173.4;true
HatPour;656;1;0.00;0.00;-0.00;-3.2;0.0;-173.2;true
HatPour;657;1;0.00;0.00;-0.00;-3.0;0.0;-173.0;true
HatPour;658;1;0.00;0.00;-0.00;-2.8;0.0;-172.8;true
HatPour;659;1;0.00;0.00;-0.00;-2.6;0.0;-172.6;true
HatPour;660;1;0.00;0.00;-0.00;-2.4;0.0;-172.4;true
HatPour;661;1;0.00;0.00;-0.00;-2.2;0.0;-172.2;true
HatPour;662;1;0.00;0.00;-0.00;-2.0;0.0;-172.0;true
HatPour;663;1;0.00;0.00;-0.00;-1.8;0.0;-171.8;true
HatPour;664;1;0.00;0.00;-0.00;-1.6;0.0;-171.6;true
HatPour;665;1;0.00;0.00;-0.00;-1.4;0.0;-171.4;true
HatPour;666;1;0.00;0.00;-0.00;-1.2;0.0;-171.2;true
HatPour;667;1;0.00;0.00;-0.00;-1.0;0.0;-171.0;true
HatPour;668;1;0.00;0.00;-0.00;-0.7;0.0;-170.7;true
HatPour;669;1;0.00;0.00;-0.00;-0.5;0.0;-170.5;true
HatPour;670;1;0.00;0.00;-0.00;-0.3;0.0;-170.3;true
HatPour;671;1;0.00;0.00;-0.00;-0.1;0.0;-170.1;true
HatPour;672;1;0.00;0.00;-0.00;0.1;0.0;-169.9;true
HatPour;673;1;0.00;0.00;-0.00;0.3;0.0;-169.7;true
HatPour;674;1;0.00;0.00;-0.00;0.5;0.0;-169.5;true
HatPour;675;1;0.00;0.00;-0.00;0.8;0.0;-169.2;true
HatPour;676;1;0.00;0.00;-0.00;1.0;0.0;-169.0;true
HatPour;677;1;0.00;0.00;-0.00;1.2;0.0;-168.8;true
HatPour;678;1;0.00;0.00;-0.00;1.4;0.0;-168.6;true
HatPour;679;1;0.00;0.00;-0.00;1.6;0.0;-168.4;true
HatPour;680;1;0.00;0.00;-0.00;1.8;0.0;-168.2;true
HatPour;681;1;0.00;0.00;-0.00;2.0;0.0;-168.0;true
HatPour;682;1;0.00;0.00;-0.00;2.2;0.0;-167.8;true
HatPour;683;1;0.00;0.00;-0.00;2.4;0.0;-167.6;true
HatPour;684;1;0.00;0.00;-0.00;2.6;0.0;-167.4;true
HatPour;685;1;0.00;0.00;-0.00;2.8;0.0;-167.2;true
HatPour;686;1;0.00;0.00;-0.00;3.0;0.0;-167.0;true
HatPour;687;1;0.00;0.00;-0.00;3.2;0.0;-166.8;true
HatPour;688;1;0.00;0.00;-0.00;3.4;0.0;-166.6;true
HatPour;689;1;0.00;0.00;-0.00;3.6;0.0;-166.4;true
HatPour;690;1;0.00;0.00;-0.00;3.8;0.0;-166.2;true
HatPour;691;1;0.00;0.00;-0.00;4.0;0.0;-166.0;true
HatPour;692;1;0.00;0.00;-0.00;4.2;0.0;-165.8;true
HatPour;693;1;0.00;0.00;-0.00;4.3;0.0;-165.7;true
HatPour;694;1;0.00;0.00;-0.00;4.5;0.0;-165.5;true
HatPour;695;1;0.00;0.00;-0.00;4.7;0.0;-165.3;true
HatPour;696;1;0.00;0.00;-0.00;4.9;0.0;-165.1;true
HatPour;697;1;0.00;0.00;-0.00;5.0;0.0;-165.0;true
HatPour;698;1;0.00;0.00;-0.00;5.2;0.0;-164.8;true
HatPour;699;1;0.00;0.00;-0.00;5.4;0.0;-164.6;true
HatPour;700;1;0.00;0.00;-0.00;5.5;0.0;-164.5;true
HatPour;701;1;0.00;0.00;-0.00;5.7;0.0;-164.3;true
HatPour;702;1;0.00;0.00;-0.00;5.8;0.0;-164.2;true
HatPour;703;1;0.00;0.00;-0.00;6.0;0.0;-164.0;true
HatPour;704;1;0.00;0.00;-0.00;6.1;0.0;-163.9;true
HatPour;705;1;0.00;0.00;-0.00;6.2;0.0;-163.8;true
GiantCards;706;3;0.00;0.00;0.00;6.4;0.0;-163.6;true
GiantCards;707;3;0.00;0.00;0.00;6.5;0.0;-163.5;true
GiantCards;708;3;0.00;0.00;0.00;6.6;0.0;-163.4;true
GiantCards;709;3;0.00;0.00;0.00;6.7;0.0;-163.3;true
GiantCards;710;3;0.00;0.00;0.00;6.8;0.0;-163.2;true
GiantCards;711;3;0.00;0.00;0.00;7.0;0.0;-163.0;true
GiantCards;712;3;0.00;0.00;0.00;7.1;0.0;-162.9;true
GiantCards;713;3;0.00;0.00;0.00;7.2;0.0;-162.8;true
GiantCards;714;3;0.00;0.00;0.00;7.2;0.0;-162.8;true
GiantCards;715;3;0.00;0.00;0.00;7.3;0.0;-162.7;true
GiantCards;716;3;0.00;0.00;0.00;7.4;0.0;-162.6;true
GiantCards;717;3;0.00;0.00;0.00;7.5;0.0;-162.5;true
GiantCards;718;3;0.00;0.00;0.00;7.6;0.0;-162.4;true
GiantCards;719;3;0.00;0.00;0.00;7.6;0.0;-162.4;true
GiantCards;720;3;0.00;0.00;0.00;7.7;0.0;-162.3;true
GiantCards;721;3;0.00;0.00;0.00;7.8;0.0;-162.2;true
GiantCards;722;1;0.00;0.00;0.00;7.8;0.0;-162.2;true
GiantCards;723;1;0.00;0.00;0.00;7.8;0.0;-162.2;true
GiantCards;724;1;0.00;0.00;0.00;7.9;0.0;-162.1;true
GiantCards;725;1;0.00;0.00;0.00;7.9;0.0;-162.1;true
GiantCards;726;1;0.00;0.00;0.00;7.9;0.0;-162.1;true
GiantCards;727;1;0.00;0.00;0.00;8.0;0.0;-162.0;true
GiantCards;728;1;0.00;0.00;0.00;8.0;0.0;-162.0;true
GiantCards;729;1;0.00;0.00;0.00;8.0;0.0;-162.0;true
GiantCards;730;1;0.00;0.00;0.00;8.0;0.0;-162.0;true
GiantCards;731;1;0.00;0.00;0.00;8.0;0.0;-162.0;true
GiantCards;732;1;0.00;0.00;0.00;8.0;0.0;-162.0;true
GiantCards;733;1;0.00;0.00;0.00;8.0;0.0;-162.0;true
GiantCards;734;1;0.00;0.00;0.00;8.0;0.0;-162.0;true
GiantCards;735;1;0.00;0.00;0.00;7.9;0.0;-162.1;true
GiantCards;736;1;0.00;0.00;0.00;7.9;0.0;-162.1;true
GiantCards;737;1;0.00;0.00;0.00;7.9;0.0;-162.1;true
GiantCards;738;1;0.00;0.00;0.00;7.8;0.0;-162.2;true
GiantCards;739;1;0.00;0.00;0.00;7.8;0.0;-162.2;true
GiantCards;740;1;0.00;0.00;0.00;7.7;0.0;-162.3;true
GiantCards;741;1;0.00;0.00;0.00;7.7;0.0;-162.3;true
GiantCards;742;1;0.00;0.00;0.00;7.6;0.0;-162.4;true
GiantCards;743;1;0.00;0.00;0.00;7.6;0.0;-162.4;true
GiantCards;744;1;0.00;0.00;0.00;7.5;0.0;-162.5;true
GiantCards;745;1;0.00;0.00;0.00;7.4;0.0;-162.6;true
GiantCards;746;1;0.00;0.00;0.00;7.3;0.0;-162.7;true
GiantCards;747;1;0.00;0.00;0.00;7.2;0.0;-162.8;true
GiantCards;748;1;0.00;0.00;0.00;7.1;0.0;-162.9;true
GiantCards;749;1;0.00;0.00;0.00;7.0;0.0;-163.0;true
GiantCards;750;1;0.00;0.00;0.00;6.9;0.0;-163.1;true
GiantCards;751;1;0.00;0.00;0.00;6.8;0.0;-163.2;true
GiantCards;752;1;0.00;0.00;0.00;6.7;0.0;-163.3;true
GiantCards;753;1;0.00;0.00;0.00;6.6;0.0;-163.4;true
GiantCards;754;1;0.00;0.00;0.00;6.5;0.0;-163.5;true
GiantCards;755;1;0.00;0.00;0.00;6.3;0.0;-163.7;true
GiantCards;756;1;0.00;0.00;0.00;6.2;0.0;-163.8;true
GiantCards;757;1;0.00;0.00;0.00;6.1;0.0;-163.9;true
GiantCards;758;1;0.00;0.00;0.00;5.9;0.0;-164.1;true
GiantCards;759;1;0.00;0.00;0.00;5.8;0.0;-164.2;true
GiantCards;760;1;0.00;0.00;0.00;5.6;0.0;-164.4;true
GiantCards;761;1;0.00;0.00;0.00;5.5;0.0;-164.5;true
GiantCards;762;1;0.00;0.00;0.00;5.3;0.0;-164.7;true
GiantCards;763;1;0.00;0.00;0.00;5.2;0.0;-164.8;true
GiantCards;764;1;0.00;0.00;0.00;5.0;0.0;-165.0;true
GiantCards;765;1;0.00;0.00;0.00;4.8;0.0;-165.2;true
GiantCards;766;3;0.00;0.00;0.00;4.7;0.0;-165.3;true
GiantCards;767;3;0.00;0.00;0.00;4.5;0.0;-165.5;true
GiantCards;768;3;0.00;0.00;0.00;4.3;0.0;-165.7;true
GiantCards;769;3;0.00;0.00;0.00;4.1;0.0;-165.9;true
GiantCards;770;3;0.00;0.00;0.00;3.9;0.0;-166.1;true
GiantCards;771;3;0.00;0.00;0.00;3.7;0.0;-166.3;true
GiantCards;772;3;0.00;0.00;0.00;3.6;0.0;-166.4;true
GiantCards;773;3;0.00;0.00;0.00;3.4;0.0;-166.6;true
GiantCards;774;3;0.00;0.00;0.00;3.2;0.0;-166.8;true
GiantCards;775;3;0.00;0.00;0.00;3.0;0.0;-167.0;true
GiantCards;776;3;0.00;0.00;0.00;2.8;0.0;-167.2;true
GiantCards;777;3;0.00;0.00;0.00;2.6;0.0;-167.4;true
GiantCards;778;3;0.00;0.00;0.00;2.4;0.0;-167.6;true
GiantCards;779;3;0.00;0.00;0.00;2.2;0.0;-167.8;true
GiantCards;780;3;0.00;0.00;0.00;2.0;0.0;-168.0;true
GiantCards;781;3;0.00;0.00;0.00;1.8;0.0;-168.2;true
GiantCards;782;1;0.00;0.00;0.00;1.5;0.0;-168.5;true
GiantCards;783;1;0.00;0.00;0.00;1.3;0.0;-168.7;true
GiantCards;784;1;0.00;0.00;0.00;1.1;0.0;-168.9;true
GiantCards;785;1;0.00;0.00;0.00;0.9;0.0;-169.1;true
GiantCards;786;1;0.00;0.00;0.00;0.7;0.0;-169.3;true
GiantCards;787;1;0.00;0.00;0.00;0.5;0.0;-169.5;true
GiantCards;788;1;0.00;0.00;0.00;0.3;0.0;-169.7;true
GiantCards;789;1;0.00;0.00;0.00;0.1;0.0;-169.9;true
GiantCards;790;1;0.00;0.00;0.00;-0.2;0.0;-170.2;true
GiantCards;791;1;0.00;0.00;0.00;-0.4;0.0;-170.4;true
GiantCards;792;1;0.00;0.00;0.00;-0.6;0.0;-170.6;true
GiantCards;793;1;0.00;0.00;0.00;-0.8;0.0;-170.8;true
GiantCards;794;1;0.00;0.00;0.00;-1.0;0.0;-171.0;true
GiantCards;795;1;0.00;0.00;0.00;-1.2;0.0;-171.2;true
GiantCards;796;1;0.00;0.00;0.00;-1.4;0.0;-171.4;true
GiantCards;797;1;0.00;0.00;0.00;-1.6;0.0;-171.6;true
GiantCards;798;1;0.00;0.00;0.00;-1.8;0.0;-171.8;true
GiantCards;799;1;0.00;0.00;0.00;-2.0;0.0;-172.0;true
GiantCards;800;1;0.00;0.00;0.00;-2.3;0.0;-172.3;true
GiantCards;801;1;0.00;0.00;0.00;-2.5;0.0;-172.5;true
GiantCards;802;1;0.00;0.00;0.00;-2.7;0.0;-172.7;true
GiantCards;803;1;0.00;0.00;0.00;-2.9;0.0;-172.9;true
GiantCards;804;1;0.00;0.00;0.00;-3.1;0.0;-173.1;true
GiantCards;805;1;0.00;0.00;0.00;-3.3;0.0;-173.3;true
GiantCards;806;1;0.00;0.00;0.00;-3.4;0.0;-173.4;true
GiantCards;807;1;0.00;0.00;0.00;-3.6;0.0;-173.6;true
GiantCards;808;1;0.00;0.00;0.00;-3.8;0.0;-173.8;true
GiantCards;809;1;0.00;0.00;0.00;-4.0;0.0;-174.0;true
GiantCards;810;1;0.00;0.00;0.00;-4.2;0.0;-174.2;true
GiantCards;811;1;0.00;0.00;0.00;-4.4;0.0;-174.4;true
GiantCards;812;1;0.00;0.00;0.00;-4.6;0.0;-174.6;true
GiantCards;813;1;0.00;0.00;0.00;-4.7;0.0;-174.7;true
GiantCards;814;1;0.00;0.00;0.00;-4.9;0.0;-174.9;true
GiantCards;815;1;0.00;0.00;0.00;-5.1;0.0;-175.1;true
GiantCards;816;1;0.00;0.00;0.00;-5.2;0.0;-175.2;true
GiantCards;817;1;0.00;0.00;0.00;-5.4;0.0;-175.4;true
GiantCards;818;1;0.00;0.00;0.00;-5.5;0.0;-175.5;true
GiantCards;819;1;0.00;0.00;0.00;-5.7;0.0;-175.7;true
GiantCards;820;1;0.00;0.00;0.00;-5.8;0.0;-175.8;true
GiantCards;821;1;0.00;0.00;0.00;-6.0;0.0;-176.0;true
GiantCards;822;1;0.00;0.00;0.00;-6.1;0.0;-176.1;true
GiantCards;823;1;0.00;0.00;0.00;-6.3;0.0;-176.3;true
GiantCards;824;1;0.00;0.00;0.00;-6.4;0.0;-176.4;true
GiantCards;825;1;0.00;0.00;0.00;-6.5;0.0;-176.5;true
GiantCards;826;3;0.00;0.00;0.00;-6.6;0.0;-176.6;true
GiantCards;827;3;0.00;0.00;0.00;-6.8;0.0;-176.8;true
GiantCards;828;3;0.00;0.00;0.00;-6.9;0.0;-176.9;true
GiantCards;829;3;0.00;0.00;0.00;-7.0;0.0;-177.0;true
GiantCards;830;3;0.00;0.00;0.00;-7.1;0.0;-177.1;true
GiantCards;831;3;0.00;0.00;0.00;-7.2;0.0;-177.2;true
GiantCards;832;3;0.00;0.00;0.00;-7.3;0.0;-177.3;true
GiantCards;833;3;0.00;0.00;0.00;-7.4;0.0;-177.4;true
GiantCards;834;3;0.00;0.00;0.00;-7.4;0.0;-177.4;true
GiantCards;835;3;0.00;0.00;0.00;-7.5;0.0;-177.5;true
GiantCards;836;3;0.00;0.00;0.00;-7.6;0.0;-177.6;true
GiantCards;837;3;0.00;0.00;0.00;-7.6;0.0;-177.6;true
GiantCards;838;3;0.00;0.00;0.00;-7.7;0.0;-177.7;true
GiantCards;839;3;0.00;0.00;0.00;-7.8;0.0;-177.8;true
GiantCards;840;3;0.00;0.00;0.00;-7.8;0.0;-177.8;true
GiantCards;841;3;0.00;0.00;0.00;-7.9;0.0;-177.9;true
GiantCards;842;1;0.00;0.00;0.00;-7.9;0.0;-177.9;true
GiantCards;843;1;0.00;0.00;0.00;-7.9;0.0;-177.9;true
GiantCards;844;1;0.00;0.00;0.00;-8.0;0.0;-178.0;true
GiantCards;845;1;0.00;0.00;0.00;-8.0;0.0;-178.0;true
GiantCards;846;1;0.00;0.00;0.00;-8.0;0.0;-178.0;true
GiantCards;847;1;0.00;0.00;0.00;-8.0;0.0;-178.0;true
GiantCards;848;1;0.00;0.00;0.00;-8.0;0.0;-178.0;true
GiantCards;849;1;0.00;0.00;0.00;-8.0;0.0;-178.0;true
GiantCards;850;1;0.00;0.00;0.00;-8.0;0.0;-178.0;true
GiantCards;851;1;0.00;0.00;0.00;-8.0;0.0;-178.0;true
GiantCards;852;1;0.00;0.00;0.00;-8.0;0.0;-178.0;true
GiantCards;853;1;0.00;0.00;0.00;-7.9;0.0;-177.9;true
GiantCards;854;1;0.00;0.00;0.00;-7.9;0.0;-177.9;true
GiantCards;855;1;0.00;0.00;0.00;-7.9;0.0;-177.9;true
GiantCards;856;1;0.00;0.00;0.00;-7.8;0.0;-177.8;true
GiantCards;857;1;0.00;0.00;0.00;-7.8;0.0;-177.8;true
GiantCards;858;1;0.00;0.00;0.00;-7.7;0.0;-177.7;true
GiantCards;859;1;0.00;0.00;0.00;-7.7;0.0;-177.7;true
GiantCards;860;1;0.00;0.00;0.00;-7.6;0.0;-177.6;true
GiantCards;861;1;0.00;0.00;0.00;-7.5;0.0;-177.5;true
GiantCards;862;1;0.00;0.00;0.00;-7.5;0.0;-177.5;true
GiantCards;863;1;0.00;0.00;0.00;-7.4;0.0;-177.4;true
GiantCards;864;1;0.00;0.00;0.00;-7.3;0.0;-177.3;true
GiantCards;865;1;0.00;0.00;0.00;-7.2;0.0;-177.2;true
GiantCards;866;1;0.00;0.00;0.00;-7.1;0.0;-177.1;true
GiantCards;867;1;0.00;0.00;0.00;-7.0;0.0;-177.0;true
GiantCards;868;1;0.00;0.00;0.00;-6.9;0.0;-176.9;true
GiantCards;869;1;0.00;0.00;0.00;-6.8;0.0;-176.8;true
GiantCards;870;1;0.00;0.00;0.00;-6.7;0.0;-176.7;true
GiantCards;871;1;0.00;0.00;0.00;-6.6;0.0;-176.6;true
GiantCards;872;1;0.00;0.00;0.00;-6.4;0.0;-176.4;true
GiantCards;873;1;0.00;0.00;0.00;-6.3;0.0;-176.3;true
GiantCards;874;1;0.00;0.00;0.00;-6.2;0.0;-176.2;true
GiantCards;875;1;0.00;0.00;0.00;-6.0;0.0;-176.0;true
GiantCards;876;1;0.00;0.00;0.00;-5.9;0.0;-175.9;true
GiantCards;877;1;0.00;0.00;0.00;-5.8;0.0;-175.8;true
GiantCards;878;1;0.00;0.00;0.00;-5.6;0.0;-175.6;true
GiantCards;879;1;0.00;0.00;0.00;-5.4;0.0;-175.4;true
GiantCards;880;1;0.00;0.00;0.00;-5.3;0.0;-175.3;true
GiantCards;881;1;0.00;0.00;0.00;-5.1;0.0;-175.1;true
GiantCards;882;1;0.00;0.00;0.00;-5.0;0.0;-175.0;true
GiantCards;883;1;0.00;0.00;0.00;-4.8;0.0;-174.8;true
GiantCards;884;1;0.00;0.00;0.00;-4.6;0.0;-174.6;true
GiantCards;885;1;0.00;0.00;0.00;-4.4;0.0;-174.4;true
GiantCards;886;3;0.00;0.00;0.00;-4.3;0.0;-174.3;true
GiantCards;887;3;0.00;0.00;0.00;-4.1;0.0;-174.1;true
GiantCards;888;3;0.00;0.00;0.00;-3.9;0.0;-173.9;true
GiantCards;889;3;0.00;0.00;0.00;-3.7;0.0;-173.7;true
GiantCards;890;3;0.00;0.00;0.00;-3.5;0.0;-173.5;true
GiantCards;891;3;0.00;0.00;0.00;-3.3;0.0;-173.3;true
GiantCards;892;3;0.00;0.00;0.00;-3.1;0.0;-173.1;true
GiantCards;893;3;0.00;0.00;0.00;-2.9;0.0;-172.9;true
GiantCards;894;3;0.00;0.00;0.00;-2.7;0.0;-172.7;true
GiantCards;895;3;0.00;0.00;0.00;-2.5;0.0;-172.5;true
GiantCards;896;3;0.00;0.00;0.00;-2.3;0.0;-172.3;true
GiantCards;897;3;0.00;0.00;0.00;-2.1;0.0;-172.1;true
GiantCards;898;3;0.00;0.00;0.00;-1.9;0.0;-171.9;true
GiantCards;899;3;0.00;0.00;0.00;-1.7;0.0;-171.7;true
GiantCards;900;3;0.00;0.00;0.00;-1.5;0.0;-171.5;true
GiantCards;901;3;0.00;0.00;0.00;-1.3;0.0;-171.3;true
GiantCards;902;1;0.00;0.00;0.00;-1.1;0.0;-171.1;true
GiantCards;903;1;0.00;0.00;0.00;-0.9;0.0;-170.9;true
GiantCards;904;1;0.00;0.00;0.00;-0.7;0.0;-170.7;true
GiantCards;905;1;0.00;0.00;0.00;-0.4;0.0;-170.4;true
GiantCards;906;1;0.00;0.00;0.00;-0.2;0.0;-170.2;true
GiantCards;907;1;0.00;0.00;0.00;-0.0;0.0;-170.0;true
GiantCards;908;1;0.00;0.00;0.00;0.2;0.0;-169.8;true
GiantCards;909;1;0.00;0.00;0.00;0.4;0.0;-169.6;true
GiantCards;910;1;0.00;0.00;0.00;0.6;0.0;-169.4;true
GiantCards;911;1;0.00;0.00;0.00;0.8;0.0;-169.2;true
GiantCards;912;1;0.00;0.00;0.00;1.0;0.0;-169.0;true
GiantCards;913;1;0.00;0.00;0.00;1.3;0.0;-168.7;true
GiantCards;914;1;0.00;0.00;0.00;1.5;0.0;-168.5;true
GiantCards;915;1;0.00;0.00;0.00;1.7;0.0;-168.3;true
GiantCards;916;1;0.00;0.00;0.00;1.9;0.0;-168.1;true
GiantCards;917;1;0.00;0.00;0.00;2.1;0.0;-167.9;true
GiantCards;918;1;0.00;0.00;0.00;2.3;0.0;-167.7;true
GiantCards;919;1;0.00;0.00;0.00;2.5;0.0;-167.5;true
GiantCards;920;1;0.00;0.00;0.00;2.7;0.0;-167.3;true
GiantCards;921;1;0.00;0.00;0.00;2.9;0.0;-167.1;true
GiantCards;922;1;0.00;0.00;0.00;3.1;0.0;-166.9;true
GiantCards;923;1;0.00;0.00;0.00;3.3;0.0;-166.7;true
GiantCards;924;1;0.00;0.00;0.00;3.5;0.0;-166.5;true
GiantCards;925;1;0.00;0.00;0.00;3.7;0.0;-166.3;true
GiantCards;926;1;0.00;0.00;0.00;3.9;0.0;-166.1;true
GiantCards;927;1;0.00;0.00;0.00;4.0;0.0;-166.0;true
GiantCards;928;1;0.00;0.00;0.00;4.2;0.0;-165.8;true
GiantCards;929;1;0.00;0.00;0.00;4.4;0.0;-165.6;true
GiantCards;930;1;0.00;0.00;0.00;4.6;0.0;-165.4;true
GiantCards;931;1;0.00;0.00;0.00;4.8;0.0;-165.2;true
GiantCards;932;1;0.00;0.00;0.00;4.9;0.0;-165.1;true
GiantCards;933;1;0.00;0.00;0.00;5.1;0.0;-164.9;true
GiantCards;934;1;0.00;0.00;0.00;5.3;0.0;-164.7;true
GiantCards;935;1;0.00;0.00;0.00;5.4;0.0;-164.6;true
GiantCards;936;1;0.00;0.00;0.00;5.6;0.0;-164.4;true
GiantCards;937;1;0.00;0.00;0.00;5.7;0.0;-164.3;true
GiantCards;938;1;0.00;0.00;0.00;5.9;0.0;-164.1;true
GiantCards;939;1;0.00;0.00;0.00;6.0;0.0;-164.0;true
GiantCards;940;1;0.00;0.00;0.00;6.2;0.0;-163.8;true
GiantCards;941;1;0.00;0.00;0.00;6.3;0.0;-163.7;true
GiantCards;942;1;0.00;0.00;0.00;6.4;0.0;-163.6;true
GiantCards;943;1;0.00;0.00;0.00;6.5;0.0;-163.5;true
GiantCards;944;1;0.00;0.00;0.00;6.7;0.0;-163.3;true
GiantCards;945;1;0.00;0.00;0.00;6.8;0.0;-163.2;true
GiantCards;946;3;0.00;0.00;0.00;6.9;0.0;-163.1;true
GiantCards;947;3;0.00;0.00;0.00;7.0;0.0;-163.0;true
GiantCards;948;3;0.00;0.00;0.00;7.1;0.0;-162.9;true
GiantCards;949;3;0.00;0.00;0.00;7.2;0.0;-162.8;true
GiantCards;950;3;0.00;0.00;0.00;7.3;0.0;-162.7;true
GiantCards;951;3;0.00;0.00;0.00;7.4;0.0;-162.6;true
GiantCards;952;3;0.00;0.00;0.00;7.4;0.0;-162.6;true
GiantCards;953;3;0.00;0.00;0.00;7.5;0.0;-162.5;true
GiantCards;954;3;0.00;0.00;0.00;7.6;0.0;-162.4;true
GiantCards;955;3;0.00;0.00;0.00;7.7;0.0;-162.3;true
GiantCards;956;3;0.00;0.00;0.00;7.7;0.0;-162.3;true
GiantCards;957;3;0.00;0.00;0.00;7.8;0.0;-162.2;true
GiantCards;958;3;0.00;0.00;0.00;7.8;0.0;-162.2;true
GiantCards;959;3;0.00;0.00;0.00;7.9;0.0;-162.1;true
GiantCards;960;3;0.00;0.00;0.00;7.9;0.0;-162.1;true
GiantCards;961;3;0.00;0.00;0.00;7.9;0.0;-162.1;true
GiantCards;962;1;0.00;0.00;0.00;8.0;0.0;-162.0;true
GiantCards;963;1;0.00;0.00;0.00;8.0;0.0;-162.0;true
GiantCards;964;1;0.00;0.00;0.00;8.0;0.0;-162.0;true
GiantCards;965;1;0.00;0.00;0.00;8.0;0.0;-162.0;true
GiantCards;966;1;0.00;0.00;0.00;8.0;0.0;-162.0;true
GiantCards;967;1;0.00;0.00;0.00;8.0;0.0;-162.0;true
GiantCards;968;1;0.00;0.00;0.00;8.0;0.0;-162.0;true
GiantCards;969;1;0.00;0.00;0.00;8.0;0.0;-162.0;true
GiantCards;970;1;0.00;0.00;0.00;8.0;0.0;-162.0;true
GiantCards;971;1;0.00;0.00;0.00;7.9;0.0;-162.1;true
GiantCards;972;1;0.00;0.00;0.00;7.9;0.0;-162.1;true
GiantCards;973;1;0.00;0.00;0.00;7.9;0.0;-162.1;true
GiantCards;974;1;0.00;0.00;0.00;7.8;0.0;-162.2;true
GiantCards;975;1;0.00;0.00;0.00;7.8;0.0;-162.2;true
GiantCards;976;1;0.00;0.00;0.00;7.7;0.0;-162.3;true
GiantCards;977;1;0.00;0.00;0.00;7.7;0.0;-162.3;true
GiantCards;978;1;0.00;0.00;0.00;7.6;0.0;-162.4;true
GiantCards;979;1;0.00;0.00;0.00;7.5;0.0;-162.5;true
GiantCards;980;1;0.00;0.00;0.00;7.4;0.0;-162.6;true
GiantCards;981;1;0.00;0.00;0.00;7.4;0.0;-162.6;true
GiantCards;982;1;0.00;0.00;0.00;7.3;0.0;-162.7;true
GiantCards;983;1;0.00;0.00;0.00;7.2;0.0;-162.8;true
GiantCards;984;1;0.00;0.00;0.00;7.1;0.0;-162.9;true
GiantCards;985;1;0.00;0.00;0.00;7.0;0.0;-163.0;true
GiantCards;986;1;0.00;0.00;0.00;6.9;0.0;-163.1;true
GiantCards;987;1;0.00;0.00;0.00;6.8;0.0;-163.2;true
GiantCards;988;1;0.00;0.00;0.00;6.7;0.0;-163.3;true
GiantCards;989;1;0.00;0.00;0.00;6.5;0.0;-163.5;true
GiantCards;990;1;0.00;0.00;0.00;6.4;0.0;-163.6;true
GiantCards;991;1;0.00;0.00;0.00;6.3;0.0;-163.7;true
GiantCards;992;1;0.00;0.00;0.00;6.2;0.0;-163.8;true
GiantCards;993;1;0.00;0.00;0.00;6.0;0.0;-164.0;true
GiantCards;994;1;0.00;0.00;0.00;5.9;0.0;-164.1;true
GiantCards;995;1;0.00;0.00;0.00;5.7;0.0;-164.3;true
GiantCards;996;1;0.00;0.00;0.00;5.6;0.0;-164.4;true
GiantCards;997;1;0.00;0.00;0.00;5.4;0.0;-164.6;true
GiantCards;998;1;0.00;0.00;0.00;5.3;0.0;-164.7;true
GiantCards;999;1;0.00;0.00;0.00;5.1;0.0;-164.9;true
GiantCards;1000;1;0.00;0.00;0.00;4.9;0.0;-165.1;true
GiantCards;1001;1;0.00;0.00;0.00;4.8;0.0;-165.2;true
GiantCards;1002;1;0.00;0.00;0.00;4.6;0.0;-165.4;true
GiantCards;1003;1;0.00;0.00;0.00;4.4;0.0;-165.6;true
GiantCards;1004;1;0.00;0.00;0.00;4.2;0.0;-165.8;true
GiantCards;1005;1;0.00;0.00;0.00;4.1;0.0;-165.9;true
Derrota;1006;1;0.00;0.00;0.00;3.9;0.0;-166.1;true
Derrota;1007;1;0.00;0.00;0.00;3.7;0.0;-166.3;true
Derrota;1008;1;0.00;0.00;0.00;3.5;0.0;-166.5;true
Derrota;1009;1;0.00;0.00;0.00;3.3;0.0;-166.7;true
Derrota;1010;1;0.00;0.00;0.00;3.1;0.0;-166.9;true
Derrota;1011;1;0.00;0.00;0.00;2.9;0.0;-167.1;true
Derrota;1012;1;0.00;0.00;0.00;2.7;0.0;-167.3;true
Derrota;1013;1;0.00;0.00;0.00;2.5;0.0;-167.5;true
Derrota;1014;1;0.00;0.00;0.00;2.3;0.0;-167.7;true
Derrota;1015;1;0.00;0.00;0.00;2.1;0.0;-167.9;true
Derrota;1016;1;0.00;0.00;0.00;1.9;0.0;-168.1;true
Derrota;1017;1;0.00;0.00;0.00;1.7;0.0;-168.3;true
Derrota;1018;1;0.00;0.00;0.00;1.5;0.0;-168.5;true
Derrota;1019;1;0.00;0.00;0.00;1.3;0.0;-168.7;true
Derrota;1020;1;0.00;0.00;0.00;1.0;0.0;-169.0;true
Derrota;1021;1;0.00;0.00;0.00;0.8;0.0;-169.2;true
Derrota;1022;1;0.00;0.00;0.00;0.6;0.0;-169.4;true
Derrota;1023;1;0.00;0.00;0.00;0.4;0.0;-169.6;true
Derrota;1024;1;0.00;0.00;0.00;0.2;0.0;-169.8;true
Derrota;1025;1;0.00;0.00;0.00;-0.0;0.0;-170.0;true
Derrota;1026;1;0.00;0.00;0.00;-0.2;0.0;-170.2;true
Derrota;1027;1;0.00;0.00;0.00;-0.4;0.0;-170.4;true
Derrota;1028;1;0.00;0.00;0.00;-0.7;0.0;-170.7;true
Derrota;1029;1;0.00;0.00;0.00;-0.9;0.0;-170.9;true
Derrota;1030;1;0.00;0.00;0.00;-1.1;0.0;-171.1;true
Derrota;1031;1;0.00;0.00;0.00;-1.3;0.0;-171.3;true
Derrota;1032;1;0.00;0.00;0.00;-1.5;0.0;-171.5;true
Derrota;1033;1;0.00;0.00;0.00;-1.7;0.0;-171.7;true
Derrota;1034;1;0.00;0.00;0.00;-1.9;0.0;-171.9;true
Derrota;1035;1;0.00;0.00;0.00;-2.1;0.0;-172.1;true
Derrota;1036;1;0.00;0.00;0.00;-2.3;0.0;-172.3;true
Derrota;1037;1;0.00;0.00;0.00;-2.5;0.0;-172.5;true
Derrota;1038;1;0.00;0.00;0.00;-2.7;0.0;-172.7;true
Derrota;1039;1;0.00;0.00;0.00;-2.9;0.0;-172.9;true
Derrota;1040;1;0.00;0.00;0.00;-3.1;0.0;-173.1;true
Derrota;1041;1;0.00;-0.00;0.00;-3.3;0.0;-173.3;true
Derrota;1042;1;0.00;-0.00;0.00;-3.5;0.0;-173.5;true
Derrota;1043;1;0.00;-0.00;0.00;-3.6;0.0;-173.7;true
Derrota;1044;1;0.00;-0.00;0.00;-3.7;0.0;-173.9;true
Derrota;1045;1;0.00;-0.00;0.00;-3.5;0.0;-174.0;true
Derrota;1046;1;0.00;-0.01;0.00;-3.3;0.0;-174.1;true
Derrota;1047;1;0.00;-0.01;0.00;-3.0;0.0;-174.3;true
Derrota;1048;1;0.00;-0.01;0.00;-2.6;0.0;-174.4;true
Derrota;1049;1;0.00;-0.02;0.00;-2.1;0.0;-174.5;true
Derrota;1050;1;0.00;-0.02;0.00;-1.6;0.0;-174.5;true
Derrota;1051;1;0.00;-0.03;0.00;-1.0;0.0;-174.6;true
Derrota;1052;1;0.00;-0.03;0.00;-0.3;0.0;-174.7;true
Derrota;1053;1;0.00;-0.03;0.00;0.4;0.0;-174.7;true
Derrota;1054;1;0.00;-0.04;0.00;1.2;0.0;-174.8;true
Derrota;1055;1;0.00;-0.04;0.00;1.9;0.0;-174.8;true
Derrota;1056;1;0.00;-0.05;0.00;2.7;0.0;-174.8;true
Derrota;1057;1;0.00;-0.05;0.00;3.5;0.0;-174.9;true
Derrota;1058;1;0.00;-0.06;0.00;4.4;0.0;-174.9;true
Derrota;1059;1;0.00;-0.06;0.00;5.2;0.0;-174.9;true
Derrota;1060;1;0.00;-0.07;0.00;6.0;0.0;-174.9;true
Derrota;1061;1;0.00;-0.07;0.00;6.8;0.0;-175.0;true
Derrota;1062;1;0.00;-0.08;0.00;7.5;0.0;-175.0;true
Derrota;1063;1;0.00;-0.08;0.00;8.2;0.0;-175.0;true
Derrota;1064;1;0.00;-0.09;0.00;8.9;0.0;-175.0;true
Derrota;1065;1;0.00;-0.09;0.00;9.5;0.0;-175.0;true
Derrota;1066;1;0.00;-0.09;0.00;10.1;0.0;-175.1;true
Derrota;1067;1;0.00;-0.09;0.00;10.5;0.0;-175.1;true
Derrota;1068;1;0.00;-0.10;0.00;10.9;0.0;-175.2;true
Derrota;1069;1;0.00;-0.10;0.00;11.3;0.0;-175.2;true
Derrota;1070;1;0.00;-0.10;0.00;11.5;0.0;-175.2;true
Derrota;1071;1;0.00;-0.10;0.00;11.6;0.0;-175.3;true
Derrota;1072;1;0.00;-0.10;0.00;11.6;0.0;-175.4;true
Derrota;1073;1;0.00;-0.10;0.00;11.5;0.0;-175.4;true
Derrota;1074;1;0.00;-0.10;0.00;11.3;0.0;-175.5;true
Derrota;1075;1;0.00;-0.09;0.00;10.9;0.0;-175.6;true
Derrota;1076;1;0.00;-0.09;0.00;10.4;0.0;-175.7;true
Derrota;1077;1;0.00;-0.09;0.00;9.8;0.0;-175.8;true
Derrota;1078;1;0.00;-0.08;0.00;8.9;0.0;-176.0;true
Derrota;1079;1;0.00;-0.08;0.00;8.0;0.0;-176.1;true
Derrota;1080;1;0.00;-0.07;0.00;6.8;0.0;-176.3;true
Derrota;1081;1;0.00;-0.06;0.00;5.4;0.0;-176.4;true
Derrota;1082;1;0.00;-0.05;0.00;3.9;0.0;-176.6;true
Derrota;1083;1;0.00;-0.04;0.00;2.2;0.0;-176.8;true
Derrota;1084;1;0.00;-0.03;0.00;0.2;0.0;-177.1;true
Derrota;1085;1;0.00;-0.02;0.00;-2.0;0.0;-177.3;true
Derrota;1086;1;0.00;-0.01;0.00;-4.4;0.0;-177.6;true
Derrota;1087;4;0.00;0.01;0.00;-7.0;0.0;-177.9;true
Derrota;1088;4;0.00;0.03;0.00;-9.9;0.0;-178.2;true
Derrota;1089;4;0.00;0.04;0.00;-13.0;0.0;-178.5;true
Derrota;1090;4;0.00;0.06;0.00;-16.4;0.0;-178.9;true
Derrota;1091;4;0.00;0.08;0.00;-20.0;0.0;-179.3;true
Derrota;1092;4;0.00;0.11;0.00;-24.0;0.0;-179.7;true
Derrota;1093;4;0.00;0.13;0.00;-28.2;0.0;-180.1;true
Derrota;1094;4;0.00;0.16;0.00;-32.7;0.0;-180.6;true
Derrota;1095;4;0.00;0.18;0.00;-37.6;0.0;-181.1;true
Derrota;1096;4;0.00;0.21;0.00;-42.7;0.0;-181.7;true
Derrota;1097;4;0.00;0.24;0.00;-48.2;0.0;-182.3;true
Derrota;1098;4;0.00;0.27;0.00;-54.0;0.0;-182.9;true
Derrota;1099;4;0.00;0.31;0.00;-60.1;0.0;-183.6;true
Derrota;1100;4;0.00;0.34;0.00;-66.6;0.0;-184.3;true
Derrota;1101;4;0.00;0.38;0.00;-73.5;0.0;-185.0;true
Derrota;1102;4;0.00;0.42;0.00;-80.7;0.0;-185.8;true
Derrota;1103;4;0.00;0.46;0.00;-88.3;0.0;-186.7;true
Derrota;1104;4;0.00;0.51;0.00;-96.3;0.0;-187.6;true
Derrota;1105;4;0.00;0.55;0.00;-104.7;0.0;-188.5;true
Derrota;1106;4;0.00;0.60;0.00;-113.6;0.0;-189.6;true
Derrota;1107;4;0.00;0.65;0.00;-122.8;0.0;-190.6;true
Derrota;1108;4;0.00;0.70;0.00;-132.5;0.0;-191.8;true
Derrota;1109;4;0.00;0.76;0.00;-142.6;0.0;-193.0;true
Derrota;1110;4;0.00;0.82;0.00;-153.1;0.0;-194.2;true
Derrota;1111;4;0.00;0.87;0.00;-164.1;0.0;-195.6;true
Derrota;1112;4;0.00;0.94;0.00;-175.6;0.0;-197.0;true
Derrota;1113;4;0.00;1.00;0.00;-187.6;0.0;-198.4;true
Derrota;1114;4;0.00;1.00;0.00;-200.0;0.0;-200.0;false
Derrota;1115;4;0.00;1.00;0.00;-200.0;0.0;-200.0;false
Derrota;1116;4;0.00;1.00;0.00;-200.0;0.0;-200.0;false
Derrota;1117;4;0.00;1.00;0.00;-200.0;0.0;-200.0;false
Derrota;1118;4;0.00;1.00;0.00;-200.0;0.0;-200.0;false
Derrota;1119;4;0.00;1.00;0.00;-200.0;0.0;-200.0;false
Derrota;1120;4;0.00;1.00;0.00;-200.0;0.0;-200.0;false
Derrota;1121;4;0.00;1.00;0.00;-200.0;0.0;-200.0;false
Derrota;1122;4;0.00;1.00;0.00;-200.0;0.0;-200.0;false
Derrota;1123;4;0.00;1.00;0.00;-200.0;0.0;-200.0;false
Derrota;1124;4;0.00;1.00;0.00;-200.0;0.0;-200.0;false
Derrota;1125;4;0.00;1.00;0.00;-200.0;0.0;-200.0;false
Derrota;1126;4;0.00;1.00;0.00;-200.0;0.0;-200.0;false
Derrota;1127;4;0.00;1.00;0.00;-200.0;0.0;-200.0;false
Derrota;1128;4;0.00;1.00;0.00;-200.0;0.0;-200.0;false
Derrota;1129;4;0.00;1.00;0.00;-200.0;0.0;-200.0;false
Derrota;1130;4;0.00;1.00;0.00;-200.0;0.0;-200.0;false
Derrota;1131;4;0.00;1.00;0.00;-200.0;0.0;-200.0;false
Derrota;1132;4;0.00;1.00;0.00;-200.0;0.0;-200.0;false
Derrota;1133;4;0.00;1.00;0.00;-200.0;0.0;-200.0;false
Derrota;1134;4;0.00;1.00;0.00;-200.0;0.0;-200.0;false
Derrota;1135;4;0.00;1.00;0.00;-200.0;0.0;-200.0;false
Derrota;1136;4;0.00;1.00;0.00;-200.0;0.0;-200.0;false
Derrota;1137;4;0.00;1.00;0.00;-200.0;0.0;-200.0;false
Derrota;1138;4;0.00;1.00;0.00;-200.0;0.0;-200.0;false
Derrota;1139;4;0.00;1.00;0.00;-200.0;0.0;-200.0;false
Derrota;1140;4;0.00;1.00;0.00;-200.0;0.0;-200.0;false
Derrota;1141;4;0.00;1.00;0.00;-200.0;0.0;-200.0;false
Derrota;1142;4;0.00;1.00;0.00;-200.0;0.0;-200.0;false
Derrota;1143;4;0.00;1.00;0.00;-200.0;0.0;-200.0;false
Derrota;1144;4;0.00;1.00;0.00;-200.0;0.0;-200.0;false
Derrota;1145;4;0.00;1.00;0.00;-200.0;0.0;-200.0;false
Derrota;1146;4;0.00;1.00;0.00;-200.0;0.0;-200.0;false
Derrota;1147;4;0.00;1.00;0.00;-200.0;0.0;-200.0;false
Derrota;1148;4;0.00;1.00;0.00;-200.0;0.0;-200.0;false
Derrota;1149;4;0.00;1.00;0.00;-200.0;0.0;-200.0;false
Derrota;1150;4;0.00;1.00;0.00;-200.0;0.0;-200.0;false
Derrota;1151;4;0.00;1.00;0.00;-200.0;0.0;-200.0;false
Derrota;1152;4;0.00;1.00;0.00;-200.0;0.0;-200.0;false
Derrota;1153;4;0.00;1.00;0.00;-200.0;0.0;-200.0;false
Derrota;1154;4;0.00;1.00;0.00;-200.0;0.0;-200.0;false
Derrota;1155;4;0.00;1.00;0.00;-200.0;0.0;-200.0;false
