ataque;salva;alvo;estrategia_alvo;menor_dist;acertou_alvo;acertou_outro;giro_graus;parou
0;0;P1;parry;107.2;false;false;34;false
0;1;P2;parry;176.3;false;false;36;false
0;2;P1;parry;147.7;false;true;67;false
1;0;P2;parry;0.0;true;true;10;false
1;1;P1;parry;0.0;true;false;55;false
1;2;P2;parry;0.0;true;true;20;false
2;0;P1;parry;111.2;false;false;49;false
2;1;P2;parry;0.0;true;true;24;false
2;2;P1;parry;0.0;true;true;40;false
3;0;P2;parry;0.0;true;true;19;false
3;1;P1;parry;196.2;false;true;30;false
3;2;P2;parry;0.0;true;false;22;false
4;0;P1;parry;80.0;false;false;9;false
4;1;P2;parry;0.0;true;true;10;false
4;2;P1;parry;0.0;true;true;40;false
5;0;P2;parry;0.0;true;true;24;false
5;1;P1;parry;0.0;true;false;55;false
5;2;P2;parry;0.0;true;true;21;false
