ataque;quadro;pose;arte;desenho;pes_x;pes_y;facing;vanish;eyes_only;leva_tiro;machuca
;1;idle;true;1;1560.0;1000.0;-1;0.00;false;true;true
;2;idle;true;1;1560.0;1000.0;-1;0.00;false;true;true
;3;idle;true;1;1560.0;1000.0;-1;0.00;false;true;true
;4;idle;true;1;1560.0;1000.0;-1;0.00;false;true;true
;5;idle;true;1;1560.0;1000.0;-1;0.00;false;true;true
;6;idle;true;1;1560.0;1000.0;-1;0.00;false;true;true
;7;idle;true;1;1560.0;1000.0;-1;0.00;false;true;true
;8;idle;true;1;1560.0;1000.0;-1;0.00;false;true;true
;9;idle;true;2;1560.0;1000.0;-1;0.00;false;true;true
;10;idle;true;2;1560.0;1000.0;-1;0.00;false;true;true
;11;idle;true;2;1560.0;1000.0;-1;0.00;false;true;true
;12;idle;true;2;1560.0;1000.0;-1;0.00;false;true;true
;13;idle;true;2;1560.0;1000.0;-1;0.00;false;true;true
;14;idle;true;2;1560.0;1000.0;-1;0.00;false;true;true
;15;idle;true;2;1560.0;1000.0;-1;0.00;false;true;true
;16;idle;true;2;1560.0;1000.0;-1;0.00;false;true;true
;17;idle;true;2;1560.0;1000.0;-1;0.00;false;true;true
;18;idle;true;2;1560.0;1000.0;-1;0.00;false;true;true
;19;idle;true;3;1560.0;1000.0;-1;0.00;false;true;true
;20;idle;true;3;1560.0;1000.0;-1;0.00;false;true;true
;21;idle;true;3;1560.0;1000.0;-1;0.00;false;true;true
;22;idle;true;3;1560.0;1000.0;-1;0.00;false;true;true
;23;idle;true;3;1560.0;1000.0;-1;0.00;false;true;true
;24;idle;true;3;1560.0;1000.0;-1;0.00;false;true;true
;25;idle;true;3;1560.0;1000.0;-1;0.00;false;true;true
;26;idle;true;3;1560.0;1000.0;-1;0.00;false;true;true
;27;idle;true;3;1560.0;1000.0;-1;0.00;false;true;true
;28;idle;true;3;1560.0;1000.0;-1;0.00;false;true;true
;29;idle;true;4;1560.0;1000.0;-1;0.00;false;true;true
;30;idle;true;4;1560.0;1000.0;-1;0.00;false;true;true
;31;idle;true;4;1560.0;1000.0;-1;0.00;false;true;true
;32;idle;true;4;1560.0;1000.0;-1;0.00;false;true;true
;33;idle;true;4;1560.0;1000.0;-1;0.00;false;true;true
;34;idle;true;4;1560.0;1000.0;-1;0.00;false;true;true
;35;idle;true;4;1560.0;1000.0;-1;0.00;false;true;true
;36;idle;true;4;1560.0;1000.0;-1;0.00;false;true;true
;37;idle;true;4;1560.0;1000.0;-1;0.00;false;true;true
;38;idle;true;4;1560.0;1000.0;-1;0.00;false;true;true
;39;idle;true;1;1560.0;1000.0;-1;0.00;false;true;true
;40;idle;true;1;1560.0;1000.0;-1;0.00;false;true;true
;41;idle;true;1;1560.0;1000.0;-1;0.00;false;true;true
;42;idle;true;1;1560.0;1000.0;-1;0.00;false;true;true
;43;idle;true;1;1560.0;1000.0;-1;0.00;false;true;true
;44;idle;true;1;1560.0;1000.0;-1;0.00;false;true;true
;45;idle;true;1;1560.0;1000.0;-1;0.00;false;true;true
;46;idle;true;1;1560.0;1000.0;-1;0.00;false;true;true
;47;idle;true;1;1560.0;1000.0;-1;0.00;false;true;true
;48;idle;true;1;1560.0;1000.0;-1;0.00;false;true;true
;49;idle;true;2;1560.0;1000.0;-1;0.00;false;true;true
;50;idle;true;2;1560.0;1000.0;-1;0.00;false;true;true
;51;idle;true;2;1560.0;1000.0;-1;0.00;false;true;true
;52;idle;true;2;1560.0;1000.0;-1;0.00;false;true;true
;53;idle;true;2;1560.0;1000.0;-1;0.00;false;true;true
;54;idle;true;2;1560.0;1000.0;-1;0.00;false;true;true
;55;idle;true;2;1560.0;1000.0;-1;0.00;false;true;true
;56;idle;true;2;1560.0;1000.0;-1;0.00;false;true;true
;57;idle;true;2;1560.0;1000.0;-1;0.00;false;true;true
;58;idle;true;2;1560.0;1000.0;-1;0.00;false;true;true
;59;idle;true;3;1560.0;1000.0;-1;0.00;false;true;true
;60;idle;true;3;1560.0;1000.0;-1;0.00;false;true;true
;61;idle;true;3;1560.0;1000.0;-1;0.00;false;true;true
;62;idle;true;3;1560.0;1000.0;-1;0.00;false;true;true
;63;idle;true;3;1560.0;1000.0;-1;0.00;false;true;true
;64;idle;true;3;1560.0;1000.0;-1;0.00;false;true;true
;65;idle;true;3;1560.0;1000.0;-1;0.00;false;true;true
;66;idle;true;3;1560.0;1000.0;-1;0.00;false;true;true
;67;idle;true;3;1560.0;1000.0;-1;0.00;false;true;true
;68;idle;true;3;1560.0;1000.0;-1;0.00;false;true;true
;69;idle;true;4;1560.0;1000.0;-1;0.00;false;true;true
;70;idle;true;4;1560.0;1000.0;-1;0.00;false;true;true
;71;idle;true;4;1560.0;1000.0;-1;0.00;false;true;true
;72;idle;true;4;1560.0;1000.0;-1;0.00;false;true;true
;73;idle;true;4;1560.0;1000.0;-1;0.00;false;true;true
;74;idle;true;4;1560.0;1000.0;-1;0.00;false;true;true
;75;idle;true;4;1560.0;1000.0;-1;0.00;false;true;true
;76;idle;true;4;1560.0;1000.0;-1;0.00;false;true;true
;77;idle;true;4;1560.0;1000.0;-1;0.00;false;true;true
;78;idle;true;4;1560.0;1000.0;-1;0.00;false;true;true
;79;idle;true;1;1560.0;1000.0;-1;0.00;false;true;true
;80;idle;true;1;1560.0;1000.0;-1;0.00;false;true;true
;81;idle;true;1;1560.0;1000.0;-1;0.00;false;true;true
;82;idle;true;1;1560.0;1000.0;-1;0.00;false;true;true
;83;idle;true;1;1560.0;1000.0;-1;0.00;false;true;true
;84;idle;true;1;1560.0;1000.0;-1;0.00;false;true;true
;85;idle;true;1;1560.0;1000.0;-1;0.00;false;true;true
;86;idle;true;1;1560.0;1000.0;-1;0.00;false;true;true
;87;idle;true;1;1560.0;1000.0;-1;0.00;false;true;true
;88;idle;true;1;1560.0;1000.0;-1;0.00;false;true;true
;89;idle;true;2;1560.0;1000.0;-1;0.00;false;true;true
;90;idle;true;2;1560.0;1000.0;-1;0.00;false;true;true
CardFan;91;cast;false;0;1560.0;1000.0;-1;0.00;false;true;true
CardFan;92;cast;false;0;1560.0;1000.0;-1;0.00;false;true;true
CardFan;93;cast;false;0;1560.0;1000.0;-1;0.00;false;true;true
CardFan;94;cast;false;0;1560.0;1000.0;-1;0.00;false;true;true
CardFan;95;cast;false;0;1560.0;1000.0;-1;0.00;false;true;true
CardFan;96;cast;false;0;1560.0;1000.0;-1;0.00;false;true;true
CardFan;97;cast;false;0;1560.0;1000.0;-1;0.00;false;true;true
CardFan;98;cast;false;0;1560.0;1000.0;-1;0.00;false;true;true
CardFan;99;cast;false;0;1560.0;1000.0;-1;0.00;false;true;true
CardFan;100;cast;false;0;1560.0;1000.0;-1;0.00;false;true;true
CardFan;101;cast;false;0;1560.0;1000.0;-1;0.00;false;true;true
CardFan;102;cast;false;0;1560.0;1000.0;-1;0.00;false;true;true
CardFan;103;cast;false;0;1560.0;1000.0;-1;0.00;false;true;true
CardFan;104;cast;false;0;1560.0;1000.0;-1;0.00;false;true;true
CardFan;105;cast;false;0;1560.0;1000.0;-1;0.00;false;true;true
CardFan;106;cast;false;0;1560.0;1000.0;-1;0.00;false;true;true
CardFan;107;cast;false;0;1560.0;1000.0;-1;0.00;false;true;true
CardFan;108;cast;false;0;1560.0;1000.0;-1;0.00;false;true;true
CardFan;109;cast;false;0;1560.0;1000.0;-1;0.00;false;true;true
CardFan;110;cast;false;0;1560.0;1000.0;-1;0.00;false;true;true
CardFan;111;cast;false;0;1560.0;1000.0;-1;0.00;false;true;true
CardFan;112;cast;false;0;1560.0;1000.0;-1;0.00;false;true;true
CardFan;113;cast;false;0;1560.0;1000.0;-1;0.00;false;true;true
CardFan;114;cast;false;0;1560.0;1000.0;-1;0.00;false;true;true
CardFan;115;cast;false;0;1560.0;1000.0;-1;0.00;false;true;true
CardFan;116;cast;false;0;1560.0;1000.0;-1;0.00;false;true;true
CardFan;117;cast;false;0;1560.0;1000.0;-1;0.00;false;true;true
CardFan;118;cast;false;0;1560.0;1000.0;-1;0.00;false;true;true
CardFan;119;cast;false;0;1560.0;1000.0;-1;0.00;false;true;true
CardFan;120;cast;false;0;1560.0;1000.0;-1;0.00;false;true;true
CardFan;121;cast;false;0;1560.0;1000.0;-1;0.00;false;true;true
CardFan;122;cast;false;0;1560.0;1000.0;-1;0.00;false;true;true
CardFan;123;throw;false;0;1560.0;1000.0;-1;0.00;false;true;true
CardFan;124;throw;false;0;1560.0;1000.0;-1;0.00;false;true;true
CardFan;125;throw;false;0;1560.0;1000.0;-1;0.00;false;true;true
CardFan;126;throw;false;0;1560.0;1000.0;-1;0.00;false;true;true
CardFan;127;throw;false;0;1560.0;1000.0;-1;0.00;false;true;true
CardFan;128;throw;false;0;1560.0;1000.0;-1;0.00;false;true;true
CardFan;129;throw;false;0;1560.0;1000.0;-1;0.00;false;true;true
CardFan;130;throw;false;0;1560.0;1000.0;-1;0.00;false;true;true
CardFan;131;throw;false;0;1560.0;1000.0;-1;0.00;false;true;true
CardFan;132;idle;true;2;1560.0;1000.0;-1;0.00;false;true;true
CardFan;133;idle;true;2;1560.0;1000.0;-1;0.00;false;true;true
CardFan;134;idle;true;2;1560.0;1000.0;-1;0.00;false;true;true
CardFan;135;idle;true;2;1560.0;1000.0;-1;0.00;false;true;true
CardFan;136;idle;true;2;1560.0;1000.0;-1;0.00;false;true;true
CardFan;137;idle;true;2;1560.0;1000.0;-1;0.00;false;true;true
CardFan;138;idle;true;2;1560.0;1000.0;-1;0.00;false;true;true
CardFan;139;idle;true;3;1560.0;1000.0;-1;0.00;false;true;true
CardFan;140;idle;true;3;1560.0;1000.0;-1;0.00;false;true;true
CardFan;141;idle;true;3;1560.0;1000.0;-1;0.00;false;true;true
CardFan;142;idle;true;3;1560.0;1000.0;-1;0.00;false;true;true
CardFan;143;idle;true;3;1560.0;1000.0;-1;0.00;false;true;true
CardFan;144;idle;true;3;1560.0;1000.0;-1;0.00;false;true;true
CardFan;145;idle;true;3;1560.0;1000.0;-1;0.00;false;true;true
CardFan;146;idle;true;3;1560.0;1000.0;-1;0.00;false;true;true
CardFan;147;idle;true;3;1560.0;1000.0;-1;0.00;false;true;true
CardFan;148;idle;true;3;1560.0;1000.0;-1;0.00;false;true;true
CardFan;149;idle;true;4;1560.0;1000.0;-1;0.00;false;true;true
CardFan;150;idle;true;4;1560.0;1000.0;-1;0.00;false;true;true
CardFan;151;idle;true;4;1560.0;1000.0;-1;0.00;false;true;true
CardFan;152;idle;true;4;1560.0;1000.0;-1;0.00;false;true;true
CardFan;153;throw;false;0;1560.0;1000.0;-1;0.00;false;true;true
CardFan;154;throw;false;0;1560.0;1000.0;-1;0.00;false;true;true
CardFan;155;throw;false;0;1560.0;1000.0;-1;0.00;false;true;true
CardFan;156;throw;false;0;1560.0;1000.0;-1;0.00;false;true;true
CardFan;157;throw;false;0;1560.0;1000.0;-1;0.00;false;true;true
CardFan;158;throw;false;0;1560.0;1000.0;-1;0.00;false;true;true
CardFan;159;throw;false;0;1560.0;1000.0;-1;0.00;false;true;true
CardFan;160;throw;false;0;1560.0;1000.0;-1;0.00;false;true;true
CardFan;161;throw;false;0;1560.0;1000.0;-1;0.00;false;true;true
CardFan;162;throw;false;0;1560.0;1000.0;-1;0.00;false;true;true
CardFan;163;throw;false;0;1560.0;1000.0;-1;0.00;false;true;true
CardFan;164;throw;false;0;1560.0;1000.0;-1;0.00;false;true;true
CardFan;165;throw;false;0;1560.0;1000.0;-1;0.00;false;true;true
CardFan;166;throw;false;0;1560.0;1000.0;-1;0.00;false;true;true
CardFan;167;throw;false;0;1560.0;1000.0;-1;0.00;false;true;true
CardFan;168;throw;false;0;1560.0;1000.0;-1;0.00;false;true;true
CardFan;169;throw;false;0;1560.0;1000.0;-1;0.00;false;true;true
CardFan;170;throw;false;0;1560.0;1000.0;-1;0.00;false;true;true
CardFan;171;idle;true;2;1560.0;1000.0;-1;0.00;false;true;true
CardFan;172;idle;true;2;1560.0;1000.0;-1;0.00;false;true;true
CardFan;173;idle;true;2;1560.0;1000.0;-1;0.00;false;true;true
CardFan;174;idle;true;2;1560.0;1000.0;-1;0.00;false;true;true
CardFan;175;idle;true;2;1560.0;1000.0;-1;0.00;false;true;true
CardFan;176;idle;true;2;1560.0;1000.0;-1;0.00;false;true;true
CardFan;177;idle;true;2;1560.0;1000.0;-1;0.00;false;true;true
CardFan;178;idle;true;2;1560.0;1000.0;-1;0.00;false;true;true
CardFan;179;idle;true;3;1560.0;1000.0;-1;0.00;false;true;true
CardFan;180;idle;true;3;1560.0;1000.0;-1;0.00;false;true;true
CardFan;181;idle;true;3;1560.0;1000.0;-1;0.00;false;true;true
CardFan;182;idle;true;3;1560.0;1000.0;-1;0.00;false;true;true
CardFan;183;idle;true;3;1560.0;1000.0;-1;0.00;false;true;true
CardFan;184;idle;true;3;1560.0;1000.0;-1;0.00;false;true;true
CardFan;185;idle;true;3;1560.0;1000.0;-1;0.00;false;true;true
CardFan;186;idle;true;3;1560.0;1000.0;-1;0.00;false;true;true
CardFan;187;idle;true;3;1560.0;1000.0;-1;0.00;false;true;true
CardFan;188;idle;true;3;1560.0;1000.0;-1;0.00;false;true;true
CardFan;189;idle;true;4;1560.0;1000.0;-1;0.00;false;true;true
CardFan;190;idle;true;4;1560.0;1000.0;-1;0.00;false;true;true
CardFan;191;idle;true;4;1560.0;1000.0;-1;0.00;false;true;true
CardFan;192;idle;true;4;1560.0;1000.0;-1;0.00;false;true;true
CardFan;193;throw;false;0;1560.0;1000.0;-1;0.00;false;true;true
CardFan;194;throw;false;0;1560.0;1000.0;-1;0.00;false;true;true
CardFan;195;throw;false;0;1560.0;1000.0;-1;0.00;false;true;true
CardFan;196;throw;false;0;1560.0;1000.0;-1;0.00;false;true;true
CardFan;197;throw;false;0;1560.0;1000.0;-1;0.00;false;true;true
CardFan;198;throw;false;0;1560.0;1000.0;-1;0.00;false;true;true
CardFan;199;throw;false;0;1560.0;1000.0;-1;0.00;false;true;true
CardFan;200;throw;false;0;1560.0;1000.0;-1;0.00;false;true;true
CardFan;201;throw;false;0;1560.0;1000.0;-1;0.00;false;true;true
CardFan;202;throw;false;0;1560.0;1000.0;-1;0.00;false;true;true
CardFan;203;throw;false;0;1560.0;1000.0;-1;0.00;false;true;true
CardFan;204;throw;false;0;1560.0;1000.0;-1;0.00;false;true;true
CardFan;205;throw;false;0;1560.0;1000.0;-1;0.00;false;true;true
CardFan;206;throw;false;0;1560.0;1000.0;-1;0.00;false;true;true
CardFan;207;throw;false;0;1560.0;1000.0;-1;0.00;false;true;true
CardFan;208;throw;false;0;1560.0;1000.0;-1;0.00;false;true;true
CardFan;209;throw;false;0;1560.0;1000.0;-1;0.00;false;true;true
CardFan;210;throw;false;0;1560.0;1000.0;-1;0.00;false;true;true
CardFan;211;idle;true;2;1560.0;1000.0;-1;0.00;false;true;true
CardFan;212;idle;true;2;1560.0;1000.0;-1;0.00;false;true;true
CardFan;213;idle;true;2;1560.0;1000.0;-1;0.00;false;true;true
CardFan;214;idle;true;2;1560.0;1000.0;-1;0.00;false;true;true
CardFan;215;idle;true;2;1560.0;1000.0;-1;0.00;false;true;true
CardFan;216;idle;true;2;1560.0;1000.0;-1;0.00;false;true;true
CardFan;217;idle;true;2;1560.0;1000.0;-1;0.00;false;true;true
CardFan;218;idle;true;2;1560.0;1000.0;-1;0.00;false;true;true
CardFan;219;idle;true;3;1560.0;1000.0;-1;0.00;false;true;true
CardFan;220;idle;true;3;1560.0;1000.0;-1;0.00;false;true;true
CardFan;221;idle;true;3;1560.0;1000.0;-1;0.00;false;true;true
CardFan;222;idle;true;3;1560.0;1000.0;-1;0.00;false;true;true
CardFan;223;idle;true;3;1560.0;1000.0;-1;0.00;false;true;true
CardFan;224;idle;true;3;1560.0;1000.0;-1;0.00;false;true;true
CardFan;225;idle;true;3;1560.0;1000.0;-1;0.00;false;true;true
CardFan;226;idle;true;3;1560.0;1000.0;-1;0.00;false;true;true
CardFan;227;idle;true;3;1560.0;1000.0;-1;0.00;false;true;true
CardFan;228;idle;true;3;1560.0;1000.0;-1;0.00;false;true;true
CardFan;229;idle;true;4;1560.0;1000.0;-1;0.00;false;true;true
CardFan;230;idle;true;4;1560.0;1000.0;-1;0.00;false;true;true
CardFan;231;idle;true;4;1560.0;1000.0;-1;0.00;false;true;true
CardFan;232;idle;true;4;1560.0;1000.0;-1;0.00;false;true;true
CardFan;233;idle;true;4;1560.0;1000.0;-1;0.00;false;true;true
CardFan;234;idle;true;4;1560.0;1000.0;-1;0.00;false;true;true
CardFan;235;idle;true;4;1560.0;1000.0;-1;0.00;false;true;true
CardFan;236;idle;true;4;1560.0;1000.0;-1;0.00;false;true;true
CardFan;237;idle;true;4;1560.0;1000.0;-1;0.00;false;true;true
CardFan;238;idle;true;4;1560.0;1000.0;-1;0.00;false;true;true
CardFan;239;idle;true;1;1560.0;1000.0;-1;0.00;false;true;true
CardFan;240;idle;true;1;1560.0;1000.0;-1;0.00;false;true;true
CardFan;241;idle;true;1;1560.0;1000.0;-1;0.00;false;true;true
CardFan;242;idle;true;1;1560.0;1000.0;-1;0.00;false;true;true
CardFan;243;idle;true;1;1560.0;1000.0;-1;0.00;false;true;true
CardFan;244;idle;true;1;1560.0;1000.0;-1;0.00;false;true;true
CardFan;245;idle;true;1;1560.0;1000.0;-1;0.00;false;true;true
CardFan;246;idle;true;1;1560.0;1000.0;-1;0.00;false;true;true
CardFan;247;idle;true;1;1560.0;1000.0;-1;0.00;false;true;true
CardFan;248;idle;true;1;1560.0;1000.0;-1;0.00;false;true;true
CardFan;249;idle;true;2;1560.0;1000.0;-1;0.00;false;true;true
CardFan;250;idle;true;2;1560.0;1000.0;-1;0.00;false;true;true
CardFan;251;idle;true;2;1560.0;1000.0;-1;0.00;false;true;true
CardFan;252;idle;true;2;1560.0;1000.0;-1;0.00;false;true;true
CardFan;253;idle;true;2;1560.0;1000.0;-1;0.00;false;true;true
CardFan;254;idle;true;2;1560.0;1000.0;-1;0.00;false;true;true
CardFan;255;idle;true;2;1560.0;1000.0;-1;0.00;false;true;true
CardFan;256;idle;true;2;1560.0;1000.0;-1;0.00;false;true;true
CardFan;257;idle;true;2;1560.0;1000.0;-1;0.00;false;true;true
CardFan;258;idle;true;2;1560.0;1000.0;-1;0.00;false;true;true
CardFan;259;idle;true;3;1560.0;1000.0;-1;0.00;false;true;true
CardFan;260;idle;true;3;1560.0;1000.0;-1;0.00;false;true;true
CardFan;261;idle;true;3;1560.0;1000.0;-1;0.00;false;true;true
CardFan;262;idle;true;3;1560.0;1000.0;-1;0.00;false;true;true
CardFan;263;idle;true;3;1560.0;1000.0;-1;0.00;false;true;true
CardFan;264;idle;true;3;1560.0;1000.0;-1;0.00;false;true;true
CardFan;265;idle;true;3;1560.0;1000.0;-1;0.00;false;true;true
CardFan;266;idle;true;3;1560.0;1000.0;-1;0.00;false;true;true
CardFan;267;idle;true;3;1560.0;1000.0;-1;0.00;false;true;true
CardFan;268;idle;true;3;1560.0;1000.0;-1;0.00;false;true;true
CardFan;269;idle;true;4;1560.0;1000.0;-1;0.00;false;true;true
CardFan;270;idle;true;4;1560.0;1000.0;-1;0.00;false;true;true
CardFan;271;idle;true;4;1560.0;1000.0;-1;0.00;false;true;true
CardFan;272;idle;true;4;1560.0;1000.0;-1;0.00;false;true;true
CardFan;273;idle;true;4;1560.0;1000.0;-1;0.00;false;true;true
CardFan;274;idle;true;4;1560.0;1000.0;-1;0.00;false;true;true
CardFan;275;idle;true;4;1560.0;1000.0;-1;0.00;false;true;true
CardFan;276;idle;true;4;1560.0;1000.0;-1;0.00;false;true;true
CardFan;277;idle;true;4;1560.0;1000.0;-1;0.00;false;true;true
CardFan;278;idle;true;4;1560.0;1000.0;-1;0.00;false;true;true
CardFan;279;idle;true;1;1560.0;1000.0;-1;0.00;false;true;true
CardFan;280;idle;true;1;1560.0;1000.0;-1;0.00;false;true;true
CardFan;281;idle;true;1;1560.0;1000.0;-1;0.00;false;true;true
CardFan;282;idle;true;1;1560.0;1000.0;-1;0.00;false;true;true
CardFan;283;idle;true;1;1560.0;1000.0;-1;0.00;false;true;true
CardFan;284;idle;true;1;1560.0;1000.0;-1;0.00;false;true;true
CardFan;285;idle;true;1;1560.0;1000.0;-1;0.00;false;true;true
CardFan;286;idle;true;1;1560.0;1000.0;-1;0.00;false;true;true
CardFan;287;idle;true;1;1560.0;1000.0;-1;0.00;false;true;true
CardFan;288;idle;true;1;1560.0;1000.0;-1;0.00;false;true;true
CardFan;289;idle;true;2;1560.0;1000.0;-1;0.00;false;true;true
CardFan;290;idle;true;2;1560.0;1000.0;-1;0.00;false;true;true
CardFan;291;idle;true;2;1560.0;1000.0;-1;0.00;false;true;true
CardFan;292;idle;true;2;1560.0;1000.0;-1;0.00;false;true;true
CardFan;293;idle;true;2;1560.0;1000.0;-1;0.00;false;true;true
CardFan;294;idle;true;2;1560.0;1000.0;-1;0.00;false;true;true
CardFan;295;idle;true;2;1560.0;1000.0;-1;0.00;false;true;true
CardFan;296;idle;true;2;1560.0;1000.0;-1;0.00;false;true;true
CardFan;297;idle;true;2;1560.0;1000.0;-1;0.00;false;true;true
CardFan;298;idle;true;2;1560.0;1000.0;-1;0.00;false;true;true
CardFan;299;idle;true;3;1560.0;1000.0;-1;0.00;false;true;true
CardFan;300;idle;true;3;1560.0;1000.0;-1;0.00;false;true;true
CardFan;301;idle;true;3;1560.0;1000.0;-1;0.00;false;true;true
CardFan;302;idle;true;3;1560.0;1000.0;-1;0.00;false;true;true
CardFan;303;idle;true;3;1560.0;1000.0;-1;0.00;false;true;true
CardFan;304;idle;true;3;1560.0;1000.0;-1;0.00;false;true;true
CardFan;305;idle;true;3;1560.0;1000.0;-1;0.00;false;true;true
CardFan;306;idle;true;3;1560.0;1000.0;-1;0.00;false;true;true
CardFan;307;idle;true;3;1560.0;1000.0;-1;0.00;false;true;true
CardFan;308;idle;true;3;1560.0;1000.0;-1;0.00;false;true;true
CardFan;309;idle;true;4;1560.0;1000.0;-1;0.00;false;true;true
CardFan;310;idle;true;4;1560.0;1000.0;-1;0.00;false;true;true
CardFan;311;idle;true;4;1560.0;1000.0;-1;0.00;false;true;true
CardFan;312;idle;true;4;1560.0;1000.0;-1;0.00;false;true;true
CardFan;313;idle;true;4;1560.0;1000.0;-1;0.00;false;true;true
CardFan;314;idle;true;4;1560.0;1000.0;-1;0.00;false;true;true
CardFan;315;idle;true;4;1560.0;1000.0;-1;0.00;false;true;true
CardFan;316;idle;true;4;1560.0;1000.0;-1;0.00;false;true;true
CardFan;317;idle;true;4;1560.0;1000.0;-1;0.00;false;true;true
CardFan;318;idle;true;4;1560.0;1000.0;-1;0.00;false;true;true
CardFan;319;idle;true;1;1560.0;1000.0;-1;0.00;false;true;true
CardFan;320;idle;true;1;1560.0;1000.0;-1;0.00;false;true;true
CardFan;321;idle;true;1;1560.0;1000.0;-1;0.00;false;true;true
CardFan;322;idle;true;1;1560.0;1000.0;-1;0.00;false;true;true
CardFan;323;idle;true;1;1560.0;1000.0;-1;0.00;false;true;true
CardFan;324;idle;true;1;1560.0;1000.0;-1;0.00;false;true;true
CardFan;325;idle;true;1;1560.0;1000.0;-1;0.00;false;true;true
CardFan;326;idle;true;1;1560.0;1000.0;-1;0.00;false;true;true
CardFan;327;idle;true;1;1560.0;1000.0;-1;0.00;false;true;true
CardFan;328;idle;true;1;1560.0;1000.0;-1;0.00;false;true;true
CardFan;329;idle;true;2;1560.0;1000.0;-1;0.00;false;true;true
CardFan;330;idle;true;2;1560.0;1000.0;-1;0.00;false;true;true
CardFan;331;idle;true;2;1560.0;1000.0;-1;0.00;false;true;true
CardFan;332;idle;true;2;1560.0;1000.0;-1;0.00;false;true;true
CardFan;333;idle;true;2;1560.0;1000.0;-1;0.00;false;true;true
CardFan;334;idle;true;2;1560.0;1000.0;-1;0.00;false;true;true
CardFan;335;idle;true;2;1560.0;1000.0;-1;0.00;false;true;true
CardFan;336;idle;true;2;1560.0;1000.0;-1;0.00;false;true;true
CardFan;337;idle;true;2;1560.0;1000.0;-1;0.00;false;true;true
CardFan;338;idle;true;2;1560.0;1000.0;-1;0.00;false;true;true
CardFan;339;idle;true;3;1560.0;1000.0;-1;0.00;false;true;true
CardFan;340;idle;true;3;1560.0;1000.0;-1;0.00;false;true;true
CardFan;341;idle;true;3;1560.0;1000.0;-1;0.00;false;true;true
CardFan;342;idle;true;3;1560.0;1000.0;-1;0.00;false;true;true
CardFan;343;idle;true;3;1560.0;1000.0;-1;0.00;false;true;true
CardFan;344;idle;true;3;1560.0;1000.0;-1;0.00;false;true;true
CardFan;345;idle;true;3;1560.0;1000.0;-1;0.00;false;true;true
CardFan;346;idle;true;3;1560.0;1000.0;-1;0.00;false;true;true
CardFan;347;idle;true;3;1560.0;1000.0;-1;0.00;false;true;true
CardFan;348;idle;true;3;1560.0;1000.0;-1;0.00;false;true;true
CardFan;349;idle;true;4;1560.0;1000.0;-1;0.00;false;true;true
CardFan;350;idle;true;4;1560.0;1000.0;-1;0.00;false;true;true
CardFan;351;idle;true;4;1560.0;1000.0;-1;0.00;false;true;true
CardFan;352;idle;true;4;1560.0;1000.0;-1;0.00;false;true;true
CardFan;353;idle;true;4;1560.0;1000.0;-1;0.00;false;true;true
CardFan;354;idle;true;4;1560.0;1000.0;-1;0.00;false;true;true
CardFan;355;idle;true;4;1560.0;1000.0;-1;0.00;false;true;true
CardFan;356;idle;true;4;1560.0;1000.0;-1;0.00;false;true;true
CardFan;357;idle;true;4;1560.0;1000.0;-1;0.00;false;true;true
CardFan;358;idle;true;4;1560.0;1000.0;-1;0.00;false;true;true
CardFan;359;idle;true;1;1560.0;1000.0;-1;0.00;false;true;true
CardFan;360;idle;true;1;1560.0;1000.0;-1;0.00;false;true;true
CardFan;361;idle;true;1;1560.0;1000.0;-1;0.00;false;true;true
CardFan;362;idle;true;1;1560.0;1000.0;-1;0.00;false;true;true
CardFan;363;idle;true;1;1560.0;1000.0;-1;0.00;false;true;true
CardFan;364;idle;true;1;1560.0;1000.0;-1;0.00;false;true;true
CardFan;365;idle;true;1;1560.0;1000.0;-1;0.00;false;true;true
CardFan;366;idle;true;1;1560.0;1000.0;-1;0.00;false;true;true
CardFan;367;idle;true;1;1560.0;1000.0;-1;0.00;false;true;true
CardFan;368;idle;true;1;1560.0;1000.0;-1;0.00;false;true;true
CardFan;369;idle;true;2;1560.0;1000.0;-1;0.00;false;true;true
CardFan;370;idle;true;2;1560.0;1000.0;-1;0.00;false;true;true
CardFan;371;idle;true;2;1560.0;1000.0;-1;0.00;false;true;true
CardFan;372;idle;true;2;1560.0;1000.0;-1;0.00;false;true;true
CardFan;373;idle;true;2;1560.0;1000.0;-1;0.00;false;true;true
CardFan;374;idle;true;2;1560.0;1000.0;-1;0.00;false;true;true
CardFan;375;idle;true;2;1560.0;1000.0;-1;0.00;false;true;true
CardFan;376;idle;true;2;1560.0;1000.0;-1;0.00;false;true;true
CardFan;377;idle;true;2;1560.0;1000.0;-1;0.00;false;true;true
CardFan;378;idle;true;2;1560.0;1000.0;-1;0.00;false;true;true
CardFan;379;idle;true;3;1560.0;1000.0;-1;0.00;false;true;true
CardFan;380;idle;true;3;1560.0;1000.0;-1;0.00;false;true;true
CardFan;381;idle;true;3;1560.0;1000.0;-1;0.00;false;true;true
CardFan;382;idle;true;3;1560.0;1000.0;-1;0.00;false;true;true
CardFan;383;idle;true;3;1560.0;1000.0;-1;0.00;false;true;true
CardFan;384;idle;true;3;1560.0;1000.0;-1;0.00;false;true;true
CardFan;385;idle;true;3;1560.0;1000.0;-1;0.00;false;true;true
CardFan;386;idle;true;3;1560.0;1000.0;-1;0.00;false;true;true
CardFan;387;idle;true;3;1560.0;1000.0;-1;0.00;false;true;true
CardFan;388;idle;true;4;1560.0;1000.0;-1;0.00;false;true;true
CardFan;389;idle;true;4;1560.0;1000.0;-1;0.00;false;true;true
CardFan;390;idle;true;4;1560.0;1000.0;-1;0.00;false;true;true
Teleport;391;cast;false;0;1560.0;1000.0;-1;0.07;false;true;true
Teleport;392;cast;false;0;1560.0;1000.0;-1;0.13;false;true;true
Teleport;393;cast;false;0;1560.0;1000.0;-1;0.20;false;true;true
Teleport;394;cast;false;0;1560.0;1000.0;-1;0.27;false;true;true
Teleport;395;cast;false;0;1560.0;1000.0;-1;0.33;false;true;true
Teleport;396;cast;false;0;1560.0;1000.0;-1;0.40;false;true;true
Teleport;397;cast;false;0;1560.0;1000.0;-1;0.47;false;true;true
Teleport;398;cast;false;0;1560.0;1000.0;-1;0.53;false;false;false
Teleport;399;cast;false;0;1560.0;1000.0;-1;0.60;false;false;false
Teleport;400;cast;false;0;1560.0;1000.0;-1;0.67;false;false;false
Teleport;401;cast;false;0;1560.0;1000.0;-1;0.73;false;false;false
Teleport;402;cast;false;0;1560.0;1000.0;-1;0.80;false;false;false
Teleport;403;cast;false;0;1560.0;1000.0;-1;0.87;false;false;false
Teleport;404;cast;false;0;1560.0;1000.0;-1;0.93;false;false;false
Teleport;405;cast;false;0;1560.0;1000.0;-1;1.00;false;false;false
Teleport;406;cast;false;0;1560.0;1000.0;-1;1.00;false;false;false
Teleport;407;cast;false;0;1560.0;1000.0;-1;1.00;false;false;false
Teleport;408;cast;false;0;1560.0;1000.0;-1;1.00;false;false;false
Teleport;409;cast;false;0;1560.0;1000.0;-1;1.00;false;false;false
Teleport;410;cast;false;0;1560.0;1000.0;-1;1.00;false;false;false
Teleport;411;cast;false;0;1560.0;1000.0;-1;1.00;false;false;false
Teleport;412;cast;false;0;1560.0;1000.0;-1;1.00;false;false;false
Teleport;413;cast;false;0;1560.0;1000.0;-1;1.00;false;false;false
Teleport;414;cast;false;0;1560.0;1000.0;-1;1.00;false;false;false
Teleport;415;cast;false;0;1560.0;1000.0;-1;1.00;false;false;false
Teleport;416;cast;false;0;1560.0;1000.0;-1;1.00;false;false;false
Teleport;417;cast;false;0;1560.0;1000.0;-1;1.00;false;false;false
Teleport;418;cast;false;0;1560.0;1000.0;-1;1.00;false;false;false
Teleport;419;cast;false;0;1560.0;1000.0;-1;1.00;false;false;false
Teleport;420;cast;false;0;1560.0;1000.0;-1;1.00;false;false;false
Teleport;421;cast;false;0;1560.0;1000.0;-1;1.00;false;false;false
Teleport;422;cast;false;0;1560.0;1000.0;-1;1.00;false;false;false
Teleport;423;cast;false;0;1560.0;1000.0;-1;1.00;false;false;false
Teleport;424;cast;false;0;1560.0;1000.0;-1;1.00;false;false;false
Teleport;425;cast;false;0;1560.0;1000.0;-1;1.00;false;false;false
Teleport;426;cast;false;0;1560.0;1000.0;-1;1.00;false;false;false
Teleport;427;cast;false;0;1560.0;1000.0;-1;1.00;false;false;false
Teleport;428;cast;false;0;1560.0;1000.0;-1;1.00;false;false;false
Teleport;429;cast;false;0;1560.0;1000.0;-1;1.00;false;false;false
Teleport;430;cast;false;0;1560.0;1000.0;-1;1.00;false;false;false
Teleport;431;cast;false;0;1560.0;1000.0;-1;1.00;false;false;false
Teleport;432;cast;false;0;1560.0;1000.0;-1;1.00;false;false;false
Teleport;433;cast;false;0;1560.0;1000.0;-1;1.00;false;false;false
Teleport;434;cast;false;0;1560.0;1000.0;-1;1.00;false;false;false
Teleport;435;cast;false;0;1560.0;1000.0;-1;1.00;false;false;false
Teleport;436;cast;false;0;1560.0;1000.0;-1;1.00;false;false;false
Teleport;437;cast;false;0;1560.0;1000.0;-1;1.00;false;false;false
Teleport;438;cast;false;0;1560.0;1000.0;-1;1.00;false;false;false
Teleport;439;cast;false;0;1560.0;1000.0;-1;1.00;false;false;false
Teleport;440;cast;false;0;1560.0;1000.0;-1;1.00;false;false;false
Teleport;441;cast;false;0;330.0;1000.0;1;1.00;false;false;false
Teleport;442;cast;false;0;330.0;1000.0;1;0.93;false;false;false
Teleport;443;cast;false;0;330.0;1000.0;1;0.87;false;false;false
Teleport;444;cast;false;0;330.0;1000.0;1;0.80;false;false;false
Teleport;445;cast;false;0;330.0;1000.0;1;0.73;false;false;false
Teleport;446;cast;false;0;330.0;1000.0;1;0.67;false;false;false
Teleport;447;cast;false;0;330.0;1000.0;1;0.60;false;false;false
Teleport;448;cast;false;0;330.0;1000.0;1;0.53;false;false;false
Teleport;449;cast;false;0;330.0;1000.0;1;0.47;false;true;true
Teleport;450;cast;false;0;330.0;1000.0;1;0.40;false;true;true
Teleport;451;cast;false;0;330.0;1000.0;1;0.33;false;true;true
Teleport;452;cast;false;0;330.0;1000.0;1;0.27;false;true;true
Teleport;453;cast;false;0;330.0;1000.0;1;0.20;false;true;true
Teleport;454;cast;false;0;330.0;1000.0;1;0.13;false;true;true
Teleport;455;cast;false;0;330.0;1000.0;1;0.07;false;true;true
Teleport;456;cast;false;0;330.0;1000.0;1;0.00;false;true;true
Teleport;457;cast;false;0;330.0;1000.0;1;0.00;false;true;true
Teleport;458;cast;false;0;330.0;1000.0;1;0.00;false;true;true
Teleport;459;cast;false;0;330.0;1000.0;1;0.00;false;true;true
Teleport;460;cast;false;0;330.0;1000.0;1;0.00;false;true;true
Teleport;461;cast;false;0;330.0;1000.0;1;0.00;false;true;true
Teleport;462;cast;false;0;330.0;1000.0;1;0.00;false;true;true
Teleport;463;cast;false;0;330.0;1000.0;1;0.00;false;true;true
Teleport;464;cast;false;0;330.0;1000.0;1;0.00;false;true;true
Teleport;465;cast;false;0;330.0;1000.0;1;0.00;false;true;true
Teleport;466;cast;false;0;330.0;1000.0;1;0.00;false;true;true
Teleport;467;cast;false;0;330.0;1000.0;1;0.00;false;true;true
Teleport;468;throw;false;0;330.0;1000.0;1;0.00;false;true;true
Teleport;469;throw;false;0;330.0;1000.0;1;0.00;false;true;true
Teleport;470;throw;false;0;330.0;1000.0;1;0.00;false;true;true
Teleport;471;throw;false;0;330.0;1000.0;1;0.00;false;true;true
Teleport;472;throw;false;0;330.0;1000.0;1;0.00;false;true;true
Teleport;473;throw;false;0;330.0;1000.0;1;0.00;false;true;true
Teleport;474;throw;false;0;330.0;1000.0;1;0.00;false;true;true
Teleport;475;throw;false;0;330.0;1000.0;1;0.00;false;true;true
Teleport;476;throw;false;0;330.0;1000.0;1;0.00;false;true;true
Teleport;477;throw;false;0;330.0;1000.0;1;0.00;false;true;true
Teleport;478;throw;false;0;330.0;1000.0;1;0.00;false;true;true
Teleport;479;throw;false;0;330.0;1000.0;1;0.00;false;true;true
Teleport;480;throw;false;0;330.0;1000.0;1;0.00;false;true;true
Teleport;481;throw;false;0;330.0;1000.0;1;0.00;false;true;true
Teleport;482;throw;false;0;330.0;1000.0;1;0.00;false;true;true
Teleport;483;throw;false;0;330.0;1000.0;1;0.00;false;true;true
Teleport;484;throw;false;0;330.0;1000.0;1;0.00;false;true;true
Teleport;485;throw;false;0;330.0;1000.0;1;0.00;false;true;true
Teleport;486;throw;false;0;330.0;1000.0;1;0.00;false;true;true
Teleport;487;throw;false;0;330.0;1000.0;1;0.00;false;true;true
Teleport;488;throw;false;0;330.0;1000.0;1;0.00;false;true;true
Teleport;489;throw;false;0;330.0;1000.0;1;0.00;false;true;true
Teleport;490;throw;false;0;330.0;1000.0;1;0.00;false;true;true
Teleport;491;throw;false;0;330.0;1000.0;1;0.00;false;true;true
Teleport;492;throw;false;0;330.0;1000.0;1;0.00;false;true;true
Teleport;493;throw;false;0;330.0;1000.0;1;0.00;false;true;true
Teleport;494;throw;false;0;330.0;1000.0;1;0.00;false;true;true
Teleport;495;throw;false;0;330.0;1000.0;1;0.00;false;true;true
Teleport;496;throw;false;0;330.0;1000.0;1;0.00;false;true;true
Teleport;497;throw;false;0;330.0;1000.0;1;0.00;false;true;true
Teleport;498;throw;false;0;330.0;1000.0;1;0.00;false;true;true
Teleport;499;throw;false;0;330.0;1000.0;1;0.00;false;true;true
Teleport;500;throw;false;0;330.0;1000.0;1;0.00;false;true;true
Teleport;501;throw;false;0;330.0;1000.0;1;0.00;false;true;true
Teleport;502;throw;false;0;330.0;1000.0;1;0.00;false;true;true
Teleport;503;throw;false;0;330.0;1000.0;1;0.00;false;true;true
Teleport;504;throw;false;0;330.0;1000.0;1;0.00;false;true;true
Teleport;505;throw;false;0;330.0;1000.0;1;0.00;false;true;true
Teleport;506;throw;false;0;330.0;1000.0;1;0.00;false;true;true
Teleport;507;throw;false;0;330.0;1000.0;1;0.00;false;true;true
Teleport;508;throw;false;0;330.0;1000.0;1;0.00;false;true;true
Teleport;509;throw;false;0;330.0;1000.0;1;0.00;false;true;true
Teleport;510;throw;false;0;330.0;1000.0;1;0.00;false;true;true
Teleport;511;throw;false;0;330.0;1000.0;1;0.00;false;true;true
Teleport;512;throw;false;0;330.0;1000.0;1;0.00;false;true;true
Teleport;513;throw;false;0;330.0;1000.0;1;0.00;false;true;true
Teleport;514;throw;false;0;330.0;1000.0;1;0.00;false;true;true
Teleport;515;throw;false;0;330.0;1000.0;1;0.00;false;true;true
Teleport;516;throw;false;0;330.0;1000.0;1;0.00;false;true;true
Teleport;517;throw;false;0;330.0;1000.0;1;0.00;false;true;true
Teleport;518;throw;false;0;330.0;1000.0;1;0.00;false;true;true
Teleport;519;throw;false;0;330.0;1000.0;1;0.00;false;true;true
Teleport;520;throw;false;0;330.0;1000.0;1;0.00;false;true;true
Teleport;521;throw;false;0;330.0;1000.0;1;0.00;false;true;true
Teleport;522;throw;false;0;330.0;1000.0;1;0.00;false;true;true
Teleport;523;throw;false;0;330.0;1000.0;1;0.00;false;true;true
Teleport;524;throw;false;0;330.0;1000.0;1;0.00;false;true;true
Teleport;525;throw;false;0;330.0;1000.0;1;0.00;false;true;true
Teleport;526;throw;false;0;330.0;1000.0;1;0.00;false;true;true
Teleport;527;throw;false;0;330.0;1000.0;1;0.00;false;true;true
Teleport;528;throw;false;0;330.0;1000.0;1;0.00;false;true;true
Teleport;529;throw;false;0;330.0;1000.0;1;0.00;false;true;true
Teleport;530;throw;false;0;330.0;1000.0;1;0.00;false;true;true
Teleport;531;throw;false;0;330.0;1000.0;1;0.00;false;true;true
Teleport;532;throw;false;0;330.0;1000.0;1;0.00;false;true;true
Teleport;533;throw;false;0;330.0;1000.0;1;0.00;false;true;true
Teleport;534;throw;false;0;330.0;1000.0;1;0.00;false;true;true
Teleport;535;throw;false;0;330.0;1000.0;1;0.00;false;true;true
Teleport;536;throw;false;0;330.0;1000.0;1;0.00;false;true;true
Teleport;537;throw;false;0;330.0;1000.0;1;0.00;false;true;true
Teleport;538;throw;false;0;330.0;1000.0;1;0.00;false;true;true
Teleport;539;throw;false;0;330.0;1000.0;1;0.00;false;true;true
Teleport;540;throw;false;0;330.0;1000.0;1;0.00;false;true;true
Teleport;541;throw;false;0;330.0;1000.0;1;0.00;false;true;true
Teleport;542;throw;false;0;330.0;1000.0;1;0.00;false;true;true
Teleport;543;throw;false;0;330.0;1000.0;1;0.00;false;true;true
Teleport;544;throw;false;0;330.0;1000.0;1;0.00;false;true;true
Teleport;545;throw;false;0;330.0;1000.0;1;0.00;false;true;true
Teleport;546;throw;false;0;330.0;1000.0;1;0.00;false;true;true
Teleport;547;throw;false;0;330.0;1000.0;1;0.00;false;true;true
Teleport;548;throw;false;0;330.0;1000.0;1;0.00;false;true;true
Teleport;549;throw;false;0;330.0;1000.0;1;0.00;false;true;true
Teleport;550;throw;false;0;330.0;1000.0;1;0.00;false;true;true
Teleport;551;throw;false;0;330.0;1000.0;1;0.00;false;true;true
Teleport;552;throw;false;0;330.0;1000.0;1;0.00;false;true;true
Teleport;553;throw;false;0;330.0;1000.0;1;0.00;false;true;true
Teleport;554;throw;false;0;330.0;1000.0;1;0.00;false;true;true
Teleport;555;throw;false;0;330.0;1000.0;1;0.00;false;true;true
Teleport;556;throw;false;0;330.0;1000.0;1;0.00;false;true;true
Teleport;557;throw;false;0;330.0;1000.0;1;0.00;false;true;true
Teleport;558;throw;false;0;330.0;1000.0;1;0.00;false;true;true
Teleport;559;throw;false;0;330.0;1000.0;1;0.00;false;true;true
Teleport;560;throw;false;0;330.0;1000.0;1;0.00;false;true;true
Teleport;561;throw;false;0;330.0;1000.0;1;0.00;false;true;true
Teleport;562;throw;false;0;330.0;1000.0;1;0.00;false;true;true
Teleport;563;throw;false;0;330.0;1000.0;1;0.00;false;true;true
Teleport;564;throw;false;0;330.0;1000.0;1;0.00;false;true;true
Teleport;565;idle;true;1;330.0;1000.0;1;0.00;false;true;true
Teleport;566;idle;true;1;330.0;1000.0;1;0.00;false;true;true
Teleport;567;idle;true;1;330.0;1000.0;1;0.00;false;true;true
Teleport;568;idle;true;2;330.0;1000.0;1;0.00;false;true;true
Teleport;569;idle;true;2;330.0;1000.0;1;0.00;false;true;true
Teleport;570;idle;true;2;330.0;1000.0;1;0.00;false;true;true
Teleport;571;idle;true;2;330.0;1000.0;1;0.00;false;true;true
Teleport;572;idle;true;2;330.0;1000.0;1;0.00;false;true;true
Teleport;573;idle;true;2;330.0;1000.0;1;0.00;false;true;true
Teleport;574;idle;true;2;330.0;1000.0;1;0.00;false;true;true
Teleport;575;idle;true;2;330.0;1000.0;1;0.00;false;true;true
Teleport;576;idle;true;2;330.0;1000.0;1;0.00;false;true;true
Teleport;577;idle;true;2;330.0;1000.0;1;0.00;false;true;true
Teleport;578;idle;true;3;330.0;1000.0;1;0.00;false;true;true
Teleport;579;idle;true;3;330.0;1000.0;1;0.00;false;true;true
Teleport;580;idle;true;3;330.0;1000.0;1;0.00;false;true;true
Teleport;581;idle;true;3;330.0;1000.0;1;0.00;false;true;true
Teleport;582;idle;true;3;330.0;1000.0;1;0.00;false;true;true
Teleport;583;idle;true;3;330.0;1000.0;1;0.00;false;true;true
Teleport;584;idle;true;3;330.0;1000.0;1;0.00;false;true;true
Teleport;585;idle;true;3;330.0;1000.0;1;0.00;false;true;true
Teleport;586;idle;true;3;330.0;1000.0;1;0.00;false;true;true
Teleport;587;idle;true;3;330.0;1000.0;1;0.00;false;true;true
Teleport;588;idle;true;4;330.0;1000.0;1;0.00;false;true;true
Teleport;589;idle;true;4;330.0;1000.0;1;0.00;false;true;true
Teleport;590;idle;true;4;330.0;1000.0;1;0.00;false;true;true
Teleport;591;idle;true;4;330.0;1000.0;1;0.00;false;true;true
Teleport;592;idle;true;4;330.0;1000.0;1;0.00;false;true;true
Teleport;593;idle;true;4;330.0;1000.0;1;0.00;false;true;true
Teleport;594;idle;true;4;330.0;1000.0;1;0.00;false;true;true
Teleport;595;idle;true;4;330.0;1000.0;1;0.00;false;true;true
Teleport;596;idle;true;4;330.0;1000.0;1;0.00;false;true;true
Teleport;597;idle;true;4;330.0;1000.0;1;0.00;false;true;true
Teleport;598;idle;true;1;330.0;1000.0;1;0.00;false;true;true
Teleport;599;idle;true;1;330.0;1000.0;1;0.00;false;true;true
Teleport;600;idle;true;1;330.0;1000.0;1;0.00;false;true;true
Teleport;601;idle;true;1;330.0;1000.0;1;0.00;false;true;true
Teleport;602;idle;true;1;330.0;1000.0;1;0.00;false;true;true
Teleport;603;idle;true;1;330.0;1000.0;1;0.00;false;true;true
Teleport;604;idle;true;1;330.0;1000.0;1;0.00;false;true;true
Teleport;605;idle;true;1;330.0;1000.0;1;0.00;false;true;true
Teleport;606;idle;true;1;330.0;1000.0;1;0.00;false;true;true
Teleport;607;idle;true;1;330.0;1000.0;1;0.00;false;true;true
Teleport;608;idle;true;2;330.0;1000.0;1;0.00;false;true;true
Teleport;609;idle;true;2;330.0;1000.0;1;0.00;false;true;true
Teleport;610;idle;true;2;330.0;1000.0;1;0.00;false;true;true
Teleport;611;idle;true;2;330.0;1000.0;1;0.00;false;true;true
Teleport;612;idle;true;2;330.0;1000.0;1;0.00;false;true;true
Teleport;613;idle;true;2;330.0;1000.0;1;0.00;false;true;true
Teleport;614;idle;true;2;330.0;1000.0;1;0.00;false;true;true
Teleport;615;idle;true;2;330.0;1000.0;1;0.00;false;true;true
Teleport;616;idle;true;2;330.0;1000.0;1;0.00;false;true;true
Teleport;617;idle;true;2;330.0;1000.0;1;0.00;false;true;true
Teleport;618;idle;true;3;330.0;1000.0;1;0.00;false;true;true
Teleport;619;idle;true;3;330.0;1000.0;1;0.00;false;true;true
Teleport;620;idle;true;3;330.0;1000.0;1;0.00;false;true;true
Teleport;621;idle;true;3;330.0;1000.0;1;0.00;false;true;true
Teleport;622;idle;true;3;330.0;1000.0;1;0.00;false;true;true
Teleport;623;idle;true;3;330.0;1000.0;1;0.00;false;true;true
Teleport;624;idle;true;3;330.0;1000.0;1;0.00;false;true;true
Teleport;625;idle;true;3;330.0;1000.0;1;0.00;false;true;true
Teleport;626;idle;true;3;330.0;1000.0;1;0.00;false;true;true
Teleport;627;idle;true;3;330.0;1000.0;1;0.00;false;true;true
Teleport;628;idle;true;4;330.0;1000.0;1;0.00;false;true;true
Teleport;629;idle;true;4;330.0;1000.0;1;0.00;false;true;true
Teleport;630;idle;true;4;330.0;1000.0;1;0.00;false;true;true
Teleport;631;idle;true;4;330.0;1000.0;1;0.00;false;true;true
Teleport;632;idle;true;4;330.0;1000.0;1;0.00;false;true;true
Teleport;633;idle;true;4;330.0;1000.0;1;0.00;false;true;true
Teleport;634;idle;true;4;330.0;1000.0;1;0.00;false;true;true
Teleport;635;idle;true;4;330.0;1000.0;1;0.00;false;true;true
Teleport;636;idle;true;4;330.0;1000.0;1;0.00;false;true;true
Teleport;637;idle;true;4;330.0;1000.0;1;0.00;false;true;true
Teleport;638;idle;true;1;330.0;1000.0;1;0.00;false;true;true
Teleport;639;idle;true;1;330.0;1000.0;1;0.00;false;true;true
Teleport;640;idle;true;1;330.0;1000.0;1;0.00;false;true;true
Teleport;641;idle;true;1;330.0;1000.0;1;0.00;false;true;true
Teleport;642;idle;true;1;330.0;1000.0;1;0.00;false;true;true
Teleport;643;idle;true;1;330.0;1000.0;1;0.00;false;true;true
Teleport;644;idle;true;1;330.0;1000.0;1;0.00;false;true;true
Teleport;645;idle;true;1;330.0;1000.0;1;0.00;false;true;true
Teleport;646;idle;true;1;330.0;1000.0;1;0.00;false;true;true
Teleport;647;idle;true;1;330.0;1000.0;1;0.00;false;true;true
Teleport;648;idle;true;2;330.0;1000.0;1;0.00;false;true;true
Teleport;649;idle;true;2;330.0;1000.0;1;0.00;false;true;true
Teleport;650;idle;true;2;330.0;1000.0;1;0.00;false;true;true
Teleport;651;idle;true;2;330.0;1000.0;1;0.00;false;true;true
Teleport;652;idle;true;2;330.0;1000.0;1;0.00;false;true;true
Teleport;653;idle;true;2;330.0;1000.0;1;0.00;false;true;true
Teleport;654;idle;true;2;330.0;1000.0;1;0.00;false;true;true
Teleport;655;idle;true;2;330.0;1000.0;1;0.00;false;true;true
Teleport;656;idle;true;2;330.0;1000.0;1;0.00;false;true;true
Teleport;657;idle;true;2;330.0;1000.0;1;0.00;false;true;true
Teleport;658;idle;true;3;330.0;1000.0;1;0.00;false;true;true
Teleport;659;idle;true;3;330.0;1000.0;1;0.00;false;true;true
Teleport;660;idle;true;3;330.0;1000.0;1;0.00;false;true;true
Teleport;661;idle;true;3;330.0;1000.0;1;0.00;false;true;true
Teleport;662;idle;true;3;330.0;1000.0;1;0.00;false;true;true
Teleport;663;idle;true;3;330.0;1000.0;1;0.00;false;true;true
Teleport;664;idle;true;3;330.0;1000.0;1;0.00;false;true;true
Teleport;665;idle;true;3;330.0;1000.0;1;0.00;false;true;true
Teleport;666;idle;true;3;330.0;1000.0;1;0.00;false;true;true
Teleport;667;idle;true;3;330.0;1000.0;1;0.00;false;true;true
Teleport;668;idle;true;4;330.0;1000.0;1;0.00;false;true;true
Teleport;669;idle;true;4;330.0;1000.0;1;0.00;false;true;true
Teleport;670;idle;true;4;330.0;1000.0;1;0.00;false;true;true
Teleport;671;idle;true;4;330.0;1000.0;1;0.00;false;true;true
Teleport;672;idle;true;4;330.0;1000.0;1;0.00;false;true;true
Teleport;673;idle;true;4;330.0;1000.0;1;0.00;false;true;true
Teleport;674;idle;true;4;330.0;1000.0;1;0.00;false;true;true
Teleport;675;idle;true;4;330.0;1000.0;1;0.00;false;true;true
Teleport;676;idle;true;4;330.0;1000.0;1;0.00;false;true;true
Teleport;677;idle;true;4;330.0;1000.0;1;0.00;false;true;true
Teleport;678;idle;true;1;330.0;1000.0;1;0.00;false;true;true
Teleport;679;idle;true;1;330.0;1000.0;1;0.00;false;true;true
Teleport;680;idle;true;1;330.0;1000.0;1;0.00;false;true;true
Teleport;681;idle;true;1;330.0;1000.0;1;0.00;false;true;true
Teleport;682;idle;true;1;330.0;1000.0;1;0.00;false;true;true
Teleport;683;idle;true;1;330.0;1000.0;1;0.00;false;true;true
Teleport;684;idle;true;1;330.0;1000.0;1;0.00;false;true;true
Teleport;685;idle;true;1;330.0;1000.0;1;0.00;false;true;true
Teleport;686;idle;true;1;330.0;1000.0;1;0.00;false;true;true
Teleport;687;idle;true;1;330.0;1000.0;1;0.00;false;true;true
Teleport;688;idle;true;2;330.0;1000.0;1;0.00;false;true;true
Teleport;689;idle;true;2;330.0;1000.0;1;0.00;false;true;true
Teleport;690;idle;true;2;330.0;1000.0;1;0.00;false;true;true
Rabbits;691;tap;false;0;330.0;1000.0;1;0.00;false;true;true
Rabbits;692;tap;false;0;330.0;1000.0;1;0.00;false;true;true
Rabbits;693;tap;false;0;330.0;1000.0;1;0.00;false;true;true
Rabbits;694;tap;false;0;330.0;1000.0;1;0.00;false;true;true
Rabbits;695;tap;false;0;330.0;1000.0;1;0.00;false;true;true
Rabbits;696;tap;false;0;330.0;1000.0;1;0.00;false;true;true
Rabbits;697;tap;false;0;330.0;1000.0;1;0.00;false;true;true
Rabbits;698;tap;false;0;330.0;1000.0;1;0.00;false;true;true
Rabbits;699;tap;false;0;330.0;1000.0;1;0.00;false;true;true
Rabbits;700;tap;false;0;330.0;1000.0;1;0.00;false;true;true
Rabbits;701;tap;false;0;330.0;1000.0;1;0.00;false;true;true
Rabbits;702;tap;false;0;330.0;1000.0;1;0.00;false;true;true
Rabbits;703;tap;false;0;330.0;1000.0;1;0.00;false;true;true
Rabbits;704;tap;false;0;330.0;1000.0;1;0.00;false;true;true
Rabbits;705;tap;false;0;330.0;1000.0;1;0.00;false;true;true
Rabbits;706;tap;false;0;330.0;1000.0;1;0.00;false;true;true
Rabbits;707;tap;false;0;330.0;1000.0;1;0.00;false;true;true
Rabbits;708;tap;false;0;330.0;1000.0;1;0.00;false;true;true
Rabbits;709;tap;false;0;330.0;1000.0;1;0.00;false;true;true
Rabbits;710;tap;false;0;330.0;1000.0;1;0.00;false;true;true
Rabbits;711;tap;false;0;330.0;1000.0;1;0.00;false;true;true
Rabbits;712;tap;false;0;330.0;1000.0;1;0.00;false;true;true
Rabbits;713;tap;false;0;330.0;1000.0;1;0.00;false;true;true
Rabbits;714;tap;false;0;330.0;1000.0;1;0.00;false;true;true
Rabbits;715;tap;false;0;330.0;1000.0;1;0.00;false;true;true
Rabbits;716;tap;false;0;330.0;1000.0;1;0.00;false;true;true
Rabbits;717;tap;false;0;330.0;1000.0;1;0.00;false;true;true
Rabbits;718;tap;false;0;330.0;1000.0;1;0.00;false;true;true
Rabbits;719;tap;false;0;330.0;1000.0;1;0.00;false;true;true
Rabbits;720;tap;false;0;330.0;1000.0;1;0.00;false;true;true
Rabbits;721;tap;false;0;330.0;1000.0;1;0.00;false;true;true
Rabbits;722;tap;false;0;330.0;1000.0;1;0.00;false;true;true
Rabbits;723;tap;false;0;330.0;1000.0;1;0.00;false;true;true
Rabbits;724;tap;false;0;330.0;1000.0;1;0.00;false;true;true
Rabbits;725;tap;false;0;330.0;1000.0;1;0.00;false;true;true
Rabbits;726;tap;false;0;330.0;1000.0;1;0.00;false;true;true
Rabbits;727;tap;false;0;330.0;1000.0;1;0.00;false;true;true
Rabbits;728;tap;false;0;330.0;1000.0;1;0.00;false;true;true
Rabbits;729;tap;false;0;330.0;1000.0;1;0.00;false;true;true
Rabbits;730;tap;false;0;330.0;1000.0;1;0.00;false;true;true
Rabbits;731;tap;false;0;330.0;1000.0;1;0.00;false;true;true
Rabbits;732;idle;true;2;330.0;1000.0;1;0.00;false;true;true
Rabbits;733;idle;true;2;330.0;1000.0;1;0.00;false;true;true
Rabbits;734;idle;true;2;330.0;1000.0;1;0.00;false;true;true
Rabbits;735;idle;true;2;330.0;1000.0;1;0.00;false;true;true
Rabbits;736;idle;true;2;330.0;1000.0;1;0.00;false;true;true
Rabbits;737;idle;true;2;330.0;1000.0;1;0.00;false;true;true
Rabbits;738;idle;true;3;330.0;1000.0;1;0.00;false;true;true
Rabbits;739;idle;true;3;330.0;1000.0;1;0.00;false;true;true
Rabbits;740;idle;true;3;330.0;1000.0;1;0.00;false;true;true
Rabbits;741;idle;true;3;330.0;1000.0;1;0.00;false;true;true
Rabbits;742;idle;true;3;330.0;1000.0;1;0.00;false;true;true
Rabbits;743;idle;true;3;330.0;1000.0;1;0.00;false;true;true
Rabbits;744;idle;true;3;330.0;1000.0;1;0.00;false;true;true
Rabbits;745;idle;true;3;330.0;1000.0;1;0.00;false;true;true
Rabbits;746;idle;true;3;330.0;1000.0;1;0.00;false;true;true
Rabbits;747;idle;true;3;330.0;1000.0;1;0.00;false;true;true
Rabbits;748;idle;true;4;330.0;1000.0;1;0.00;false;true;true
Rabbits;749;idle;true;4;330.0;1000.0;1;0.00;false;true;true
Rabbits;750;tap;false;0;330.0;1000.0;1;0.00;false;true;true
Rabbits;751;tap;false;0;330.0;1000.0;1;0.00;false;true;true
Rabbits;752;tap;false;0;330.0;1000.0;1;0.00;false;true;true
Rabbits;753;tap;false;0;330.0;1000.0;1;0.00;false;true;true
Rabbits;754;tap;false;0;330.0;1000.0;1;0.00;false;true;true
Rabbits;755;tap;false;0;330.0;1000.0;1;0.00;false;true;true
Rabbits;756;tap;false;0;330.0;1000.0;1;0.00;false;true;true
Rabbits;757;tap;false;0;330.0;1000.0;1;0.00;false;true;true
Rabbits;758;tap;false;0;330.0;1000.0;1;0.00;false;true;true
Rabbits;759;idle;true;1;330.0;1000.0;1;0.00;false;true;true
Rabbits;760;idle;true;1;330.0;1000.0;1;0.00;false;true;true
Rabbits;761;idle;true;1;330.0;1000.0;1;0.00;false;true;true
Rabbits;762;idle;true;1;330.0;1000.0;1;0.00;false;true;true
Rabbits;763;idle;true;1;330.0;1000.0;1;0.00;false;true;true
Rabbits;764;idle;true;1;330.0;1000.0;1;0.00;false;true;true
Rabbits;765;idle;true;1;330.0;1000.0;1;0.00;false;true;true
Rabbits;766;idle;true;1;330.0;1000.0;1;0.00;false;true;true
Rabbits;767;idle;true;1;330.0;1000.0;1;0.00;false;true;true
Rabbits;768;idle;true;2;330.0;1000.0;1;0.00;false;true;true
Rabbits;769;idle;true;2;330.0;1000.0;1;0.00;false;true;true
Rabbits;770;idle;true;2;330.0;1000.0;1;0.00;false;true;true
Rabbits;771;idle;true;2;330.0;1000.0;1;0.00;false;true;true
Rabbits;772;idle;true;2;330.0;1000.0;1;0.00;false;true;true
Rabbits;773;idle;true;2;330.0;1000.0;1;0.00;false;true;true
Rabbits;774;idle;true;2;330.0;1000.0;1;0.00;false;true;true
Rabbits;775;idle;true;2;330.0;1000.0;1;0.00;false;true;true
Rabbits;776;idle;true;2;330.0;1000.0;1;0.00;false;true;true
Rabbits;777;idle;true;2;330.0;1000.0;1;0.00;false;true;true
Rabbits;778;idle;true;3;330.0;1000.0;1;0.00;false;true;true
Rabbits;779;idle;true;3;330.0;1000.0;1;0.00;false;true;true
Rabbits;780;idle;true;3;330.0;1000.0;1;0.00;false;true;true
Rabbits;781;tap;false;0;330.0;1000.0;1;0.00;false;true;true
Rabbits;782;tap;false;0;330.0;1000.0;1;0.00;false;true;true
Rabbits;783;tap;false;0;330.0;1000.0;1;0.00;false;true;true
Rabbits;784;tap;false;0;330.0;1000.0;1;0.00;false;true;true
Rabbits;785;tap;false;0;330.0;1000.0;1;0.00;false;true;true
Rabbits;786;tap;false;0;330.0;1000.0;1;0.00;false;true;true
Rabbits;787;tap;false;0;330.0;1000.0;1;0.00;false;true;true
Rabbits;788;tap;false;0;330.0;1000.0;1;0.00;false;true;true
Rabbits;789;tap;false;0;330.0;1000.0;1;0.00;false;true;true
Rabbits;790;idle;true;4;330.0;1000.0;1;0.00;false;true;true
Rabbits;791;idle;true;4;330.0;1000.0;1;0.00;false;true;true
Rabbits;792;idle;true;4;330.0;1000.0;1;0.00;false;true;true
Rabbits;793;idle;true;4;330.0;1000.0;1;0.00;false;true;true
Rabbits;794;idle;true;4;330.0;1000.0;1;0.00;false;true;true
Rabbits;795;idle;true;4;330.0;1000.0;1;0.00;false;true;true
Rabbits;796;idle;true;4;330.0;1000.0;1;0.00;false;true;true
Rabbits;797;idle;true;4;330.0;1000.0;1;0.00;false;true;true
Rabbits;798;idle;true;1;330.0;1000.0;1;0.00;false;true;true
Rabbits;799;idle;true;1;330.0;1000.0;1;0.00;false;true;true
Rabbits;800;idle;true;1;330.0;1000.0;1;0.00;false;true;true
Rabbits;801;idle;true;1;330.0;1000.0;1;0.00;false;true;true
Rabbits;802;idle;true;1;330.0;1000.0;1;0.00;false;true;true
Rabbits;803;idle;true;1;330.0;1000.0;1;0.00;false;true;true
Rabbits;804;idle;true;1;330.0;1000.0;1;0.00;false;true;true
Rabbits;805;idle;true;1;330.0;1000.0;1;0.00;false;true;true
Rabbits;806;idle;true;1;330.0;1000.0;1;0.00;false;true;true
Rabbits;807;idle;true;1;330.0;1000.0;1;0.00;false;true;true
Rabbits;808;idle;true;2;330.0;1000.0;1;0.00;false;true;true
Rabbits;809;idle;true;2;330.0;1000.0;1;0.00;false;true;true
Rabbits;810;idle;true;2;330.0;1000.0;1;0.00;false;true;true
Rabbits;811;tap;false;0;330.0;1000.0;1;0.00;false;true;true
Rabbits;812;tap;false;0;330.0;1000.0;1;0.00;false;true;true
Rabbits;813;tap;false;0;330.0;1000.0;1;0.00;false;true;true
Rabbits;814;tap;false;0;330.0;1000.0;1;0.00;false;true;true
Rabbits;815;tap;false;0;330.0;1000.0;1;0.00;false;true;true
Rabbits;816;tap;false;0;330.0;1000.0;1;0.00;false;true;true
Rabbits;817;tap;false;0;330.0;1000.0;1;0.00;false;true;true
Rabbits;818;tap;false;0;330.0;1000.0;1;0.00;false;true;true
Rabbits;819;tap;false;0;330.0;1000.0;1;0.00;false;true;true
Rabbits;820;idle;true;3;330.0;1000.0;1;0.00;false;true;true
Rabbits;821;idle;true;3;330.0;1000.0;1;0.00;false;true;true
Rabbits;822;idle;true;3;330.0;1000.0;1;0.00;false;true;true
Rabbits;823;idle;true;3;330.0;1000.0;1;0.00;false;true;true
Rabbits;824;idle;true;3;330.0;1000.0;1;0.00;false;true;true
Rabbits;825;idle;true;3;330.0;1000.0;1;0.00;false;true;true
Rabbits;826;idle;true;3;330.0;1000.0;1;0.00;false;true;true
Rabbits;827;idle;true;3;330.0;1000.0;1;0.00;false;true;true
Rabbits;828;idle;true;4;330.0;1000.0;1;0.00;false;true;true
Rabbits;829;idle;true;4;330.0;1000.0;1;0.00;false;true;true
Rabbits;830;idle;true;4;330.0;1000.0;1;0.00;false;true;true
Rabbits;831;idle;true;4;330.0;1000.0;1;0.00;false;true;true
Rabbits;832;idle;true;4;330.0;1000.0;1;0.00;false;true;true
Rabbits;833;idle;true;4;330.0;1000.0;1;0.00;false;true;true
Rabbits;834;idle;true;4;330.0;1000.0;1;0.00;false;true;true
Rabbits;835;idle;true;4;330.0;1000.0;1;0.00;false;true;true
Rabbits;836;idle;true;4;330.0;1000.0;1;0.00;false;true;true
Rabbits;837;idle;true;4;330.0;1000.0;1;0.00;false;true;true
Rabbits;838;idle;true;1;330.0;1000.0;1;0.00;false;true;true
Rabbits;839;idle;true;1;330.0;1000.0;1;0.00;false;true;true
Rabbits;840;idle;true;1;330.0;1000.0;1;0.00;false;true;true
Rabbits;841;tap;false;0;330.0;1000.0;1;0.00;false;true;true
Rabbits;842;tap;false;0;330.0;1000.0;1;0.00;false;true;true
Rabbits;843;tap;false;0;330.0;1000.0;1;0.00;false;true;true
Rabbits;844;tap;false;0;330.0;1000.0;1;0.00;false;true;true
Rabbits;845;tap;false;0;330.0;1000.0;1;0.00;false;true;true
Rabbits;846;tap;false;0;330.0;1000.0;1;0.00;false;true;true
Rabbits;847;tap;false;0;330.0;1000.0;1;0.00;false;true;true
Rabbits;848;tap;false;0;330.0;1000.0;1;0.00;false;true;true
Rabbits;849;tap;false;0;330.0;1000.0;1;0.00;false;true;true
Rabbits;850;idle;true;2;330.0;1000.0;1;0.00;false;true;true
Rabbits;851;idle;true;2;330.0;1000.0;1;0.00;false;true;true
Rabbits;852;idle;true;2;330.0;1000.0;1;0.00;false;true;true
Rabbits;853;idle;true;2;330.0;1000.0;1;0.00;false;true;true
Rabbits;854;idle;true;2;330.0;1000.0;1;0.00;false;true;true
Rabbits;855;idle;true;2;330.0;1000.0;1;0.00;false;true;true
Rabbits;856;idle;true;2;330.0;1000.0;1;0.00;false;true;true
Rabbits;857;idle;true;2;330.0;1000.0;1;0.00;false;true;true
Rabbits;858;idle;true;3;330.0;1000.0;1;0.00;false;true;true
Rabbits;859;idle;true;3;330.0;1000.0;1;0.00;false;true;true
Rabbits;860;idle;true;3;330.0;1000.0;1;0.00;false;true;true
Rabbits;861;idle;true;3;330.0;1000.0;1;0.00;false;true;true
Rabbits;862;idle;true;3;330.0;1000.0;1;0.00;false;true;true
Rabbits;863;idle;true;3;330.0;1000.0;1;0.00;false;true;true
Rabbits;864;idle;true;3;330.0;1000.0;1;0.00;false;true;true
Rabbits;865;idle;true;3;330.0;1000.0;1;0.00;false;true;true
Rabbits;866;idle;true;3;330.0;1000.0;1;0.00;false;true;true
Rabbits;867;idle;true;3;330.0;1000.0;1;0.00;false;true;true
Rabbits;868;idle;true;4;330.0;1000.0;1;0.00;false;true;true
Rabbits;869;idle;true;4;330.0;1000.0;1;0.00;false;true;true
Rabbits;870;idle;true;4;330.0;1000.0;1;0.00;false;true;true
Rabbits;871;tap;false;0;330.0;1000.0;1;0.00;false;true;true
Rabbits;872;tap;false;0;330.0;1000.0;1;0.00;false;true;true
Rabbits;873;tap;false;0;330.0;1000.0;1;0.00;false;true;true
Rabbits;874;tap;false;0;330.0;1000.0;1;0.00;false;true;true
Rabbits;875;tap;false;0;330.0;1000.0;1;0.00;false;true;true
Rabbits;876;tap;false;0;330.0;1000.0;1;0.00;false;true;true
Rabbits;877;tap;false;0;330.0;1000.0;1;0.00;false;true;true
Rabbits;878;tap;false;0;330.0;1000.0;1;0.00;false;true;true
Rabbits;879;tap;false;0;330.0;1000.0;1;0.00;false;true;true
Rabbits;880;idle;true;1;330.0;1000.0;1;0.00;false;true;true
Rabbits;881;idle;true;1;330.0;1000.0;1;0.00;false;true;true
Rabbits;882;idle;true;1;330.0;1000.0;1;0.00;false;true;true
Rabbits;883;idle;true;1;330.0;1000.0;1;0.00;false;true;true
Rabbits;884;idle;true;1;330.0;1000.0;1;0.00;false;true;true
Rabbits;885;idle;true;1;330.0;1000.0;1;0.00;false;true;true
Rabbits;886;idle;true;1;330.0;1000.0;1;0.00;false;true;true
Rabbits;887;idle;true;1;330.0;1000.0;1;0.00;false;true;true
Rabbits;888;idle;true;2;330.0;1000.0;1;0.00;false;true;true
Rabbits;889;idle;true;2;330.0;1000.0;1;0.00;false;true;true
Rabbits;890;idle;true;2;330.0;1000.0;1;0.00;false;true;true
Rabbits;891;idle;true;2;330.0;1000.0;1;0.00;false;true;true
Rabbits;892;idle;true;2;330.0;1000.0;1;0.00;false;true;true
Rabbits;893;idle;true;2;330.0;1000.0;1;0.00;false;true;true
Rabbits;894;idle;true;2;330.0;1000.0;1;0.00;false;true;true
Rabbits;895;idle;true;2;330.0;1000.0;1;0.00;false;true;true
Rabbits;896;idle;true;2;330.0;1000.0;1;0.00;false;true;true
Rabbits;897;idle;true;2;330.0;1000.0;1;0.00;false;true;true
Rabbits;898;idle;true;3;330.0;1000.0;1;0.00;false;true;true
Rabbits;899;idle;true;3;330.0;1000.0;1;0.00;false;true;true
Rabbits;900;idle;true;3;330.0;1000.0;1;0.00;false;true;true
Rabbits;901;tap;false;0;330.0;1000.0;1;0.00;false;true;true
Rabbits;902;tap;false;0;330.0;1000.0;1;0.00;false;true;true
Rabbits;903;tap;false;0;330.0;1000.0;1;0.00;false;true;true
Rabbits;904;tap;false;0;330.0;1000.0;1;0.00;false;true;true
Rabbits;905;tap;false;0;330.0;1000.0;1;0.00;false;true;true
Rabbits;906;tap;false;0;330.0;1000.0;1;0.00;false;true;true
Rabbits;907;tap;false;0;330.0;1000.0;1;0.00;false;true;true
Rabbits;908;tap;false;0;330.0;1000.0;1;0.00;false;true;true
Rabbits;909;tap;false;0;330.0;1000.0;1;0.00;false;true;true
Rabbits;910;idle;true;4;330.0;1000.0;1;0.00;false;true;true
Rabbits;911;idle;true;4;330.0;1000.0;1;0.00;false;true;true
Rabbits;912;idle;true;4;330.0;1000.0;1;0.00;false;true;true
Rabbits;913;idle;true;4;330.0;1000.0;1;0.00;false;true;true
Rabbits;914;idle;true;4;330.0;1000.0;1;0.00;false;true;true
Rabbits;915;idle;true;4;330.0;1000.0;1;0.00;false;true;true
Rabbits;916;idle;true;4;330.0;1000.0;1;0.00;false;true;true
Rabbits;917;idle;true;4;330.0;1000.0;1;0.00;false;true;true
Rabbits;918;idle;true;1;330.0;1000.0;1;0.00;false;true;true
Rabbits;919;idle;true;1;330.0;1000.0;1;0.00;false;true;true
Rabbits;920;idle;true;1;330.0;1000.0;1;0.00;false;true;true
Rabbits;921;idle;true;1;330.0;1000.0;1;0.00;false;true;true
Rabbits;922;idle;true;1;330.0;1000.0;1;0.00;false;true;true
Rabbits;923;idle;true;1;330.0;1000.0;1;0.00;false;true;true
Rabbits;924;idle;true;1;330.0;1000.0;1;0.00;false;true;true
Rabbits;925;idle;true;1;330.0;1000.0;1;0.00;false;true;true
Rabbits;926;idle;true;1;330.0;1000.0;1;0.00;false;true;true
Rabbits;927;idle;true;1;330.0;1000.0;1;0.00;false;true;true
Rabbits;928;idle;true;2;330.0;1000.0;1;0.00;false;true;true
Rabbits;929;idle;true;2;330.0;1000.0;1;0.00;false;true;true
Rabbits;930;idle;true;2;330.0;1000.0;1;0.00;false;true;true
Rabbits;931;tap;false;0;330.0;1000.0;1;0.00;false;true;true
Rabbits;932;tap;false;0;330.0;1000.0;1;0.00;false;true;true
Rabbits;933;tap;false;0;330.0;1000.0;1;0.00;false;true;true
Rabbits;934;tap;false;0;330.0;1000.0;1;0.00;false;true;true
Rabbits;935;tap;false;0;330.0;1000.0;1;0.00;false;true;true
Rabbits;936;tap;false;0;330.0;1000.0;1;0.00;false;true;true
Rabbits;937;tap;false;0;330.0;1000.0;1;0.00;false;true;true
Rabbits;938;tap;false;0;330.0;1000.0;1;0.00;false;true;true
Rabbits;939;tap;false;0;330.0;1000.0;1;0.00;false;true;true
Rabbits;940;idle;true;3;330.0;1000.0;1;0.00;false;true;true
Rabbits;941;idle;true;3;330.0;1000.0;1;0.00;false;true;true
Rabbits;942;idle;true;3;330.0;1000.0;1;0.00;false;true;true
Rabbits;943;idle;true;3;330.0;1000.0;1;0.00;false;true;true
Rabbits;944;idle;true;3;330.0;1000.0;1;0.00;false;true;true
Rabbits;945;idle;true;3;330.0;1000.0;1;0.00;false;true;true
Rabbits;946;idle;true;3;330.0;1000.0;1;0.00;false;true;true
Rabbits;947;idle;true;3;330.0;1000.0;1;0.00;false;true;true
Rabbits;948;idle;true;4;330.0;1000.0;1;0.00;false;true;true
Rabbits;949;idle;true;4;330.0;1000.0;1;0.00;false;true;true
Rabbits;950;idle;true;4;330.0;1000.0;1;0.00;false;true;true
Rabbits;951;idle;true;4;330.0;1000.0;1;0.00;false;true;true
Rabbits;952;idle;true;4;330.0;1000.0;1;0.00;false;true;true
Rabbits;953;idle;true;4;330.0;1000.0;1;0.00;false;true;true
Rabbits;954;idle;true;4;330.0;1000.0;1;0.00;false;true;true
Rabbits;955;idle;true;4;330.0;1000.0;1;0.00;false;true;true
Rabbits;956;idle;true;4;330.0;1000.0;1;0.00;false;true;true
Rabbits;957;idle;true;4;330.0;1000.0;1;0.00;false;true;true
Rabbits;958;idle;true;1;330.0;1000.0;1;0.00;false;true;true
Rabbits;959;idle;true;1;330.0;1000.0;1;0.00;false;true;true
Rabbits;960;idle;true;1;330.0;1000.0;1;0.00;false;true;true
Rabbits;961;tap;false;0;330.0;1000.0;1;0.00;false;true;true
Rabbits;962;tap;false;0;330.0;1000.0;1;0.00;false;true;true
Rabbits;963;tap;false;0;330.0;1000.0;1;0.00;false;true;true
Rabbits;964;tap;false;0;330.0;1000.0;1;0.00;false;true;true
Rabbits;965;tap;false;0;330.0;1000.0;1;0.00;false;true;true
Rabbits;966;tap;false;0;330.0;1000.0;1;0.00;false;true;true
Rabbits;967;tap;false;0;330.0;1000.0;1;0.00;false;true;true
Rabbits;968;tap;false;0;330.0;1000.0;1;0.00;false;true;true
Rabbits;969;tap;false;0;330.0;1000.0;1;0.00;false;true;true
Rabbits;970;idle;true;2;330.0;1000.0;1;0.00;false;true;true
Rabbits;971;idle;true;2;330.0;1000.0;1;0.00;false;true;true
Rabbits;972;idle;true;2;330.0;1000.0;1;0.00;false;true;true
Rabbits;973;idle;true;2;330.0;1000.0;1;0.00;false;true;true
Rabbits;974;idle;true;2;330.0;1000.0;1;0.00;false;true;true
Rabbits;975;idle;true;2;330.0;1000.0;1;0.00;false;true;true
Rabbits;976;idle;true;2;330.0;1000.0;1;0.00;false;true;true
Rabbits;977;idle;true;2;330.0;1000.0;1;0.00;false;true;true
Rabbits;978;idle;true;3;330.0;1000.0;1;0.00;false;true;true
Rabbits;979;idle;true;3;330.0;1000.0;1;0.00;false;true;true
Rabbits;980;idle;true;3;330.0;1000.0;1;0.00;false;true;true
Rabbits;981;idle;true;3;330.0;1000.0;1;0.00;false;true;true
Rabbits;982;idle;true;3;330.0;1000.0;1;0.00;false;true;true
Rabbits;983;idle;true;3;330.0;1000.0;1;0.00;false;true;true
Rabbits;984;idle;true;3;330.0;1000.0;1;0.00;false;true;true
Rabbits;985;idle;true;3;330.0;1000.0;1;0.00;false;true;true
Rabbits;986;idle;true;3;330.0;1000.0;1;0.00;false;true;true
Rabbits;987;idle;true;3;330.0;1000.0;1;0.00;false;true;true
Rabbits;988;idle;true;4;330.0;1000.0;1;0.00;false;true;true
Rabbits;989;idle;true;4;330.0;1000.0;1;0.00;false;true;true
Rabbits;990;idle;true;4;330.0;1000.0;1;0.00;false;true;true
Blackout;991;idle;true;4;330.0;1000.0;1;0.00;false;true;true
Blackout;992;idle;true;4;330.0;1000.0;1;0.00;false;true;true
Blackout;993;idle;true;4;330.0;1000.0;1;0.00;false;true;true
Blackout;994;idle;true;4;330.0;1000.0;1;0.00;false;true;true
Blackout;995;idle;true;4;330.0;1000.0;1;0.00;false;true;true
Blackout;996;idle;true;4;330.0;1000.0;1;0.00;false;true;true
Blackout;997;idle;true;4;330.0;1000.0;1;0.00;false;true;true
Blackout;998;idle;true;1;330.0;1000.0;1;0.00;false;true;true
Blackout;999;idle;true;1;330.0;1000.0;1;0.00;false;true;true
Blackout;1000;idle;true;1;330.0;1000.0;1;0.00;false;true;true
Blackout;1001;idle;true;1;330.0;1000.0;1;0.00;false;true;true
Blackout;1002;idle;true;1;330.0;1000.0;1;0.00;false;true;true
Blackout;1003;idle;true;1;330.0;1000.0;1;0.00;false;true;true
Blackout;1004;idle;true;1;330.0;1000.0;1;0.00;false;true;true
Blackout;1005;idle;true;1;330.0;1000.0;1;0.00;false;true;true
Blackout;1006;idle;true;1;330.0;1000.0;1;0.00;false;true;true
Blackout;1007;idle;true;1;330.0;1000.0;1;0.00;false;true;true
Blackout;1008;idle;true;2;330.0;1000.0;1;0.00;false;true;true
Blackout;1009;idle;true;2;330.0;1000.0;1;0.00;false;true;true
Blackout;1010;idle;true;2;330.0;1000.0;1;0.00;false;true;true
Blackout;1011;idle;true;2;330.0;1000.0;1;0.00;false;true;true
Blackout;1012;idle;true;2;330.0;1000.0;1;0.00;false;true;true
Blackout;1013;idle;true;2;330.0;1000.0;1;0.00;false;true;true
Blackout;1014;idle;true;2;330.0;1000.0;1;0.00;false;true;true
Blackout;1015;idle;true;2;330.0;1000.0;1;0.00;false;true;true
Blackout;1016;idle;true;2;330.0;1000.0;1;0.00;false;true;true
Blackout;1017;idle;true;2;330.0;1000.0;1;0.00;false;true;true
Blackout;1018;idle;true;3;330.0;1000.0;1;0.00;false;true;true
Blackout;1019;idle;false;0;330.0;1000.0;1;0.00;true;true;true
Blackout;1020;idle;false;0;330.0;1000.0;1;0.00;true;true;true
Blackout;1021;idle;false;0;330.0;1000.0;1;0.00;true;true;true
Blackout;1022;idle;false;0;330.0;1000.0;1;0.00;true;true;true
Blackout;1023;idle;false;0;330.0;1000.0;1;0.00;true;true;true
Blackout;1024;idle;false;0;330.0;1000.0;1;0.00;true;true;true
Blackout;1025;idle;false;0;330.0;1000.0;1;0.00;true;true;true
Blackout;1026;idle;false;0;330.0;1000.0;1;0.00;true;true;true
Blackout;1027;idle;false;0;330.0;1000.0;1;0.00;true;true;true
Blackout;1028;idle;false;0;330.0;1000.0;1;0.00;true;true;true
Blackout;1029;idle;false;0;330.0;1000.0;1;0.00;true;true;true
Blackout;1030;idle;false;0;330.0;1000.0;1;0.00;true;true;true
Blackout;1031;idle;false;0;330.0;1000.0;1;0.00;true;true;true
Blackout;1032;idle;false;0;330.0;1000.0;1;0.00;true;true;true
Blackout;1033;idle;false;0;330.0;1000.0;1;0.00;true;true;true
Blackout;1034;idle;false;0;330.0;1000.0;1;0.00;true;true;true
Blackout;1035;idle;false;0;330.0;1000.0;1;0.00;true;true;true
Blackout;1036;idle;false;0;330.0;1000.0;1;0.00;true;true;true
Blackout;1037;idle;false;0;330.0;1000.0;1;0.00;true;true;true
Blackout;1038;idle;false;0;330.0;1000.0;1;0.00;true;true;true
Blackout;1039;idle;false;0;330.0;1000.0;1;0.00;true;true;true
Blackout;1040;idle;false;0;330.0;1000.0;1;0.00;true;true;true
Blackout;1041;idle;false;0;330.0;1000.0;1;0.00;true;true;true
Blackout;1042;idle;false;0;330.0;1000.0;1;0.00;true;true;true
Blackout;1043;idle;false;0;330.0;1000.0;1;0.00;true;true;true
Blackout;1044;idle;false;0;330.0;1000.0;1;0.00;true;true;true
Blackout;1045;idle;false;0;330.0;1000.0;1;0.00;true;true;true
Blackout;1046;idle;false;0;330.0;1000.0;1;0.00;true;true;true
Blackout;1047;idle;false;0;330.0;1000.0;1;0.00;true;true;true
Blackout;1048;idle;false;0;330.0;1000.0;1;0.00;true;true;true
Blackout;1049;idle;false;0;330.0;1000.0;1;0.00;true;true;true
Blackout;1050;idle;false;0;330.0;1000.0;1;0.00;true;true;true
Blackout;1051;idle;false;0;330.0;1000.0;1;0.00;true;true;true
Blackout;1052;idle;false;0;330.0;1000.0;1;0.00;true;true;true
Blackout;1053;idle;false;0;330.0;1000.0;1;0.00;true;true;true
Blackout;1054;idle;false;0;330.0;1000.0;1;0.00;true;true;true
Blackout;1055;idle;false;0;330.0;1000.0;1;0.00;true;true;true
Blackout;1056;idle;false;0;330.0;1000.0;1;0.00;true;true;true
Blackout;1057;idle;false;0;330.0;1000.0;1;0.00;true;true;true
Blackout;1058;idle;false;0;330.0;1000.0;1;0.00;true;true;true
Blackout;1059;throw;false;0;330.0;1000.0;1;0.00;true;true;true
Blackout;1060;throw;false;0;330.0;1000.0;1;0.00;true;true;true
Blackout;1061;throw;false;0;330.0;1000.0;1;0.00;true;true;true
Blackout;1062;throw;false;0;330.0;1000.0;1;0.00;true;true;true
Blackout;1063;throw;false;0;330.0;1000.0;1;0.00;true;true;true
Blackout;1064;throw;false;0;330.0;1000.0;1;0.00;true;true;true
Blackout;1065;throw;false;0;330.0;1000.0;1;0.00;true;true;true
Blackout;1066;throw;false;0;330.0;1000.0;1;0.00;true;true;true
Blackout;1067;throw;false;0;330.0;1000.0;1;0.00;true;true;true
Blackout;1068;throw;false;0;330.0;1000.0;1;0.00;true;true;true
Blackout;1069;throw;false;0;330.0;1000.0;1;0.00;true;true;true
Blackout;1070;throw;false;0;330.0;1000.0;1;0.00;true;true;true
Blackout;1071;throw;false;0;330.0;1000.0;1;0.00;true;true;true
Blackout;1072;throw;false;0;330.0;1000.0;1;0.00;true;true;true
Blackout;1073;throw;false;0;330.0;1000.0;1;0.00;true;true;true
Blackout;1074;throw;false;0;330.0;1000.0;1;0.00;true;true;true
Blackout;1075;throw;false;0;330.0;1000.0;1;0.00;true;true;true
Blackout;1076;throw;false;0;330.0;1000.0;1;0.00;true;true;true
Blackout;1077;throw;false;0;330.0;1000.0;1;0.00;true;true;true
Blackout;1078;idle;false;0;330.0;1000.0;1;0.00;true;true;true
Blackout;1079;idle;false;0;330.0;1000.0;1;0.00;true;true;true
Blackout;1080;idle;false;0;330.0;1000.0;1;0.00;true;true;true
Blackout;1081;idle;false;0;330.0;1000.0;1;0.00;true;true;true
Blackout;1082;idle;false;0;330.0;1000.0;1;0.00;true;true;true
Blackout;1083;idle;false;0;330.0;1000.0;1;0.00;true;true;true
Blackout;1084;idle;false;0;330.0;1000.0;1;0.00;true;true;true
Blackout;1085;idle;false;0;330.0;1000.0;1;0.00;true;true;true
Blackout;1086;idle;false;0;330.0;1000.0;1;0.00;true;true;true
Blackout;1087;idle;false;0;330.0;1000.0;1;0.00;true;true;true
Blackout;1088;idle;false;0;330.0;1000.0;1;0.00;true;true;true
Blackout;1089;idle;false;0;330.0;1000.0;1;0.00;true;true;true
Blackout;1090;idle;false;0;330.0;1000.0;1;0.00;true;true;true
Blackout;1091;idle;false;0;330.0;1000.0;1;0.00;true;true;true
Blackout;1092;idle;false;0;330.0;1000.0;1;0.00;true;true;true
Blackout;1093;idle;false;0;330.0;1000.0;1;0.00;true;true;true
Blackout;1094;idle;false;0;330.0;1000.0;1;0.00;true;true;true
Blackout;1095;idle;false;0;330.0;1000.0;1;0.00;true;true;true
Blackout;1096;idle;false;0;330.0;1000.0;1;0.00;true;true;true
Blackout;1097;idle;false;0;330.0;1000.0;1;0.00;true;true;true
Blackout;1098;idle;false;0;330.0;1000.0;1;0.00;true;true;true
Blackout;1099;idle;false;0;330.0;1000.0;1;0.00;true;true;true
Blackout;1100;idle;false;0;330.0;1000.0;1;0.00;true;true;true
Blackout;1101;idle;false;0;330.0;1000.0;1;0.00;true;true;true
Blackout;1102;idle;false;0;330.0;1000.0;1;0.00;true;true;true
Blackout;1103;idle;false;0;330.0;1000.0;1;0.00;true;true;true
Blackout;1104;idle;false;0;330.0;1000.0;1;0.00;true;true;true
Blackout;1105;idle;false;0;330.0;1000.0;1;0.00;true;true;true
Blackout;1106;idle;false;0;330.0;1000.0;1;0.00;true;true;true
Blackout;1107;idle;false;0;330.0;1000.0;1;0.00;true;true;true
Blackout;1108;idle;false;0;330.0;1000.0;1;0.00;true;true;true
Blackout;1109;idle;false;0;330.0;1000.0;1;0.00;true;true;true
Blackout;1110;idle;false;0;330.0;1000.0;1;0.00;true;true;true
Blackout;1111;idle;false;0;330.0;1000.0;1;0.00;true;true;true
Blackout;1112;idle;false;0;330.0;1000.0;1;0.00;true;true;true
Blackout;1113;idle;false;0;330.0;1000.0;1;0.00;true;true;true
Blackout;1114;idle;false;0;330.0;1000.0;1;0.00;true;true;true
Blackout;1115;idle;false;0;330.0;1000.0;1;0.00;true;true;true
Blackout;1116;idle;false;0;330.0;1000.0;1;0.00;true;true;true
Blackout;1117;idle;false;0;330.0;1000.0;1;0.00;true;true;true
Blackout;1118;idle;false;0;330.0;1000.0;1;0.00;true;true;true
Blackout;1119;idle;false;0;330.0;1000.0;1;0.00;true;true;true
Blackout;1120;idle;false;0;330.0;1000.0;1;0.00;true;true;true
Blackout;1121;idle;false;0;330.0;1000.0;1;0.00;true;true;true
Blackout;1122;idle;false;0;330.0;1000.0;1;0.00;true;true;true
Blackout;1123;idle;false;0;330.0;1000.0;1;0.00;true;true;true
Blackout;1124;idle;false;0;330.0;1000.0;1;0.00;true;true;true
Blackout;1125;idle;false;0;330.0;1000.0;1;0.00;true;true;true
Blackout;1126;idle;false;0;330.0;1000.0;1;0.00;true;true;true
Blackout;1127;idle;false;0;330.0;1000.0;1;0.00;true;true;true
Blackout;1128;idle;false;0;330.0;1000.0;1;0.00;true;true;true
Blackout;1129;idle;false;0;330.0;1000.0;1;0.00;true;true;true
Blackout;1130;idle;false;0;330.0;1000.0;1;0.00;true;true;true
Blackout;1131;idle;false;0;330.0;1000.0;1;0.00;true;true;true
Blackout;1132;idle;false;0;330.0;1000.0;1;0.00;true;true;true
Blackout;1133;idle;false;0;330.0;1000.0;1;0.00;true;true;true
Blackout;1134;idle;false;0;330.0;1000.0;1;0.00;true;true;true
Blackout;1135;idle;false;0;330.0;1000.0;1;0.00;true;true;true
Blackout;1136;idle;false;0;330.0;1000.0;1;0.00;true;true;true
Blackout;1137;idle;false;0;330.0;1000.0;1;0.00;true;true;true
Blackout;1138;throw;false;0;330.0;1000.0;1;0.00;true;true;true
Blackout;1139;throw;false;0;330.0;1000.0;1;0.00;true;true;true
Blackout;1140;throw;false;0;330.0;1000.0;1;0.00;true;true;true
Blackout;1141;throw;false;0;330.0;1000.0;1;0.00;true;true;true
Blackout;1142;throw;false;0;330.0;1000.0;1;0.00;true;true;true
Blackout;1143;throw;false;0;330.0;1000.0;1;0.00;true;true;true
Blackout;1144;throw;false;0;330.0;1000.0;1;0.00;true;true;true
Blackout;1145;throw;false;0;330.0;1000.0;1;0.00;true;true;true
Blackout;1146;throw;false;0;330.0;1000.0;1;0.00;true;true;true
Blackout;1147;throw;false;0;330.0;1000.0;1;0.00;true;true;true
Blackout;1148;throw;false;0;330.0;1000.0;1;0.00;true;true;true
Blackout;1149;throw;false;0;330.0;1000.0;1;0.00;true;true;true
Blackout;1150;throw;false;0;330.0;1000.0;1;0.00;true;true;true
Blackout;1151;throw;false;0;330.0;1000.0;1;0.00;true;true;true
Blackout;1152;throw;false;0;330.0;1000.0;1;0.00;true;true;true
Blackout;1153;throw;false;0;330.0;1000.0;1;0.00;true;true;true
Blackout;1154;throw;false;0;330.0;1000.0;1;0.00;true;true;true
Blackout;1155;throw;false;0;330.0;1000.0;1;0.00;true;true;true
Blackout;1156;idle;false;0;330.0;1000.0;1;0.00;true;true;true
Blackout;1157;idle;false;0;330.0;1000.0;1;0.00;true;true;true
Blackout;1158;idle;false;0;330.0;1000.0;1;0.00;true;true;true
Blackout;1159;idle;false;0;330.0;1000.0;1;0.00;true;true;true
Blackout;1160;idle;false;0;330.0;1000.0;1;0.00;true;true;true
Blackout;1161;idle;false;0;330.0;1000.0;1;0.00;true;true;true
Blackout;1162;idle;false;0;330.0;1000.0;1;0.00;true;true;true
Blackout;1163;idle;false;0;330.0;1000.0;1;0.00;true;true;true
Blackout;1164;idle;false;0;330.0;1000.0;1;0.00;true;true;true
Blackout;1165;idle;false;0;330.0;1000.0;1;0.00;true;true;true
Blackout;1166;idle;false;0;330.0;1000.0;1;0.00;true;true;true
Blackout;1167;idle;false;0;330.0;1000.0;1;0.00;true;true;true
Blackout;1168;idle;false;0;330.0;1000.0;1;0.00;true;true;true
Blackout;1169;idle;false;0;330.0;1000.0;1;0.00;true;true;true
Blackout;1170;idle;false;0;330.0;1000.0;1;0.00;true;true;true
Blackout;1171;idle;false;0;330.0;1000.0;1;0.00;true;true;true
Blackout;1172;idle;false;0;330.0;1000.0;1;0.00;true;true;true
Blackout;1173;idle;false;0;330.0;1000.0;1;0.00;true;true;true
Blackout;1174;idle;false;0;330.0;1000.0;1;0.00;true;true;true
Blackout;1175;idle;false;0;330.0;1000.0;1;0.00;true;true;true
Blackout;1176;idle;false;0;330.0;1000.0;1;0.00;true;true;true
Blackout;1177;idle;false;0;330.0;1000.0;1;0.00;true;true;true
Blackout;1178;idle;false;0;330.0;1000.0;1;0.00;true;true;true
Blackout;1179;idle;false;0;330.0;1000.0;1;0.00;true;true;true
Blackout;1180;idle;false;0;330.0;1000.0;1;0.00;true;true;true
Blackout;1181;idle;false;0;330.0;1000.0;1;0.00;true;true;true
Blackout;1182;idle;false;0;330.0;1000.0;1;0.00;true;true;true
Blackout;1183;idle;false;0;330.0;1000.0;1;0.00;true;true;true
Blackout;1184;idle;false;0;330.0;1000.0;1;0.00;true;true;true
Blackout;1185;idle;false;0;330.0;1000.0;1;0.00;true;true;true
Blackout;1186;idle;false;0;330.0;1000.0;1;0.00;true;true;true
Blackout;1187;idle;false;0;330.0;1000.0;1;0.00;true;true;true
Blackout;1188;idle;false;0;330.0;1000.0;1;0.00;true;true;true
Blackout;1189;idle;false;0;330.0;1000.0;1;0.00;true;true;true
Blackout;1190;idle;false;0;330.0;1000.0;1;0.00;true;true;true
Blackout;1191;idle;false;0;330.0;1000.0;1;0.00;true;true;true
Blackout;1192;idle;false;0;330.0;1000.0;1;0.00;true;true;true
Blackout;1193;idle;false;0;330.0;1000.0;1;0.00;true;true;true
Blackout;1194;idle;false;0;330.0;1000.0;1;0.00;true;true;true
Blackout;1195;idle;false;0;330.0;1000.0;1;0.00;true;true;true
Blackout;1196;idle;false;0;330.0;1000.0;1;0.00;true;true;true
Blackout;1197;idle;false;0;330.0;1000.0;1;0.00;true;true;true
Blackout;1198;idle;false;0;330.0;1000.0;1;0.00;true;true;true
Blackout;1199;idle;false;0;330.0;1000.0;1;0.00;true;true;true
Blackout;1200;idle;false;0;330.0;1000.0;1;0.00;true;true;true
Blackout;1201;idle;false;0;330.0;1000.0;1;0.00;true;true;true
Blackout;1202;idle;false;0;330.0;1000.0;1;0.00;true;true;true
Blackout;1203;idle;false;0;330.0;1000.0;1;0.00;true;true;true
Blackout;1204;idle;false;0;330.0;1000.0;1;0.00;true;true;true
Blackout;1205;idle;false;0;330.0;1000.0;1;0.00;true;true;true
Blackout;1206;idle;false;0;330.0;1000.0;1;0.00;true;true;true
Blackout;1207;idle;false;0;330.0;1000.0;1;0.00;true;true;true
Blackout;1208;idle;false;0;330.0;1000.0;1;0.00;true;true;true
Blackout;1209;idle;false;0;330.0;1000.0;1;0.00;true;true;true
Blackout;1210;idle;false;0;330.0;1000.0;1;0.00;true;true;true
Blackout;1211;idle;false;0;330.0;1000.0;1;0.00;true;true;true
Blackout;1212;idle;false;0;330.0;1000.0;1;0.00;true;true;true
Blackout;1213;idle;false;0;330.0;1000.0;1;0.00;true;true;true
Blackout;1214;idle;false;0;330.0;1000.0;1;0.00;true;true;true
Blackout;1215;idle;false;0;330.0;1000.0;1;0.00;true;true;true
Blackout;1216;throw;false;0;330.0;1000.0;1;0.00;true;true;true
Blackout;1217;throw;false;0;330.0;1000.0;1;0.00;true;true;true
Blackout;1218;throw;false;0;330.0;1000.0;1;0.00;true;true;true
Blackout;1219;throw;false;0;330.0;1000.0;1;0.00;true;true;true
Blackout;1220;throw;false;0;330.0;1000.0;1;0.00;true;true;true
Blackout;1221;throw;false;0;330.0;1000.0;1;0.00;true;true;true
Blackout;1222;throw;false;0;330.0;1000.0;1;0.00;true;true;true
Blackout;1223;throw;false;0;330.0;1000.0;1;0.00;true;true;true
Blackout;1224;throw;false;0;330.0;1000.0;1;0.00;true;true;true
Blackout;1225;throw;false;0;330.0;1000.0;1;0.00;true;true;true
Blackout;1226;throw;false;0;330.0;1000.0;1;0.00;true;true;true
Blackout;1227;throw;false;0;330.0;1000.0;1;0.00;true;true;true
Blackout;1228;throw;false;0;330.0;1000.0;1;0.00;true;true;true
Blackout;1229;throw;false;0;330.0;1000.0;1;0.00;true;true;true
Blackout;1230;throw;false;0;330.0;1000.0;1;0.00;true;true;true
Blackout;1231;throw;false;0;330.0;1000.0;1;0.00;true;true;true
Blackout;1232;throw;false;0;330.0;1000.0;1;0.00;true;true;true
Blackout;1233;throw;false;0;330.0;1000.0;1;0.00;true;true;true
Blackout;1234;idle;false;0;330.0;1000.0;1;0.00;true;true;true
Blackout;1235;idle;false;0;330.0;1000.0;1;0.00;true;true;true
Blackout;1236;idle;false;0;330.0;1000.0;1;0.00;true;true;true
Blackout;1237;idle;false;0;330.0;1000.0;1;0.00;true;true;true
Blackout;1238;idle;false;0;330.0;1000.0;1;0.00;true;true;true
Blackout;1239;idle;false;0;330.0;1000.0;1;0.00;true;true;true
Blackout;1240;idle;false;0;330.0;1000.0;1;0.00;true;true;true
Blackout;1241;idle;false;0;330.0;1000.0;1;0.00;true;true;true
Blackout;1242;idle;false;0;330.0;1000.0;1;0.00;true;true;true
Blackout;1243;idle;false;0;330.0;1000.0;1;0.00;true;true;true
Blackout;1244;idle;false;0;330.0;1000.0;1;0.00;true;true;true
Blackout;1245;idle;false;0;330.0;1000.0;1;0.00;true;true;true
Blackout;1246;idle;false;0;330.0;1000.0;1;0.00;true;true;true
Blackout;1247;idle;false;0;330.0;1000.0;1;0.00;true;true;true
Blackout;1248;idle;false;0;330.0;1000.0;1;0.00;true;true;true
Blackout;1249;idle;false;0;330.0;1000.0;1;0.00;true;true;true
Blackout;1250;idle;false;0;330.0;1000.0;1;0.00;true;true;true
Blackout;1251;idle;false;0;330.0;1000.0;1;0.00;true;true;true
Blackout;1252;idle;false;0;330.0;1000.0;1;0.00;true;true;true
Blackout;1253;idle;false;0;330.0;1000.0;1;0.00;true;true;true
Blackout;1254;idle;false;0;330.0;1000.0;1;0.00;true;true;true
Blackout;1255;idle;false;0;330.0;1000.0;1;0.00;true;true;true
Blackout;1256;idle;false;0;330.0;1000.0;1;0.00;true;true;true
Blackout;1257;idle;false;0;330.0;1000.0;1;0.00;true;true;true
Blackout;1258;idle;false;0;330.0;1000.0;1;0.00;true;true;true
Blackout;1259;idle;false;0;330.0;1000.0;1;0.00;true;true;true
Blackout;1260;idle;false;0;330.0;1000.0;1;0.00;true;true;true
Blackout;1261;idle;false;0;330.0;1000.0;1;0.00;true;true;true
Blackout;1262;idle;false;0;330.0;1000.0;1;0.00;true;true;true
Blackout;1263;idle;false;0;330.0;1000.0;1;0.00;true;true;true
Blackout;1264;idle;false;0;330.0;1000.0;1;0.00;true;true;true
Blackout;1265;idle;false;0;330.0;1000.0;1;0.00;true;true;true
Blackout;1266;idle;false;0;330.0;1000.0;1;0.00;true;true;true
Blackout;1267;idle;false;0;330.0;1000.0;1;0.00;true;true;true
Blackout;1268;idle;false;0;330.0;1000.0;1;0.00;true;true;true
Blackout;1269;idle;false;0;330.0;1000.0;1;0.00;true;true;true
Blackout;1270;idle;false;0;330.0;1000.0;1;0.00;true;true;true
Blackout;1271;idle;false;0;330.0;1000.0;1;0.00;true;true;true
Blackout;1272;idle;false;0;330.0;1000.0;1;0.00;true;true;true
Blackout;1273;idle;false;0;330.0;1000.0;1;0.00;true;true;true
Blackout;1274;idle;false;0;330.0;1000.0;1;0.00;true;true;true
Blackout;1275;idle;false;0;330.0;1000.0;1;0.00;true;true;true
Blackout;1276;idle;false;0;330.0;1000.0;1;0.00;true;true;true
Blackout;1277;idle;false;0;330.0;1000.0;1;0.00;true;true;true
Blackout;1278;idle;false;0;330.0;1000.0;1;0.00;true;true;true
Blackout;1279;idle;false;0;330.0;1000.0;1;0.00;true;true;true
Blackout;1280;idle;false;0;330.0;1000.0;1;0.00;true;true;true
Blackout;1281;idle;false;0;330.0;1000.0;1;0.00;true;true;true
Blackout;1282;idle;false;0;330.0;1000.0;1;0.00;true;true;true
Blackout;1283;idle;false;0;330.0;1000.0;1;0.00;true;true;true
Blackout;1284;idle;false;0;330.0;1000.0;1;0.00;true;true;true
Blackout;1285;idle;false;0;330.0;1000.0;1;0.00;true;true;true
Blackout;1286;idle;false;0;330.0;1000.0;1;0.00;true;true;true
Blackout;1287;idle;false;0;330.0;1000.0;1;0.00;true;true;true
Blackout;1288;idle;false;0;330.0;1000.0;1;0.00;true;true;true
Blackout;1289;idle;false;0;330.0;1000.0;1;0.00;true;true;true
Blackout;1290;idle;false;0;330.0;1000.0;1;0.00;true;true;true
