ataque;quadro;pose;vanish;arte;desenho;facing;pes_x;pes_y;leva_tiro
Rabbits;1;tap;0.00;true;2;-1;1560.0;1000.0;true
Rabbits;2;tap;0.00;true;2;-1;1560.0;1000.0;true
Rabbits;3;tap;0.00;true;2;-1;1560.0;1000.0;true
Rabbits;4;tap;0.00;true;2;-1;1560.0;1000.0;true
Rabbits;5;tap;0.00;true;3;-1;1560.0;1000.0;true
Rabbits;6;tap;0.00;true;3;-1;1560.0;1000.0;true
Rabbits;7;tap;0.00;true;3;-1;1560.0;1000.0;true
Rabbits;8;tap;0.00;true;3;-1;1560.0;1000.0;true
Rabbits;9;tap;0.00;true;3;-1;1560.0;1000.0;true
Rabbits;10;tap;0.00;true;1;-1;1560.0;1000.0;true
Rabbits;11;tap;0.00;true;1;-1;1560.0;1000.0;true
Rabbits;12;tap;0.00;true;1;-1;1560.0;1000.0;true
Rabbits;13;tap;0.00;true;1;-1;1560.0;1000.0;true
Rabbits;14;tap;0.00;true;1;-1;1560.0;1000.0;true
Rabbits;15;tap;0.00;true;1;-1;1560.0;1000.0;true
Rabbits;16;tap;0.00;true;1;-1;1560.0;1000.0;true
Rabbits;17;tap;0.00;true;1;-1;1560.0;1000.0;true
Rabbits;18;tap;0.00;true;2;-1;1560.0;1000.0;true
Rabbits;19;tap;0.00;true;2;-1;1560.0;1000.0;true
Rabbits;20;tap;0.00;true;2;-1;1560.0;1000.0;true
Rabbits;21;tap;0.00;true;2;-1;1560.0;1000.0;true
Rabbits;22;tap;0.00;true;2;-1;1560.0;1000.0;true
Rabbits;23;tap;0.00;true;3;-1;1560.0;1000.0;true
Rabbits;24;tap;0.00;true;3;-1;1560.0;1000.0;true
Rabbits;25;tap;0.00;true;3;-1;1560.0;1000.0;true
Rabbits;26;tap;0.00;true;3;-1;1560.0;1000.0;true
Rabbits;27;tap;0.00;true;3;-1;1560.0;1000.0;true
Rabbits;28;tap;0.00;true;1;-1;1560.0;1000.0;true
Rabbits;29;tap;0.00;true;1;-1;1560.0;1000.0;true
Rabbits;30;tap;0.00;true;1;-1;1560.0;1000.0;true
Rabbits;31;tap;0.00;true;1;-1;1560.0;1000.0;true
Rabbits;32;tap;0.00;true;1;-1;1560.0;1000.0;true
Rabbits;33;tap;0.00;true;1;-1;1560.0;1000.0;true
Rabbits;34;tap;0.00;true;1;-1;1560.0;1000.0;true
Rabbits;35;tap;0.00;true;1;-1;1560.0;1000.0;true
Rabbits;36;tap;0.00;true;2;-1;1560.0;1000.0;true
Rabbits;37;tap;0.00;true;2;-1;1560.0;1000.0;true
Rabbits;38;tap;0.00;true;2;-1;1560.0;1000.0;true
Rabbits;39;tap;0.00;true;2;-1;1560.0;1000.0;true
Rabbits;40;tap;0.00;true;2;-1;1560.0;1000.0;true
Rabbits;41;tap;0.00;true;3;-1;1560.0;1000.0;true
Rabbits;42;idle;0.00;true;4;-1;1560.0;1000.0;true
Rabbits;43;idle;0.00;true;4;-1;1560.0;1000.0;true
Rabbits;44;idle;0.00;true;4;-1;1560.0;1000.0;true
Rabbits;45;idle;0.00;true;4;-1;1560.0;1000.0;true
Rabbits;46;idle;0.00;true;4;-1;1560.0;1000.0;true
Rabbits;47;idle;0.00;true;4;-1;1560.0;1000.0;true
Rabbits;48;idle;0.00;true;4;-1;1560.0;1000.0;true
Rabbits;49;idle;0.00;true;4;-1;1560.0;1000.0;true
Rabbits;50;idle;0.00;true;4;-1;1560.0;1000.0;true
Rabbits;51;idle;0.00;true;4;-1;1560.0;1000.0;true
Rabbits;52;idle;0.00;true;3;-1;1560.0;1000.0;true
Rabbits;53;idle;0.00;true;3;-1;1560.0;1000.0;true
Rabbits;54;idle;0.00;true;3;-1;1560.0;1000.0;true
Rabbits;55;idle;0.00;true;3;-1;1560.0;1000.0;true
Rabbits;56;idle;0.00;true;3;-1;1560.0;1000.0;true
Rabbits;57;idle;0.00;true;3;-1;1560.0;1000.0;true
Rabbits;58;idle;0.00;true;3;-1;1560.0;1000.0;true
Rabbits;59;idle;0.00;true;3;-1;1560.0;1000.0;true
Rabbits;60;tap;0.00;true;2;-1;1560.0;1000.0;true
Rabbits;61;tap;0.00;true;2;-1;1560.0;1000.0;true
Rabbits;62;tap;0.00;true;2;-1;1560.0;1000.0;true
Rabbits;63;tap;0.00;true;2;-1;1560.0;1000.0;true
Rabbits;64;tap;0.00;true;3;-1;1560.0;1000.0;true
Rabbits;65;tap;0.00;true;3;-1;1560.0;1000.0;true
Rabbits;66;tap;0.00;true;3;-1;1560.0;1000.0;true
Rabbits;67;tap;0.00;true;3;-1;1560.0;1000.0;true
Rabbits;68;tap;0.00;true;3;-1;1560.0;1000.0;true
Rabbits;69;idle;0.00;true;4;-1;1560.0;1000.0;true
Rabbits;70;idle;0.00;true;4;-1;1560.0;1000.0;true
Rabbits;71;idle;0.00;true;4;-1;1560.0;1000.0;true
Rabbits;72;idle;0.00;true;4;-1;1560.0;1000.0;true
Rabbits;73;idle;0.00;true;4;-1;1560.0;1000.0;true
Rabbits;74;idle;0.00;true;4;-1;1560.0;1000.0;true
Rabbits;75;idle;0.00;true;4;-1;1560.0;1000.0;true
Rabbits;76;idle;0.00;true;4;-1;1560.0;1000.0;true
Rabbits;77;idle;0.00;true;4;-1;1560.0;1000.0;true
Rabbits;78;idle;0.00;true;4;-1;1560.0;1000.0;true
Rabbits;79;idle;0.00;true;1;-1;1560.0;1000.0;true
Rabbits;80;idle;0.00;true;2;-1;1560.0;1000.0;true
Rabbits;81;idle;0.00;true;2;-1;1560.0;1000.0;true
Rabbits;82;idle;0.00;true;2;-1;1560.0;1000.0;true
Rabbits;83;idle;0.00;true;2;-1;1560.0;1000.0;true
Rabbits;84;idle;0.00;true;2;-1;1560.0;1000.0;true
Rabbits;85;idle;0.00;true;2;-1;1560.0;1000.0;true
Rabbits;86;idle;0.00;true;2;-1;1560.0;1000.0;true
Rabbits;87;idle;0.00;true;2;-1;1560.0;1000.0;true
Rabbits;88;idle;0.00;true;2;-1;1560.0;1000.0;true
Rabbits;89;idle;0.00;true;2;-1;1560.0;1000.0;true
Rabbits;90;idle;0.00;true;3;-1;1560.0;1000.0;true
Rabbits;91;tap;0.00;true;2;-1;1560.0;1000.0;true
Rabbits;92;tap;0.00;true;2;-1;1560.0;1000.0;true
Rabbits;93;tap;0.00;true;2;-1;1560.0;1000.0;true
Rabbits;94;tap;0.00;true;2;-1;1560.0;1000.0;true
Rabbits;95;tap;0.00;true;3;-1;1560.0;1000.0;true
Rabbits;96;tap;0.00;true;3;-1;1560.0;1000.0;true
Rabbits;97;tap;0.00;true;3;-1;1560.0;1000.0;true
Rabbits;98;tap;0.00;true;3;-1;1560.0;1000.0;true
Rabbits;99;tap;0.00;true;3;-1;1560.0;1000.0;true
Rabbits;100;idle;0.00;true;4;-1;1560.0;1000.0;true
Rabbits;101;idle;0.00;true;4;-1;1560.0;1000.0;true
Rabbits;102;idle;0.00;true;4;-1;1560.0;1000.0;true
Rabbits;103;idle;0.00;true;4;-1;1560.0;1000.0;true
Rabbits;104;idle;0.00;true;4;-1;1560.0;1000.0;true
Rabbits;105;idle;0.00;true;4;-1;1560.0;1000.0;true
Rabbits;106;idle;0.00;true;4;-1;1560.0;1000.0;true
Rabbits;107;idle;0.00;true;4;-1;1560.0;1000.0;true
Rabbits;108;idle;0.00;true;4;-1;1560.0;1000.0;true
Rabbits;109;idle;0.00;true;4;-1;1560.0;1000.0;true
Rabbits;110;idle;0.00;true;1;-1;1560.0;1000.0;true
Rabbits;111;idle;0.00;true;1;-1;1560.0;1000.0;true
Rabbits;112;idle;0.00;true;1;-1;1560.0;1000.0;true
Rabbits;113;idle;0.00;true;1;-1;1560.0;1000.0;true
Rabbits;114;idle;0.00;true;1;-1;1560.0;1000.0;true
Rabbits;115;idle;0.00;true;1;-1;1560.0;1000.0;true
Rabbits;116;idle;0.00;true;1;-1;1560.0;1000.0;true
Rabbits;117;idle;0.00;true;1;-1;1560.0;1000.0;true
Rabbits;118;idle;0.00;true;1;-1;1560.0;1000.0;true
Rabbits;119;idle;0.00;true;1;-1;1560.0;1000.0;true
Rabbits;120;idle;0.00;true;2;-1;1560.0;1000.0;true
Rabbits;121;tap;0.00;true;2;-1;1560.0;1000.0;true
Rabbits;122;tap;0.00;true;2;-1;1560.0;1000.0;true
Rabbits;123;tap;0.00;true;2;-1;1560.0;1000.0;true
Rabbits;124;tap;0.00;true;2;-1;1560.0;1000.0;true
Rabbits;125;tap;0.00;true;3;-1;1560.0;1000.0;true
Rabbits;126;tap;0.00;true;3;-1;1560.0;1000.0;true
Rabbits;127;tap;0.00;true;3;-1;1560.0;1000.0;true
Rabbits;128;tap;0.00;true;3;-1;1560.0;1000.0;true
Rabbits;129;tap;0.00;true;3;-1;1560.0;1000.0;true
Rabbits;130;idle;0.00;true;4;-1;1560.0;1000.0;true
Rabbits;131;idle;0.00;true;4;-1;1560.0;1000.0;true
Rabbits;132;idle;0.00;true;4;-1;1560.0;1000.0;true
Rabbits;133;idle;0.00;true;4;-1;1560.0;1000.0;true
Rabbits;134;idle;0.00;true;4;-1;1560.0;1000.0;true
Rabbits;135;idle;0.00;true;4;-1;1560.0;1000.0;true
Rabbits;136;idle;0.00;true;4;-1;1560.0;1000.0;true
Rabbits;137;idle;0.00;true;4;-1;1560.0;1000.0;true
Rabbits;138;idle;0.00;true;4;-1;1560.0;1000.0;true
Rabbits;139;idle;0.00;true;4;-1;1560.0;1000.0;true
Rabbits;140;idle;0.00;true;4;-1;1560.0;1000.0;true
Rabbits;141;idle;0.00;true;4;-1;1560.0;1000.0;true
Rabbits;142;idle;0.00;true;4;-1;1560.0;1000.0;true
Rabbits;143;idle;0.00;true;4;-1;1560.0;1000.0;true
Rabbits;144;idle;0.00;true;4;-1;1560.0;1000.0;true
Rabbits;145;idle;0.00;true;4;-1;1560.0;1000.0;true
Rabbits;146;idle;0.00;true;4;-1;1560.0;1000.0;true
Rabbits;147;idle;0.00;true;4;-1;1560.0;1000.0;true
Rabbits;148;idle;0.00;true;4;-1;1560.0;1000.0;true
Rabbits;149;idle;0.00;true;4;-1;1560.0;1000.0;true
Rabbits;150;idle;0.00;true;1;-1;1560.0;1000.0;true
Rabbits;151;tap;0.00;true;2;-1;1560.0;1000.0;true
Rabbits;152;tap;0.00;true;2;-1;1560.0;1000.0;true
Rabbits;153;tap;0.00;true;2;-1;1560.0;1000.0;true
Rabbits;154;tap;0.00;true;2;-1;1560.0;1000.0;true
Rabbits;155;tap;0.00;true;3;-1;1560.0;1000.0;true
Rabbits;156;tap;0.00;true;3;-1;1560.0;1000.0;true
Rabbits;157;tap;0.00;true;3;-1;1560.0;1000.0;true
Rabbits;158;tap;0.00;true;3;-1;1560.0;1000.0;true
Rabbits;159;tap;0.00;true;3;-1;1560.0;1000.0;true
Rabbits;160;idle;0.00;true;4;-1;1560.0;1000.0;true
Rabbits;161;idle;0.00;true;4;-1;1560.0;1000.0;true
Rabbits;162;idle;0.00;true;4;-1;1560.0;1000.0;true
Rabbits;163;idle;0.00;true;4;-1;1560.0;1000.0;true
Rabbits;164;idle;0.00;true;4;-1;1560.0;1000.0;true
Rabbits;165;idle;0.00;true;4;-1;1560.0;1000.0;true
Rabbits;166;idle;0.00;true;4;-1;1560.0;1000.0;true
Rabbits;167;idle;0.00;true;4;-1;1560.0;1000.0;true
Rabbits;168;idle;0.00;true;4;-1;1560.0;1000.0;true
Rabbits;169;idle;0.00;true;4;-1;1560.0;1000.0;true
Rabbits;170;idle;0.00;true;3;-1;1560.0;1000.0;true
Rabbits;171;idle;0.00;true;3;-1;1560.0;1000.0;true
Rabbits;172;idle;0.00;true;3;-1;1560.0;1000.0;true
Rabbits;173;idle;0.00;true;3;-1;1560.0;1000.0;true
Rabbits;174;idle;0.00;true;3;-1;1560.0;1000.0;true
Rabbits;175;idle;0.00;true;3;-1;1560.0;1000.0;true
Rabbits;176;idle;0.00;true;3;-1;1560.0;1000.0;true
Rabbits;177;idle;0.00;true;3;-1;1560.0;1000.0;true
Rabbits;178;idle;0.00;true;3;-1;1560.0;1000.0;true
Rabbits;179;idle;0.00;true;3;-1;1560.0;1000.0;true
Rabbits;180;idle;0.00;true;4;-1;1560.0;1000.0;true
Rabbits;181;tap;0.00;true;2;-1;1560.0;1000.0;true
Rabbits;182;tap;0.00;true;2;-1;1560.0;1000.0;true
Rabbits;183;tap;0.00;true;2;-1;1560.0;1000.0;true
Rabbits;184;tap;0.00;true;2;-1;1560.0;1000.0;true
Rabbits;185;tap;0.00;true;3;-1;1560.0;1000.0;true
Rabbits;186;tap;0.00;true;3;-1;1560.0;1000.0;true
Rabbits;187;tap;0.00;true;3;-1;1560.0;1000.0;true
Rabbits;188;tap;0.00;true;3;-1;1560.0;1000.0;true
Rabbits;189;tap;0.00;true;3;-1;1560.0;1000.0;true
Rabbits;190;idle;0.00;true;4;-1;1560.0;1000.0;true
Rabbits;191;idle;0.00;true;4;-1;1560.0;1000.0;true
Rabbits;192;idle;0.00;true;4;-1;1560.0;1000.0;true
Rabbits;193;idle;0.00;true;4;-1;1560.0;1000.0;true
Rabbits;194;idle;0.00;true;4;-1;1560.0;1000.0;true
Rabbits;195;idle;0.00;true;4;-1;1560.0;1000.0;true
Rabbits;196;idle;0.00;true;4;-1;1560.0;1000.0;true
Rabbits;197;idle;0.00;true;4;-1;1560.0;1000.0;true
Rabbits;198;idle;0.00;true;4;-1;1560.0;1000.0;true
Rabbits;199;idle;0.00;true;4;-1;1560.0;1000.0;true
Rabbits;200;idle;0.00;true;2;-1;1560.0;1000.0;true
Rabbits;201;idle;0.00;true;2;-1;1560.0;1000.0;true
Rabbits;202;idle;0.00;true;2;-1;1560.0;1000.0;true
Rabbits;203;idle;0.00;true;2;-1;1560.0;1000.0;true
Rabbits;204;idle;0.00;true;2;-1;1560.0;1000.0;true
Rabbits;205;idle;0.00;true;2;-1;1560.0;1000.0;true
Rabbits;206;idle;0.00;true;2;-1;1560.0;1000.0;true
Rabbits;207;idle;0.00;true;2;-1;1560.0;1000.0;true
Rabbits;208;idle;0.00;true;2;-1;1560.0;1000.0;true
Rabbits;209;idle;0.00;true;2;-1;1560.0;1000.0;true
Rabbits;210;idle;0.00;true;3;-1;1560.0;1000.0;true
Rabbits;211;tap;0.00;true;2;-1;1560.0;1000.0;true
Rabbits;212;tap;0.00;true;2;-1;1560.0;1000.0;true
Rabbits;213;tap;0.00;true;2;-1;1560.0;1000.0;true
Rabbits;214;tap;0.00;true;2;-1;1560.0;1000.0;true
Rabbits;215;tap;0.00;true;3;-1;1560.0;1000.0;true
Rabbits;216;tap;0.00;true;3;-1;1560.0;1000.0;true
Rabbits;217;tap;0.00;true;3;-1;1560.0;1000.0;true
Rabbits;218;tap;0.00;true;3;-1;1560.0;1000.0;true
Rabbits;219;tap;0.00;true;3;-1;1560.0;1000.0;true
Rabbits;220;idle;0.00;true;4;-1;1560.0;1000.0;true
Rabbits;221;idle;0.00;true;4;-1;1560.0;1000.0;true
Rabbits;222;idle;0.00;true;4;-1;1560.0;1000.0;true
Rabbits;223;idle;0.00;true;4;-1;1560.0;1000.0;true
Rabbits;224;idle;0.00;true;4;-1;1560.0;1000.0;true
Rabbits;225;idle;0.00;true;4;-1;1560.0;1000.0;true
Rabbits;226;idle;0.00;true;4;-1;1560.0;1000.0;true
Rabbits;227;idle;0.00;true;4;-1;1560.0;1000.0;true
Rabbits;228;idle;0.00;true;4;-1;1560.0;1000.0;true
Rabbits;229;idle;0.00;true;4;-1;1560.0;1000.0;true
Rabbits;230;idle;0.00;true;1;-1;1560.0;1000.0;true
Rabbits;231;idle;0.00;true;1;-1;1560.0;1000.0;true
Rabbits;232;idle;0.00;true;1;-1;1560.0;1000.0;true
Rabbits;233;idle;0.00;true;1;-1;1560.0;1000.0;true
Rabbits;234;idle;0.00;true;1;-1;1560.0;1000.0;true
Rabbits;235;idle;0.00;true;1;-1;1560.0;1000.0;true
Rabbits;236;idle;0.00;true;1;-1;1560.0;1000.0;true
Rabbits;237;idle;0.00;true;1;-1;1560.0;1000.0;true
Rabbits;238;idle;0.00;true;1;-1;1560.0;1000.0;true
Rabbits;239;idle;0.00;true;1;-1;1560.0;1000.0;true
Rabbits;240;idle;0.00;true;2;-1;1560.0;1000.0;true
Rabbits;241;tap;0.00;true;2;-1;1560.0;1000.0;true
Rabbits;242;tap;0.00;true;2;-1;1560.0;1000.0;true
Rabbits;243;tap;0.00;true;2;-1;1560.0;1000.0;true
Rabbits;244;tap;0.00;true;2;-1;1560.0;1000.0;true
Rabbits;245;tap;0.00;true;3;-1;1560.0;1000.0;true
Rabbits;246;tap;0.00;true;3;-1;1560.0;1000.0;true
Rabbits;247;tap;0.00;true;3;-1;1560.0;1000.0;true
Rabbits;248;tap;0.00;true;3;-1;1560.0;1000.0;true
Rabbits;249;tap;0.00;true;3;-1;1560.0;1000.0;true
Rabbits;250;idle;0.00;true;4;-1;1560.0;1000.0;true
Rabbits;251;idle;0.00;true;4;-1;1560.0;1000.0;true
Rabbits;252;idle;0.00;true;4;-1;1560.0;1000.0;true
Rabbits;253;idle;0.00;true;4;-1;1560.0;1000.0;true
Rabbits;254;idle;0.00;true;4;-1;1560.0;1000.0;true
Rabbits;255;idle;0.00;true;4;-1;1560.0;1000.0;true
Rabbits;256;idle;0.00;true;4;-1;1560.0;1000.0;true
Rabbits;257;idle;0.00;true;4;-1;1560.0;1000.0;true
Rabbits;258;idle;0.00;true;4;-1;1560.0;1000.0;true
Rabbits;259;idle;0.00;true;4;-1;1560.0;1000.0;true
Rabbits;260;idle;0.00;true;4;-1;1560.0;1000.0;true
Rabbits;261;idle;0.00;true;4;-1;1560.0;1000.0;true
Rabbits;262;idle;0.00;true;4;-1;1560.0;1000.0;true
Rabbits;263;idle;0.00;true;4;-1;1560.0;1000.0;true
Rabbits;264;idle;0.00;true;4;-1;1560.0;1000.0;true
Rabbits;265;idle;0.00;true;4;-1;1560.0;1000.0;true
Rabbits;266;idle;0.00;true;4;-1;1560.0;1000.0;true
Rabbits;267;idle;0.00;true;4;-1;1560.0;1000.0;true
Rabbits;268;idle;0.00;true;4;-1;1560.0;1000.0;true
Rabbits;269;idle;0.00;true;4;-1;1560.0;1000.0;true
Rabbits;270;idle;0.00;true;1;-1;1560.0;1000.0;true
Rabbits;271;tap;0.00;true;2;-1;1560.0;1000.0;true
Rabbits;272;tap;0.00;true;2;-1;1560.0;1000.0;true
Rabbits;273;tap;0.00;true;2;-1;1560.0;1000.0;true
Rabbits;274;tap;0.00;true;2;-1;1560.0;1000.0;true
Rabbits;275;tap;0.00;true;3;-1;1560.0;1000.0;true
Rabbits;276;tap;0.00;true;3;-1;1560.0;1000.0;true
Rabbits;277;tap;0.00;true;3;-1;1560.0;1000.0;true
Rabbits;278;tap;0.00;true;3;-1;1560.0;1000.0;true
Rabbits;279;tap;0.00;true;3;-1;1560.0;1000.0;true
Rabbits;280;idle;0.00;true;4;-1;1560.0;1000.0;true
Rabbits;281;idle;0.00;true;4;-1;1560.0;1000.0;true
Rabbits;282;idle;0.00;true;4;-1;1560.0;1000.0;true
Rabbits;283;idle;0.00;true;4;-1;1560.0;1000.0;true
Rabbits;284;idle;0.00;true;4;-1;1560.0;1000.0;true
Rabbits;285;idle;0.00;true;4;-1;1560.0;1000.0;true
Rabbits;286;idle;0.00;true;4;-1;1560.0;1000.0;true
Rabbits;287;idle;0.00;true;4;-1;1560.0;1000.0;true
Rabbits;288;idle;0.00;true;4;-1;1560.0;1000.0;true
Rabbits;289;idle;0.00;true;4;-1;1560.0;1000.0;true
Rabbits;290;idle;0.00;true;3;-1;1560.0;1000.0;true
Rabbits;291;idle;0.00;true;3;-1;1560.0;1000.0;true
Rabbits;292;idle;0.00;true;3;-1;1560.0;1000.0;true
Rabbits;293;idle;0.00;true;3;-1;1560.0;1000.0;true
Rabbits;294;idle;0.00;true;3;-1;1560.0;1000.0;true
Rabbits;295;idle;0.00;true;3;-1;1560.0;1000.0;true
Rabbits;296;idle;0.00;true;3;-1;1560.0;1000.0;true
Rabbits;297;idle;0.00;true;3;-1;1560.0;1000.0;true
Rabbits;298;idle;0.00;true;3;-1;1560.0;1000.0;true
Rabbits;299;idle;0.00;true;3;-1;1560.0;1000.0;true
Rabbits;300;idle;0.00;true;4;-1;1560.0;1000.0;true
Rabbits;301;tap;0.00;true;2;-1;1560.0;1000.0;true
Rabbits;302;tap;0.00;true;2;-1;1560.0;1000.0;true
Rabbits;303;tap;0.00;true;2;-1;1560.0;1000.0;true
Rabbits;304;tap;0.00;true;2;-1;1560.0;1000.0;true
Rabbits;305;tap;0.00;true;3;-1;1560.0;1000.0;true
Rabbits;306;tap;0.00;true;3;-1;1560.0;1000.0;true
Rabbits;307;tap;0.00;true;3;-1;1560.0;1000.0;true
Rabbits;308;tap;0.00;true;3;-1;1560.0;1000.0;true
Rabbits;309;tap;0.00;true;3;-1;1560.0;1000.0;true
Rabbits;310;idle;0.00;true;4;-1;1560.0;1000.0;true
Rabbits;311;idle;0.00;true;4;-1;1560.0;1000.0;true
Rabbits;312;idle;0.00;true;4;-1;1560.0;1000.0;true
Rabbits;313;idle;0.00;true;4;-1;1560.0;1000.0;true
Rabbits;314;idle;0.00;true;4;-1;1560.0;1000.0;true
Rabbits;315;idle;0.00;true;4;-1;1560.0;1000.0;true
Rabbits;316;idle;0.00;true;4;-1;1560.0;1000.0;true
Rabbits;317;idle;0.00;true;4;-1;1560.0;1000.0;true
Rabbits;318;idle;0.00;true;4;-1;1560.0;1000.0;true
Rabbits;319;idle;0.00;true;4;-1;1560.0;1000.0;true
Rabbits;320;idle;0.00;true;2;-1;1560.0;1000.0;true
Rabbits;321;idle;0.00;true;2;-1;1560.0;1000.0;true
Rabbits;322;idle;0.00;true;2;-1;1560.0;1000.0;true
Rabbits;323;idle;0.00;true;2;-1;1560.0;1000.0;true
Rabbits;324;idle;0.00;true;2;-1;1560.0;1000.0;true
Rabbits;325;idle;0.00;true;2;-1;1560.0;1000.0;true
Rabbits;326;idle;0.00;true;2;-1;1560.0;1000.0;true
Rabbits;327;idle;0.00;true;2;-1;1560.0;1000.0;true
Rabbits;328;idle;0.00;true;2;-1;1560.0;1000.0;true
Rabbits;329;idle;0.00;true;2;-1;1560.0;1000.0;true
Rabbits;330;idle;0.00;true;3;-1;1560.0;1000.0;true
Rabbits;331;tap;0.00;true;2;-1;1560.0;1000.0;true
Rabbits;332;tap;0.00;true;2;-1;1560.0;1000.0;true
Rabbits;333;tap;0.00;true;2;-1;1560.0;1000.0;true
Rabbits;334;tap;0.00;true;2;-1;1560.0;1000.0;true
Rabbits;335;tap;0.00;true;3;-1;1560.0;1000.0;true
Rabbits;336;tap;0.00;true;3;-1;1560.0;1000.0;true
Rabbits;337;tap;0.00;true;3;-1;1560.0;1000.0;true
Rabbits;338;tap;0.00;true;3;-1;1560.0;1000.0;true
Rabbits;339;tap;0.00;true;3;-1;1560.0;1000.0;true
Rabbits;340;idle;0.00;true;4;-1;1560.0;1000.0;true
Rabbits;341;idle;0.00;true;4;-1;1560.0;1000.0;true
Rabbits;342;idle;0.00;true;4;-1;1560.0;1000.0;true
Rabbits;343;idle;0.00;true;4;-1;1560.0;1000.0;true
Rabbits;344;idle;0.00;true;4;-1;1560.0;1000.0;true
Rabbits;345;idle;0.00;true;4;-1;1560.0;1000.0;true
Rabbits;346;idle;0.00;true;4;-1;1560.0;1000.0;true
Rabbits;347;idle;0.00;true;4;-1;1560.0;1000.0;true
Rabbits;348;idle;0.00;true;4;-1;1560.0;1000.0;true
Rabbits;349;idle;0.00;true;4;-1;1560.0;1000.0;true
Rabbits;350;idle;0.00;true;1;-1;1560.0;1000.0;true
Rabbits;351;idle;0.00;true;1;-1;1560.0;1000.0;true
Rabbits;352;idle;0.00;true;1;-1;1560.0;1000.0;true
Rabbits;353;idle;0.00;true;1;-1;1560.0;1000.0;true
Rabbits;354;idle;0.00;true;1;-1;1560.0;1000.0;true
Rabbits;355;idle;0.00;true;1;-1;1560.0;1000.0;true
Rabbits;356;idle;0.00;true;1;-1;1560.0;1000.0;true
Rabbits;357;idle;0.00;true;1;-1;1560.0;1000.0;true
Rabbits;358;idle;0.00;true;1;-1;1560.0;1000.0;true
Rabbits;359;idle;0.00;true;1;-1;1560.0;1000.0;true
Rabbits;360;idle;0.00;true;2;-1;1560.0;1000.0;true
Teleport;361;cast;0.07;true;1;-1;1560.0;1000.0;true
Teleport;362;cast;0.13;true;1;-1;1560.0;1000.0;true
Teleport;363;cast;0.20;true;1;-1;1560.0;1000.0;true
Teleport;364;cast;0.27;true;2;-1;1560.0;1000.0;true
Teleport;365;cast;0.33;true;2;-1;1560.0;1000.0;true
Teleport;366;cast;0.40;true;2;-1;1560.0;1000.0;true
Teleport;367;cast;0.47;true;2;-1;1560.0;1000.0;true
Teleport;368;cast;0.53;true;3;-1;1560.0;1000.0;false
Teleport;369;cast;0.60;true;3;-1;1560.0;1000.0;false
Teleport;370;cast;0.67;true;3;-1;1560.0;1000.0;false
Teleport;371;cast;0.73;true;3;-1;1560.0;1000.0;false
Teleport;372;cast;0.80;true;4;-1;1560.0;1000.0;false
Teleport;373;cast;0.87;true;4;-1;1560.0;1000.0;false
Teleport;374;cast;0.93;true;4;-1;1560.0;1000.0;false
Teleport;375;cast;1.00;true;4;-1;1560.0;1000.0;false
Teleport;376;cast;1.00;true;4;-1;1560.0;1000.0;false
Teleport;377;cast;1.00;true;4;-1;1560.0;1000.0;false
Teleport;378;cast;1.00;true;4;-1;1560.0;1000.0;false
Teleport;379;cast;1.00;true;4;-1;1560.0;1000.0;false
Teleport;380;cast;1.00;true;4;-1;1560.0;1000.0;false
Teleport;381;cast;1.00;true;4;-1;1560.0;1000.0;false
Teleport;382;cast;1.00;true;4;-1;1560.0;1000.0;false
Teleport;383;cast;1.00;true;4;-1;1560.0;1000.0;false
Teleport;384;cast;1.00;true;4;-1;1560.0;1000.0;false
Teleport;385;cast;1.00;true;4;-1;1560.0;1000.0;false
Teleport;386;cast;1.00;true;4;-1;1560.0;1000.0;false
Teleport;387;cast;1.00;true;4;-1;1560.0;1000.0;false
Teleport;388;cast;1.00;true;4;-1;1560.0;1000.0;false
Teleport;389;cast;1.00;true;4;-1;1560.0;1000.0;false
Teleport;390;cast;1.00;true;4;-1;1560.0;1000.0;false
Teleport;391;cast;1.00;true;4;-1;1560.0;1000.0;false
Teleport;392;cast;1.00;true;4;-1;1560.0;1000.0;false
Teleport;393;cast;1.00;true;4;-1;1560.0;1000.0;false
Teleport;394;cast;1.00;true;4;-1;1560.0;1000.0;false
Teleport;395;cast;1.00;true;4;-1;1560.0;1000.0;false
Teleport;396;cast;1.00;true;4;-1;1560.0;1000.0;false
Teleport;397;cast;1.00;true;4;-1;1560.0;1000.0;false
Teleport;398;cast;1.00;true;4;-1;1560.0;1000.0;false
Teleport;399;cast;1.00;true;4;-1;1560.0;1000.0;false
Teleport;400;cast;1.00;true;4;-1;1560.0;1000.0;false
Teleport;401;cast;1.00;true;4;-1;1560.0;1000.0;false
Teleport;402;cast;1.00;true;4;-1;1560.0;1000.0;false
Teleport;403;cast;1.00;true;4;-1;1560.0;1000.0;false
Teleport;404;cast;1.00;true;4;-1;1560.0;1000.0;false
Teleport;405;cast;1.00;true;4;-1;1560.0;1000.0;false
Teleport;406;cast;1.00;true;4;-1;1560.0;1000.0;false
Teleport;407;cast;1.00;true;4;-1;1560.0;1000.0;false
Teleport;408;cast;1.00;true;4;-1;1560.0;1000.0;false
Teleport;409;cast;1.00;true;4;-1;1560.0;1000.0;false
Teleport;410;cast;1.00;true;4;-1;1560.0;1000.0;false
Teleport;411;cast;1.00;true;4;1;330.0;1000.0;false
Teleport;412;cast;0.93;true;4;1;330.0;1000.0;false
Teleport;413;cast;0.87;true;4;1;330.0;1000.0;false
Teleport;414;cast;0.80;true;4;1;330.0;1000.0;false
Teleport;415;cast;0.73;true;3;1;330.0;1000.0;false
Teleport;416;cast;0.67;true;3;1;330.0;1000.0;false
Teleport;417;cast;0.60;true;3;1;330.0;1000.0;false
Teleport;418;cast;0.53;true;3;1;330.0;1000.0;false
Teleport;419;cast;0.47;true;2;1;330.0;1000.0;true
Teleport;420;cast;0.40;true;2;1;330.0;1000.0;true
Teleport;421;cast;0.33;true;2;1;330.0;1000.0;true
Teleport;422;cast;0.27;true;2;1;330.0;1000.0;true
Teleport;423;cast;0.20;true;1;1;330.0;1000.0;true
Teleport;424;cast;0.13;true;1;1;330.0;1000.0;true
Teleport;425;cast;0.07;true;1;1;330.0;1000.0;true
Teleport;426;cast;0.00;true;1;1;330.0;1000.0;true
Teleport;427;cast;0.00;true;1;1;330.0;1000.0;true
Teleport;428;cast;0.00;true;1;1;330.0;1000.0;true
Teleport;429;cast;0.00;true;1;1;330.0;1000.0;true
Teleport;430;cast;0.00;true;1;1;330.0;1000.0;true
Teleport;431;cast;0.00;true;1;1;330.0;1000.0;true
Teleport;432;cast;0.00;true;1;1;330.0;1000.0;true
Teleport;433;cast;0.00;true;1;1;330.0;1000.0;true
Teleport;434;cast;0.00;true;1;1;330.0;1000.0;true
Teleport;435;cast;0.00;true;1;1;330.0;1000.0;true
Teleport;436;cast;0.00;true;1;1;330.0;1000.0;true
Teleport;437;cast;0.00;true;1;1;330.0;1000.0;true
Teleport;438;throw;0.00;true;3;1;330.0;1000.0;true
Teleport;439;throw;0.00;true;3;1;330.0;1000.0;true
Teleport;440;throw;0.00;true;3;1;330.0;1000.0;true
Teleport;441;throw;0.00;true;3;1;330.0;1000.0;true
Teleport;442;throw;0.00;true;3;1;330.0;1000.0;true
Teleport;443;throw;0.00;true;3;1;330.0;1000.0;true
Teleport;444;throw;0.00;true;3;1;330.0;1000.0;true
Teleport;445;throw;0.00;true;3;1;330.0;1000.0;true
Teleport;446;throw;0.00;true;4;1;330.0;1000.0;true
Teleport;447;throw;0.00;true;4;1;330.0;1000.0;true
Teleport;448;throw;0.00;true;4;1;330.0;1000.0;true
Teleport;449;throw;0.00;true;4;1;330.0;1000.0;true
Teleport;450;throw;0.00;true;4;1;330.0;1000.0;true
Teleport;451;throw;0.00;true;4;1;330.0;1000.0;true
Teleport;452;throw;0.00;true;4;1;330.0;1000.0;true
Teleport;453;throw;0.00;true;4;1;330.0;1000.0;true
Teleport;454;throw;0.00;true;4;1;330.0;1000.0;true
Teleport;455;throw;0.00;true;4;1;330.0;1000.0;true
Teleport;456;throw;0.00;true;4;1;330.0;1000.0;true
Teleport;457;throw;0.00;true;4;1;330.0;1000.0;true
Teleport;458;throw;0.00;true;4;1;330.0;1000.0;true
Teleport;459;throw;0.00;true;4;1;330.0;1000.0;true
Teleport;460;throw;0.00;true;4;1;330.0;1000.0;true
Teleport;461;throw;0.00;true;4;1;330.0;1000.0;true
Teleport;462;throw;0.00;true;4;1;330.0;1000.0;true
Teleport;463;throw;0.00;true;4;1;330.0;1000.0;true
Teleport;464;throw;0.00;true;4;1;330.0;1000.0;true
Teleport;465;throw;0.00;true;4;1;330.0;1000.0;true
Teleport;466;throw;0.00;true;4;1;330.0;1000.0;true
Teleport;467;throw;0.00;true;4;1;330.0;1000.0;true
Teleport;468;throw;0.00;true;4;1;330.0;1000.0;true
Teleport;469;throw;0.00;true;4;1;330.0;1000.0;true
Teleport;470;throw;0.00;true;4;1;330.0;1000.0;true
Teleport;471;throw;0.00;true;4;1;330.0;1000.0;true
Teleport;472;throw;0.00;true;4;1;330.0;1000.0;true
Teleport;473;throw;0.00;true;4;1;330.0;1000.0;true
Teleport;474;throw;0.00;true;4;1;330.0;1000.0;true
Teleport;475;throw;0.00;true;4;1;330.0;1000.0;true
Teleport;476;throw;0.00;true;4;1;330.0;1000.0;true
Teleport;477;throw;0.00;true;4;1;330.0;1000.0;true
Teleport;478;throw;0.00;true;4;1;330.0;1000.0;true
Teleport;479;throw;0.00;true;4;1;330.0;1000.0;true
Teleport;480;throw;0.00;true;4;1;330.0;1000.0;true
Teleport;481;throw;0.00;true;4;1;330.0;1000.0;true
Teleport;482;throw;0.00;true;4;1;330.0;1000.0;true
Teleport;483;throw;0.00;true;4;1;330.0;1000.0;true
Teleport;484;throw;0.00;true;4;1;330.0;1000.0;true
Teleport;485;throw;0.00;true;4;1;330.0;1000.0;true
Teleport;486;throw;0.00;true;4;1;330.0;1000.0;true
Teleport;487;throw;0.00;true;4;1;330.0;1000.0;true
Teleport;488;throw;0.00;true;4;1;330.0;1000.0;true
Teleport;489;throw;0.00;true;4;1;330.0;1000.0;true
Teleport;490;throw;0.00;true;4;1;330.0;1000.0;true
Teleport;491;throw;0.00;true;4;1;330.0;1000.0;true
Teleport;492;throw;0.00;true;4;1;330.0;1000.0;true
Teleport;493;throw;0.00;true;4;1;330.0;1000.0;true
Teleport;494;throw;0.00;true;4;1;330.0;1000.0;true
Teleport;495;throw;0.00;true;4;1;330.0;1000.0;true
Teleport;496;throw;0.00;true;4;1;330.0;1000.0;true
Teleport;497;throw;0.00;true;4;1;330.0;1000.0;true
Teleport;498;throw;0.00;true;4;1;330.0;1000.0;true
Teleport;499;throw;0.00;true;4;1;330.0;1000.0;true
Teleport;500;throw;0.00;true;4;1;330.0;1000.0;true
Teleport;501;throw;0.00;true;4;1;330.0;1000.0;true
Teleport;502;throw;0.00;true;4;1;330.0;1000.0;true
Teleport;503;throw;0.00;true;4;1;330.0;1000.0;true
Teleport;504;throw;0.00;true;4;1;330.0;1000.0;true
Teleport;505;throw;0.00;true;4;1;330.0;1000.0;true
Teleport;506;throw;0.00;true;4;1;330.0;1000.0;true
Teleport;507;throw;0.00;true;4;1;330.0;1000.0;true
Teleport;508;throw;0.00;true;4;1;330.0;1000.0;true
Teleport;509;throw;0.00;true;4;1;330.0;1000.0;true
Teleport;510;throw;0.00;true;4;1;330.0;1000.0;true
Teleport;511;throw;0.00;true;4;1;330.0;1000.0;true
Teleport;512;throw;0.00;true;4;1;330.0;1000.0;true
Teleport;513;throw;0.00;true;4;1;330.0;1000.0;true
Teleport;514;throw;0.00;true;4;1;330.0;1000.0;true
Teleport;515;throw;0.00;true;4;1;330.0;1000.0;true
Teleport;516;throw;0.00;true;4;1;330.0;1000.0;true
Teleport;517;throw;0.00;true;4;1;330.0;1000.0;true
Teleport;518;throw;0.00;true;4;1;330.0;1000.0;true
Teleport;519;throw;0.00;true;4;1;330.0;1000.0;true
Teleport;520;throw;0.00;true;4;1;330.0;1000.0;true
Teleport;521;throw;0.00;true;4;1;330.0;1000.0;true
Teleport;522;throw;0.00;true;4;1;330.0;1000.0;true
Teleport;523;throw;0.00;true;4;1;330.0;1000.0;true
Teleport;524;throw;0.00;true;4;1;330.0;1000.0;true
Teleport;525;throw;0.00;true;4;1;330.0;1000.0;true
Teleport;526;throw;0.00;true;4;1;330.0;1000.0;true
Teleport;527;throw;0.00;true;4;1;330.0;1000.0;true
Teleport;528;throw;0.00;true;4;1;330.0;1000.0;true
Teleport;529;throw;0.00;true;4;1;330.0;1000.0;true
Teleport;530;throw;0.00;true;4;1;330.0;1000.0;true
Teleport;531;throw;0.00;true;4;1;330.0;1000.0;true
Teleport;532;throw;0.00;true;4;1;330.0;1000.0;true
Teleport;533;throw;0.00;true;4;1;330.0;1000.0;true
Teleport;534;throw;0.00;true;4;1;330.0;1000.0;true
Teleport;535;idle;0.00;true;3;1;330.0;1000.0;true
Teleport;536;idle;0.00;true;3;1;330.0;1000.0;true
Teleport;537;idle;0.00;true;3;1;330.0;1000.0;true
Teleport;538;idle;0.00;true;3;1;330.0;1000.0;true
Teleport;539;idle;0.00;true;4;1;330.0;1000.0;true
Teleport;540;idle;0.00;true;4;1;330.0;1000.0;true
Teleport;541;idle;0.00;true;4;1;330.0;1000.0;true
Teleport;542;idle;0.00;true;4;1;330.0;1000.0;true
Teleport;543;idle;0.00;true;4;1;330.0;1000.0;true
Teleport;544;idle;0.00;true;4;1;330.0;1000.0;true
Teleport;545;idle;0.00;true;4;1;330.0;1000.0;true
Teleport;546;idle;0.00;true;4;1;330.0;1000.0;true
Teleport;547;idle;0.00;true;4;1;330.0;1000.0;true
Teleport;548;idle;0.00;true;4;1;330.0;1000.0;true
Teleport;549;idle;0.00;true;1;1;330.0;1000.0;true
Teleport;550;idle;0.00;true;1;1;330.0;1000.0;true
Teleport;551;idle;0.00;true;1;1;330.0;1000.0;true
Teleport;552;idle;0.00;true;1;1;330.0;1000.0;true
Teleport;553;idle;0.00;true;1;1;330.0;1000.0;true
Teleport;554;idle;0.00;true;1;1;330.0;1000.0;true
Teleport;555;idle;0.00;true;1;1;330.0;1000.0;true
Teleport;556;idle;0.00;true;1;1;330.0;1000.0;true
Teleport;557;idle;0.00;true;1;1;330.0;1000.0;true
Teleport;558;idle;0.00;true;1;1;330.0;1000.0;true
Teleport;559;idle;0.00;true;2;1;330.0;1000.0;true
Teleport;560;idle;0.00;true;2;1;330.0;1000.0;true
Teleport;561;idle;0.00;true;2;1;330.0;1000.0;true
Teleport;562;idle;0.00;true;2;1;330.0;1000.0;true
Teleport;563;idle;0.00;true;2;1;330.0;1000.0;true
Teleport;564;idle;0.00;true;2;1;330.0;1000.0;true
Teleport;565;idle;0.00;true;2;1;330.0;1000.0;true
Teleport;566;idle;0.00;true;2;1;330.0;1000.0;true
Teleport;567;idle;0.00;true;2;1;330.0;1000.0;true
Teleport;568;idle;0.00;true;2;1;330.0;1000.0;true
Teleport;569;idle;0.00;true;3;1;330.0;1000.0;true
Teleport;570;idle;0.00;true;3;1;330.0;1000.0;true
Teleport;571;idle;0.00;true;3;1;330.0;1000.0;true
Teleport;572;idle;0.00;true;3;1;330.0;1000.0;true
Teleport;573;idle;0.00;true;3;1;330.0;1000.0;true
Teleport;574;idle;0.00;true;3;1;330.0;1000.0;true
Teleport;575;idle;0.00;true;3;1;330.0;1000.0;true
Teleport;576;idle;0.00;true;3;1;330.0;1000.0;true
Teleport;577;idle;0.00;true;3;1;330.0;1000.0;true
Teleport;578;idle;0.00;true;3;1;330.0;1000.0;true
Teleport;579;idle;0.00;true;4;1;330.0;1000.0;true
Teleport;580;idle;0.00;true;4;1;330.0;1000.0;true
Teleport;581;idle;0.00;true;4;1;330.0;1000.0;true
Teleport;582;idle;0.00;true;4;1;330.0;1000.0;true
Teleport;583;idle;0.00;true;4;1;330.0;1000.0;true
Teleport;584;idle;0.00;true;4;1;330.0;1000.0;true
Teleport;585;idle;0.00;true;4;1;330.0;1000.0;true
Teleport;586;idle;0.00;true;4;1;330.0;1000.0;true
Teleport;587;idle;0.00;true;4;1;330.0;1000.0;true
Teleport;588;idle;0.00;true;4;1;330.0;1000.0;true
Teleport;589;idle;0.00;true;1;1;330.0;1000.0;true
Teleport;590;idle;0.00;true;1;1;330.0;1000.0;true
Teleport;591;idle;0.00;true;1;1;330.0;1000.0;true
Teleport;592;idle;0.00;true;1;1;330.0;1000.0;true
Teleport;593;idle;0.00;true;1;1;330.0;1000.0;true
Teleport;594;idle;0.00;true;1;1;330.0;1000.0;true
Teleport;595;idle;0.00;true;1;1;330.0;1000.0;true
Teleport;596;idle;0.00;true;1;1;330.0;1000.0;true
Teleport;597;idle;0.00;true;1;1;330.0;1000.0;true
Teleport;598;idle;0.00;true;1;1;330.0;1000.0;true
Teleport;599;idle;0.00;true;2;1;330.0;1000.0;true
Teleport;600;idle;0.00;true;2;1;330.0;1000.0;true
Teleport;601;idle;0.00;true;2;1;330.0;1000.0;true
Teleport;602;idle;0.00;true;2;1;330.0;1000.0;true
Teleport;603;idle;0.00;true;2;1;330.0;1000.0;true
Teleport;604;idle;0.00;true;2;1;330.0;1000.0;true
Teleport;605;idle;0.00;true;2;1;330.0;1000.0;true
Teleport;606;idle;0.00;true;2;1;330.0;1000.0;true
Teleport;607;idle;0.00;true;2;1;330.0;1000.0;true
Teleport;608;idle;0.00;true;2;1;330.0;1000.0;true
Teleport;609;idle;0.00;true;3;1;330.0;1000.0;true
Teleport;610;idle;0.00;true;3;1;330.0;1000.0;true
Teleport;611;idle;0.00;true;3;1;330.0;1000.0;true
Teleport;612;idle;0.00;true;3;1;330.0;1000.0;true
Teleport;613;idle;0.00;true;3;1;330.0;1000.0;true
Teleport;614;idle;0.00;true;3;1;330.0;1000.0;true
Teleport;615;idle;0.00;true;3;1;330.0;1000.0;true
Teleport;616;idle;0.00;true;3;1;330.0;1000.0;true
Teleport;617;idle;0.00;true;3;1;330.0;1000.0;true
Teleport;618;idle;0.00;true;3;1;330.0;1000.0;true
Teleport;619;idle;0.00;true;4;1;330.0;1000.0;true
Teleport;620;idle;0.00;true;4;1;330.0;1000.0;true
Teleport;621;idle;0.00;true;4;1;330.0;1000.0;true
Teleport;622;idle;0.00;true;4;1;330.0;1000.0;true
Teleport;623;idle;0.00;true;4;1;330.0;1000.0;true
Teleport;624;idle;0.00;true;4;1;330.0;1000.0;true
Teleport;625;idle;0.00;true;4;1;330.0;1000.0;true
Teleport;626;idle;0.00;true;4;1;330.0;1000.0;true
Teleport;627;idle;0.00;true;4;1;330.0;1000.0;true
Teleport;628;idle;0.00;true;4;1;330.0;1000.0;true
Teleport;629;idle;0.00;true;1;1;330.0;1000.0;true
Teleport;630;idle;0.00;true;1;1;330.0;1000.0;true
Teleport;631;idle;0.00;true;1;1;330.0;1000.0;true
Teleport;632;idle;0.00;true;1;1;330.0;1000.0;true
Teleport;633;idle;0.00;true;1;1;330.0;1000.0;true
Teleport;634;idle;0.00;true;1;1;330.0;1000.0;true
Teleport;635;idle;0.00;true;1;1;330.0;1000.0;true
Teleport;636;idle;0.00;true;1;1;330.0;1000.0;true
Teleport;637;idle;0.00;true;1;1;330.0;1000.0;true
Teleport;638;idle;0.00;true;1;1;330.0;1000.0;true
Teleport;639;idle;0.00;true;2;1;330.0;1000.0;true
Teleport;640;idle;0.00;true;2;1;330.0;1000.0;true
Teleport;641;idle;0.00;true;2;1;330.0;1000.0;true
Teleport;642;idle;0.00;true;2;1;330.0;1000.0;true
Teleport;643;idle;0.00;true;2;1;330.0;1000.0;true
Teleport;644;idle;0.00;true;2;1;330.0;1000.0;true
Teleport;645;idle;0.00;true;2;1;330.0;1000.0;true
Teleport;646;idle;0.00;true;2;1;330.0;1000.0;true
Teleport;647;idle;0.00;true;2;1;330.0;1000.0;true
Teleport;648;idle;0.00;true;2;1;330.0;1000.0;true
Teleport;649;idle;0.00;true;3;1;330.0;1000.0;true
Teleport;650;idle;0.00;true;3;1;330.0;1000.0;true
Teleport;651;idle;0.00;true;3;1;330.0;1000.0;true
Teleport;652;idle;0.00;true;3;1;330.0;1000.0;true
Teleport;653;idle;0.00;true;3;1;330.0;1000.0;true
Teleport;654;idle;0.00;true;3;1;330.0;1000.0;true
Teleport;655;idle;0.00;true;3;1;330.0;1000.0;true
Teleport;656;idle;0.00;true;3;1;330.0;1000.0;true
Teleport;657;idle;0.00;true;3;1;330.0;1000.0;true
Teleport;658;idle;0.00;true;3;1;330.0;1000.0;true
Teleport;659;idle;0.00;true;4;1;330.0;1000.0;true
Teleport;660;idle;0.00;true;4;1;330.0;1000.0;true
Teleport;661;idle;0.00;true;4;1;330.0;1000.0;true
Teleport;662;idle;0.00;true;4;1;330.0;1000.0;true
Teleport;663;idle;0.00;true;4;1;330.0;1000.0;true
Teleport;664;idle;0.00;true;4;1;330.0;1000.0;true
Teleport;665;idle;0.00;true;4;1;330.0;1000.0;true
Teleport;666;idle;0.00;true;4;1;330.0;1000.0;true
Teleport;667;idle;0.00;true;4;1;330.0;1000.0;true
Teleport;668;idle;0.00;true;4;1;330.0;1000.0;true
Teleport;669;idle;0.00;true;1;1;330.0;1000.0;true
Teleport;670;idle;0.00;true;1;1;330.0;1000.0;true
Teleport;671;idle;0.00;true;1;1;330.0;1000.0;true
Teleport;672;idle;0.00;true;1;1;330.0;1000.0;true
Teleport;673;idle;0.00;true;1;1;330.0;1000.0;true
Teleport;674;idle;0.00;true;1;1;330.0;1000.0;true
Teleport;675;idle;0.00;true;1;1;330.0;1000.0;true
Teleport;676;idle;0.00;true;1;1;330.0;1000.0;true
Teleport;677;idle;0.00;true;1;1;330.0;1000.0;true
Teleport;678;idle;0.00;true;1;1;330.0;1000.0;true
Teleport;679;idle;0.00;true;2;1;330.0;1000.0;true
Teleport;680;idle;0.00;true;2;1;330.0;1000.0;true
Teleport;681;idle;0.00;true;2;1;330.0;1000.0;true
Teleport;682;idle;0.00;true;2;1;330.0;1000.0;true
Teleport;683;idle;0.00;true;2;1;330.0;1000.0;true
Teleport;684;idle;0.00;true;2;1;330.0;1000.0;true
Teleport;685;idle;0.00;true;2;1;330.0;1000.0;true
Teleport;686;idle;0.00;true;2;1;330.0;1000.0;true
Teleport;687;idle;0.00;true;2;1;330.0;1000.0;true
Teleport;688;idle;0.00;true;2;1;330.0;1000.0;true
Teleport;689;idle;0.00;true;3;1;330.0;1000.0;true
Teleport;690;idle;0.00;true;3;1;330.0;1000.0;true
Teleport;691;idle;0.00;true;3;1;330.0;1000.0;true
Teleport;692;idle;0.00;true;3;1;330.0;1000.0;true
Teleport;693;idle;0.00;true;3;1;330.0;1000.0;true
Teleport;694;idle;0.00;true;3;1;330.0;1000.0;true
Teleport;695;idle;0.00;true;3;1;330.0;1000.0;true
Teleport;696;idle;0.00;true;3;1;330.0;1000.0;true
Teleport;697;idle;0.00;true;3;1;330.0;1000.0;true
Teleport;698;idle;0.00;true;3;1;330.0;1000.0;true
Teleport;699;idle;0.00;true;4;1;330.0;1000.0;true
Teleport;700;idle;0.00;true;4;1;330.0;1000.0;true
Teleport;701;idle;0.00;true;4;1;330.0;1000.0;true
Teleport;702;idle;0.00;true;4;1;330.0;1000.0;true
Teleport;703;idle;0.00;true;4;1;330.0;1000.0;true
Teleport;704;idle;0.00;true;4;1;330.0;1000.0;true
Teleport;705;idle;0.00;true;4;1;330.0;1000.0;true
Teleport;706;idle;0.00;true;4;1;330.0;1000.0;true
Teleport;707;idle;0.00;true;4;1;330.0;1000.0;true
Teleport;708;idle;0.00;true;4;1;330.0;1000.0;true
Teleport;709;idle;0.00;true;1;1;330.0;1000.0;true
Teleport;710;idle;0.00;true;1;1;330.0;1000.0;true
Teleport;711;idle;0.00;true;1;1;330.0;1000.0;true
Teleport;712;idle;0.00;true;1;1;330.0;1000.0;true
Teleport;713;idle;0.00;true;1;1;330.0;1000.0;true
Teleport;714;idle;0.00;true;1;1;330.0;1000.0;true
Teleport;715;idle;0.00;true;1;1;330.0;1000.0;true
Teleport;716;idle;0.00;true;1;1;330.0;1000.0;true
Teleport;717;idle;0.00;true;1;1;330.0;1000.0;true
Teleport;718;idle;0.00;true;1;1;330.0;1000.0;true
Teleport;719;idle;0.00;true;2;1;330.0;1000.0;true
Teleport;720;idle;0.00;true;2;1;330.0;1000.0;true
Rabbits;721;tap;0.00;true;2;1;330.0;1000.0;true
Rabbits;722;tap;0.00;true;2;1;330.0;1000.0;true
Rabbits;723;tap;0.00;true;2;1;330.0;1000.0;true
Rabbits;724;tap;0.00;true;2;1;330.0;1000.0;true
Rabbits;725;tap;0.00;true;3;1;330.0;1000.0;true
Rabbits;726;tap;0.00;true;3;1;330.0;1000.0;true
Rabbits;727;tap;0.00;true;3;1;330.0;1000.0;true
Rabbits;728;tap;0.00;true;3;1;330.0;1000.0;true
Rabbits;729;tap;0.00;true;3;1;330.0;1000.0;true
Rabbits;730;tap;0.00;true;1;1;330.0;1000.0;true
Rabbits;731;tap;0.00;true;1;1;330.0;1000.0;true
Rabbits;732;tap;0.00;true;1;1;330.0;1000.0;true
Rabbits;733;tap;0.00;true;1;1;330.0;1000.0;true
Rabbits;734;tap;0.00;true;1;1;330.0;1000.0;true
Rabbits;735;tap;0.00;true;1;1;330.0;1000.0;true
Rabbits;736;tap;0.00;true;1;1;330.0;1000.0;true
Rabbits;737;tap;0.00;true;1;1;330.0;1000.0;true
Rabbits;738;tap;0.00;true;2;1;330.0;1000.0;true
Rabbits;739;tap;0.00;true;2;1;330.0;1000.0;true
Rabbits;740;tap;0.00;true;2;1;330.0;1000.0;true
Rabbits;741;tap;0.00;true;2;1;330.0;1000.0;true
Rabbits;742;tap;0.00;true;2;1;330.0;1000.0;true
Rabbits;743;tap;0.00;true;3;1;330.0;1000.0;true
Rabbits;744;tap;0.00;true;3;1;330.0;1000.0;true
Rabbits;745;tap;0.00;true;3;1;330.0;1000.0;true
Rabbits;746;tap;0.00;true;3;1;330.0;1000.0;true
Rabbits;747;tap;0.00;true;3;1;330.0;1000.0;true
Rabbits;748;tap;0.00;true;1;1;330.0;1000.0;true
Rabbits;749;tap;0.00;true;1;1;330.0;1000.0;true
Rabbits;750;tap;0.00;true;1;1;330.0;1000.0;true
Rabbits;751;tap;0.00;true;1;1;330.0;1000.0;true
Rabbits;752;tap;0.00;true;1;1;330.0;1000.0;true
Rabbits;753;tap;0.00;true;1;1;330.0;1000.0;true
Rabbits;754;tap;0.00;true;1;1;330.0;1000.0;true
Rabbits;755;tap;0.00;true;1;1;330.0;1000.0;true
Rabbits;756;tap;0.00;true;2;1;330.0;1000.0;true
Rabbits;757;tap;0.00;true;2;1;330.0;1000.0;true
Rabbits;758;tap;0.00;true;2;1;330.0;1000.0;true
Rabbits;759;tap;0.00;true;2;1;330.0;1000.0;true
Rabbits;760;tap;0.00;true;2;1;330.0;1000.0;true
Rabbits;761;tap;0.00;true;3;1;330.0;1000.0;true
Rabbits;762;idle;0.00;true;4;1;330.0;1000.0;true
Rabbits;763;idle;0.00;true;4;1;330.0;1000.0;true
Rabbits;764;idle;0.00;true;4;1;330.0;1000.0;true
Rabbits;765;idle;0.00;true;4;1;330.0;1000.0;true
Rabbits;766;idle;0.00;true;4;1;330.0;1000.0;true
Rabbits;767;idle;0.00;true;4;1;330.0;1000.0;true
Rabbits;768;idle;0.00;true;4;1;330.0;1000.0;true
Rabbits;769;idle;0.00;true;4;1;330.0;1000.0;true
Rabbits;770;idle;0.00;true;4;1;330.0;1000.0;true
Rabbits;771;idle;0.00;true;4;1;330.0;1000.0;true
Rabbits;772;idle;0.00;true;3;1;330.0;1000.0;true
Rabbits;773;idle;0.00;true;3;1;330.0;1000.0;true
Rabbits;774;idle;0.00;true;3;1;330.0;1000.0;true
Rabbits;775;idle;0.00;true;3;1;330.0;1000.0;true
Rabbits;776;idle;0.00;true;3;1;330.0;1000.0;true
Rabbits;777;idle;0.00;true;3;1;330.0;1000.0;true
Rabbits;778;idle;0.00;true;3;1;330.0;1000.0;true
Rabbits;779;idle;0.00;true;4;1;330.0;1000.0;true
Rabbits;780;tap;0.00;true;2;1;330.0;1000.0;true
Rabbits;781;tap;0.00;true;2;1;330.0;1000.0;true
Rabbits;782;tap;0.00;true;2;1;330.0;1000.0;true
Rabbits;783;tap;0.00;true;2;1;330.0;1000.0;true
Rabbits;784;tap;0.00;true;3;1;330.0;1000.0;true
Rabbits;785;tap;0.00;true;3;1;330.0;1000.0;true
Rabbits;786;tap;0.00;true;3;1;330.0;1000.0;true
Rabbits;787;tap;0.00;true;3;1;330.0;1000.0;true
Rabbits;788;tap;0.00;true;3;1;330.0;1000.0;true
Rabbits;789;idle;0.00;true;4;1;330.0;1000.0;true
Rabbits;790;idle;0.00;true;4;1;330.0;1000.0;true
Rabbits;791;idle;0.00;true;4;1;330.0;1000.0;true
Rabbits;792;idle;0.00;true;4;1;330.0;1000.0;true
Rabbits;793;idle;0.00;true;4;1;330.0;1000.0;true
Rabbits;794;idle;0.00;true;4;1;330.0;1000.0;true
Rabbits;795;idle;0.00;true;4;1;330.0;1000.0;true
Rabbits;796;idle;0.00;true;4;1;330.0;1000.0;true
Rabbits;797;idle;0.00;true;4;1;330.0;1000.0;true
Rabbits;798;idle;0.00;true;4;1;330.0;1000.0;true
Rabbits;799;idle;0.00;true;2;1;330.0;1000.0;true
Rabbits;800;idle;0.00;true;2;1;330.0;1000.0;true
Rabbits;801;idle;0.00;true;2;1;330.0;1000.0;true
Rabbits;802;idle;0.00;true;2;1;330.0;1000.0;true
Rabbits;803;idle;0.00;true;2;1;330.0;1000.0;true
Rabbits;804;idle;0.00;true;2;1;330.0;1000.0;true
Rabbits;805;idle;0.00;true;2;1;330.0;1000.0;true
Rabbits;806;idle;0.00;true;2;1;330.0;1000.0;true
Rabbits;807;idle;0.00;true;2;1;330.0;1000.0;true
Rabbits;808;idle;0.00;true;2;1;330.0;1000.0;true
Rabbits;809;idle;0.00;true;3;1;330.0;1000.0;true
Rabbits;810;idle;0.00;true;3;1;330.0;1000.0;true
Rabbits;811;tap;0.00;true;2;1;330.0;1000.0;true
Rabbits;812;tap;0.00;true;2;1;330.0;1000.0;true
Rabbits;813;tap;0.00;true;2;1;330.0;1000.0;true
Rabbits;814;tap;0.00;true;2;1;330.0;1000.0;true
Rabbits;815;tap;0.00;true;3;1;330.0;1000.0;true
Rabbits;816;tap;0.00;true;3;1;330.0;1000.0;true
Rabbits;817;tap;0.00;true;3;1;330.0;1000.0;true
Rabbits;818;tap;0.00;true;3;1;330.0;1000.0;true
Rabbits;819;tap;0.00;true;3;1;330.0;1000.0;true
Rabbits;820;idle;0.00;true;4;1;330.0;1000.0;true
Rabbits;821;idle;0.00;true;4;1;330.0;1000.0;true
Rabbits;822;idle;0.00;true;4;1;330.0;1000.0;true
Rabbits;823;idle;0.00;true;4;1;330.0;1000.0;true
Rabbits;824;idle;0.00;true;4;1;330.0;1000.0;true
Rabbits;825;idle;0.00;true;4;1;330.0;1000.0;true
Rabbits;826;idle;0.00;true;4;1;330.0;1000.0;true
Rabbits;827;idle;0.00;true;4;1;330.0;1000.0;true
Rabbits;828;idle;0.00;true;4;1;330.0;1000.0;true
Rabbits;829;idle;0.00;true;4;1;330.0;1000.0;true
Rabbits;830;idle;0.00;true;1;1;330.0;1000.0;true
Rabbits;831;idle;0.00;true;1;1;330.0;1000.0;true
Rabbits;832;idle;0.00;true;1;1;330.0;1000.0;true
Rabbits;833;idle;0.00;true;1;1;330.0;1000.0;true
Rabbits;834;idle;0.00;true;1;1;330.0;1000.0;true
Rabbits;835;idle;0.00;true;1;1;330.0;1000.0;true
Rabbits;836;idle;0.00;true;1;1;330.0;1000.0;true
Rabbits;837;idle;0.00;true;1;1;330.0;1000.0;true
Rabbits;838;idle;0.00;true;1;1;330.0;1000.0;true
Rabbits;839;idle;0.00;true;2;1;330.0;1000.0;true
Rabbits;840;idle;0.00;true;2;1;330.0;1000.0;true
Rabbits;841;tap;0.00;true;2;1;330.0;1000.0;true
Rabbits;842;tap;0.00;true;2;1;330.0;1000.0;true
Rabbits;843;tap;0.00;true;2;1;330.0;1000.0;true
Rabbits;844;tap;0.00;true;2;1;330.0;1000.0;true
Rabbits;845;tap;0.00;true;3;1;330.0;1000.0;true
Rabbits;846;tap;0.00;true;3;1;330.0;1000.0;true
Rabbits;847;tap;0.00;true;3;1;330.0;1000.0;true
Rabbits;848;tap;0.00;true;3;1;330.0;1000.0;true
Rabbits;849;tap;0.00;true;3;1;330.0;1000.0;true
Rabbits;850;idle;0.00;true;4;1;330.0;1000.0;true
Rabbits;851;idle;0.00;true;4;1;330.0;1000.0;true
Rabbits;852;idle;0.00;true;4;1;330.0;1000.0;true
Rabbits;853;idle;0.00;true;4;1;330.0;1000.0;true
Rabbits;854;idle;0.00;true;4;1;330.0;1000.0;true
Rabbits;855;idle;0.00;true;4;1;330.0;1000.0;true
Rabbits;856;idle;0.00;true;4;1;330.0;1000.0;true
Rabbits;857;idle;0.00;true;4;1;330.0;1000.0;true
Rabbits;858;idle;0.00;true;4;1;330.0;1000.0;true
Rabbits;859;idle;0.00;true;4;1;330.0;1000.0;true
Rabbits;860;idle;0.00;true;4;1;330.0;1000.0;true
Rabbits;861;idle;0.00;true;4;1;330.0;1000.0;true
Rabbits;862;idle;0.00;true;4;1;330.0;1000.0;true
Rabbits;863;idle;0.00;true;4;1;330.0;1000.0;true
Rabbits;864;idle;0.00;true;4;1;330.0;1000.0;true
Rabbits;865;idle;0.00;true;4;1;330.0;1000.0;true
Rabbits;866;idle;0.00;true;4;1;330.0;1000.0;true
Rabbits;867;idle;0.00;true;4;1;330.0;1000.0;true
Rabbits;868;idle;0.00;true;4;1;330.0;1000.0;true
Rabbits;869;idle;0.00;true;1;1;330.0;1000.0;true
Rabbits;870;idle;0.00;true;1;1;330.0;1000.0;true
Rabbits;871;tap;0.00;true;2;1;330.0;1000.0;true
Rabbits;872;tap;0.00;true;2;1;330.0;1000.0;true
Rabbits;873;tap;0.00;true;2;1;330.0;1000.0;true
Rabbits;874;tap;0.00;true;2;1;330.0;1000.0;true
Rabbits;875;tap;0.00;true;3;1;330.0;1000.0;true
Rabbits;876;tap;0.00;true;3;1;330.0;1000.0;true
Rabbits;877;tap;0.00;true;3;1;330.0;1000.0;true
Rabbits;878;tap;0.00;true;3;1;330.0;1000.0;true
Rabbits;879;tap;0.00;true;3;1;330.0;1000.0;true
Rabbits;880;idle;0.00;true;4;1;330.0;1000.0;true
Rabbits;881;idle;0.00;true;4;1;330.0;1000.0;true
Rabbits;882;idle;0.00;true;4;1;330.0;1000.0;true
Rabbits;883;idle;0.00;true;4;1;330.0;1000.0;true
Rabbits;884;idle;0.00;true;4;1;330.0;1000.0;true
Rabbits;885;idle;0.00;true;4;1;330.0;1000.0;true
Rabbits;886;idle;0.00;true;4;1;330.0;1000.0;true
Rabbits;887;idle;0.00;true;4;1;330.0;1000.0;true
Rabbits;888;idle;0.00;true;4;1;330.0;1000.0;true
Rabbits;889;idle;0.00;true;4;1;330.0;1000.0;true
Rabbits;890;idle;0.00;true;3;1;330.0;1000.0;true
Rabbits;891;idle;0.00;true;3;1;330.0;1000.0;true
Rabbits;892;idle;0.00;true;3;1;330.0;1000.0;true
Rabbits;893;idle;0.00;true;3;1;330.0;1000.0;true
Rabbits;894;idle;0.00;true;3;1;330.0;1000.0;true
Rabbits;895;idle;0.00;true;3;1;330.0;1000.0;true
Rabbits;896;idle;0.00;true;3;1;330.0;1000.0;true
Rabbits;897;idle;0.00;true;3;1;330.0;1000.0;true
Rabbits;898;idle;0.00;true;3;1;330.0;1000.0;true
Rabbits;899;idle;0.00;true;4;1;330.0;1000.0;true
Rabbits;900;idle;0.00;true;4;1;330.0;1000.0;true
Rabbits;901;tap;0.00;true;2;1;330.0;1000.0;true
Rabbits;902;tap;0.00;true;2;1;330.0;1000.0;true
Rabbits;903;tap;0.00;true;2;1;330.0;1000.0;true
Rabbits;904;tap;0.00;true;2;1;330.0;1000.0;true
Rabbits;905;tap;0.00;true;3;1;330.0;1000.0;true
Rabbits;906;tap;0.00;true;3;1;330.0;1000.0;true
Rabbits;907;tap;0.00;true;3;1;330.0;1000.0;true
Rabbits;908;tap;0.00;true;3;1;330.0;1000.0;true
Rabbits;909;tap;0.00;true;3;1;330.0;1000.0;true
Rabbits;910;idle;0.00;true;4;1;330.0;1000.0;true
Rabbits;911;idle;0.00;true;4;1;330.0;1000.0;true
Rabbits;912;idle;0.00;true;4;1;330.0;1000.0;true
Rabbits;913;idle;0.00;true;4;1;330.0;1000.0;true
Rabbits;914;idle;0.00;true;4;1;330.0;1000.0;true
Rabbits;915;idle;0.00;true;4;1;330.0;1000.0;true
Rabbits;916;idle;0.00;true;4;1;330.0;1000.0;true
Rabbits;917;idle;0.00;true;4;1;330.0;1000.0;true
Rabbits;918;idle;0.00;true;4;1;330.0;1000.0;true
Rabbits;919;idle;0.00;true;4;1;330.0;1000.0;true
Rabbits;920;idle;0.00;true;2;1;330.0;1000.0;true
Rabbits;921;idle;0.00;true;2;1;330.0;1000.0;true
Rabbits;922;idle;0.00;true;2;1;330.0;1000.0;true
Rabbits;923;idle;0.00;true;2;1;330.0;1000.0;true
Rabbits;924;idle;0.00;true;2;1;330.0;1000.0;true
Rabbits;925;idle;0.00;true;2;1;330.0;1000.0;true
Rabbits;926;idle;0.00;true;2;1;330.0;1000.0;true
Rabbits;927;idle;0.00;true;2;1;330.0;1000.0;true
Rabbits;928;idle;0.00;true;2;1;330.0;1000.0;true
Rabbits;929;idle;0.00;true;3;1;330.0;1000.0;true
Rabbits;930;idle;0.00;true;3;1;330.0;1000.0;true
Rabbits;931;tap;0.00;true;2;1;330.0;1000.0;true
Rabbits;932;tap;0.00;true;2;1;330.0;1000.0;true
Rabbits;933;tap;0.00;true;2;1;330.0;1000.0;true
Rabbits;934;tap;0.00;true;2;1;330.0;1000.0;true
Rabbits;935;tap;0.00;true;3;1;330.0;1000.0;true
Rabbits;936;tap;0.00;true;3;1;330.0;1000.0;true
Rabbits;937;tap;0.00;true;3;1;330.0;1000.0;true
Rabbits;938;tap;0.00;true;3;1;330.0;1000.0;true
Rabbits;939;tap;0.00;true;3;1;330.0;1000.0;true
Rabbits;940;idle;0.00;true;4;1;330.0;1000.0;true
Rabbits;941;idle;0.00;true;4;1;330.0;1000.0;true
Rabbits;942;idle;0.00;true;4;1;330.0;1000.0;true
Rabbits;943;idle;0.00;true;4;1;330.0;1000.0;true
Rabbits;944;idle;0.00;true;4;1;330.0;1000.0;true
Rabbits;945;idle;0.00;true;4;1;330.0;1000.0;true
Rabbits;946;idle;0.00;true;4;1;330.0;1000.0;true
Rabbits;947;idle;0.00;true;4;1;330.0;1000.0;true
Rabbits;948;idle;0.00;true;4;1;330.0;1000.0;true
Rabbits;949;idle;0.00;true;4;1;330.0;1000.0;true
Rabbits;950;idle;0.00;true;1;1;330.0;1000.0;true
Rabbits;951;idle;0.00;true;1;1;330.0;1000.0;true
Rabbits;952;idle;0.00;true;1;1;330.0;1000.0;true
Rabbits;953;idle;0.00;true;1;1;330.0;1000.0;true
Rabbits;954;idle;0.00;true;1;1;330.0;1000.0;true
Rabbits;955;idle;0.00;true;1;1;330.0;1000.0;true
Rabbits;956;idle;0.00;true;1;1;330.0;1000.0;true
Rabbits;957;idle;0.00;true;1;1;330.0;1000.0;true
Rabbits;958;idle;0.00;true;1;1;330.0;1000.0;true
Rabbits;959;idle;0.00;true;2;1;330.0;1000.0;true
Rabbits;960;idle;0.00;true;2;1;330.0;1000.0;true
Rabbits;961;tap;0.00;true;2;1;330.0;1000.0;true
Rabbits;962;tap;0.00;true;2;1;330.0;1000.0;true
Rabbits;963;tap;0.00;true;2;1;330.0;1000.0;true
Rabbits;964;tap;0.00;true;2;1;330.0;1000.0;true
Rabbits;965;tap;0.00;true;3;1;330.0;1000.0;true
Rabbits;966;tap;0.00;true;3;1;330.0;1000.0;true
Rabbits;967;tap;0.00;true;3;1;330.0;1000.0;true
Rabbits;968;tap;0.00;true;3;1;330.0;1000.0;true
Rabbits;969;tap;0.00;true;3;1;330.0;1000.0;true
Rabbits;970;idle;0.00;true;4;1;330.0;1000.0;true
Rabbits;971;idle;0.00;true;4;1;330.0;1000.0;true
Rabbits;972;idle;0.00;true;4;1;330.0;1000.0;true
Rabbits;973;idle;0.00;true;4;1;330.0;1000.0;true
Rabbits;974;idle;0.00;true;4;1;330.0;1000.0;true
Rabbits;975;idle;0.00;true;4;1;330.0;1000.0;true
Rabbits;976;idle;0.00;true;4;1;330.0;1000.0;true
Rabbits;977;idle;0.00;true;4;1;330.0;1000.0;true
Rabbits;978;idle;0.00;true;4;1;330.0;1000.0;true
Rabbits;979;idle;0.00;true;4;1;330.0;1000.0;true
Rabbits;980;idle;0.00;true;4;1;330.0;1000.0;true
Rabbits;981;idle;0.00;true;4;1;330.0;1000.0;true
Rabbits;982;idle;0.00;true;4;1;330.0;1000.0;true
Rabbits;983;idle;0.00;true;4;1;330.0;1000.0;true
Rabbits;984;idle;0.00;true;4;1;330.0;1000.0;true
Rabbits;985;idle;0.00;true;4;1;330.0;1000.0;true
Rabbits;986;idle;0.00;true;4;1;330.0;1000.0;true
Rabbits;987;idle;0.00;true;4;1;330.0;1000.0;true
Rabbits;988;idle;0.00;true;4;1;330.0;1000.0;true
Rabbits;989;idle;0.00;true;1;1;330.0;1000.0;true
Rabbits;990;idle;0.00;true;1;1;330.0;1000.0;true
Rabbits;991;tap;0.00;true;2;1;330.0;1000.0;true
Rabbits;992;tap;0.00;true;2;1;330.0;1000.0;true
Rabbits;993;tap;0.00;true;2;1;330.0;1000.0;true
Rabbits;994;tap;0.00;true;2;1;330.0;1000.0;true
Rabbits;995;tap;0.00;true;3;1;330.0;1000.0;true
Rabbits;996;tap;0.00;true;3;1;330.0;1000.0;true
Rabbits;997;tap;0.00;true;3;1;330.0;1000.0;true
Rabbits;998;tap;0.00;true;3;1;330.0;1000.0;true
Rabbits;999;tap;0.00;true;3;1;330.0;1000.0;true
Rabbits;1000;idle;0.00;true;4;1;330.0;1000.0;true
Rabbits;1001;idle;0.00;true;4;1;330.0;1000.0;true
Rabbits;1002;idle;0.00;true;4;1;330.0;1000.0;true
Rabbits;1003;idle;0.00;true;4;1;330.0;1000.0;true
Rabbits;1004;idle;0.00;true;4;1;330.0;1000.0;true
Rabbits;1005;idle;0.00;true;4;1;330.0;1000.0;true
Rabbits;1006;idle;0.00;true;4;1;330.0;1000.0;true
Rabbits;1007;idle;0.00;true;4;1;330.0;1000.0;true
Rabbits;1008;idle;0.00;true;4;1;330.0;1000.0;true
Rabbits;1009;idle;0.00;true;4;1;330.0;1000.0;true
Rabbits;1010;idle;0.00;true;3;1;330.0;1000.0;true
Rabbits;1011;idle;0.00;true;3;1;330.0;1000.0;true
Rabbits;1012;idle;0.00;true;3;1;330.0;1000.0;true
Rabbits;1013;idle;0.00;true;3;1;330.0;1000.0;true
Rabbits;1014;idle;0.00;true;3;1;330.0;1000.0;true
Rabbits;1015;idle;0.00;true;3;1;330.0;1000.0;true
Rabbits;1016;idle;0.00;true;3;1;330.0;1000.0;true
Rabbits;1017;idle;0.00;true;3;1;330.0;1000.0;true
Rabbits;1018;idle;0.00;true;3;1;330.0;1000.0;true
Rabbits;1019;idle;0.00;true;4;1;330.0;1000.0;true
Rabbits;1020;idle;0.00;true;4;1;330.0;1000.0;true
Rabbits;1021;tap;0.00;true;2;1;330.0;1000.0;true
Rabbits;1022;tap;0.00;true;2;1;330.0;1000.0;true
Rabbits;1023;tap;0.00;true;2;1;330.0;1000.0;true
Rabbits;1024;tap;0.00;true;2;1;330.0;1000.0;true
Rabbits;1025;tap;0.00;true;3;1;330.0;1000.0;true
Rabbits;1026;tap;0.00;true;3;1;330.0;1000.0;true
Rabbits;1027;tap;0.00;true;3;1;330.0;1000.0;true
Rabbits;1028;tap;0.00;true;3;1;330.0;1000.0;true
Rabbits;1029;tap;0.00;true;3;1;330.0;1000.0;true
Rabbits;1030;idle;0.00;true;4;1;330.0;1000.0;true
Rabbits;1031;idle;0.00;true;4;1;330.0;1000.0;true
Rabbits;1032;idle;0.00;true;4;1;330.0;1000.0;true
Rabbits;1033;idle;0.00;true;4;1;330.0;1000.0;true
Rabbits;1034;idle;0.00;true;4;1;330.0;1000.0;true
Rabbits;1035;idle;0.00;true;4;1;330.0;1000.0;true
Rabbits;1036;idle;0.00;true;4;1;330.0;1000.0;true
Rabbits;1037;idle;0.00;true;4;1;330.0;1000.0;true
Rabbits;1038;idle;0.00;true;4;1;330.0;1000.0;true
Rabbits;1039;idle;0.00;true;4;1;330.0;1000.0;true
Rabbits;1040;idle;0.00;true;2;1;330.0;1000.0;true
Rabbits;1041;idle;0.00;true;2;1;330.0;1000.0;true
Rabbits;1042;idle;0.00;true;2;1;330.0;1000.0;true
Rabbits;1043;idle;0.00;true;2;1;330.0;1000.0;true
Rabbits;1044;idle;0.00;true;2;1;330.0;1000.0;true
Rabbits;1045;idle;0.00;true;2;1;330.0;1000.0;true
Rabbits;1046;idle;0.00;true;2;1;330.0;1000.0;true
Rabbits;1047;idle;0.00;true;2;1;330.0;1000.0;true
Rabbits;1048;idle;0.00;true;2;1;330.0;1000.0;true
Rabbits;1049;idle;0.00;true;3;1;330.0;1000.0;true
Rabbits;1050;idle;0.00;true;3;1;330.0;1000.0;true
Rabbits;1051;tap;0.00;true;2;1;330.0;1000.0;true
Rabbits;1052;tap;0.00;true;2;1;330.0;1000.0;true
Rabbits;1053;tap;0.00;true;2;1;330.0;1000.0;true
Rabbits;1054;tap;0.00;true;2;1;330.0;1000.0;true
Rabbits;1055;tap;0.00;true;3;1;330.0;1000.0;true
Rabbits;1056;tap;0.00;true;3;1;330.0;1000.0;true
Rabbits;1057;tap;0.00;true;3;1;330.0;1000.0;true
Rabbits;1058;tap;0.00;true;3;1;330.0;1000.0;true
Rabbits;1059;tap;0.00;true;3;1;330.0;1000.0;true
Rabbits;1060;idle;0.00;true;4;1;330.0;1000.0;true
Rabbits;1061;idle;0.00;true;4;1;330.0;1000.0;true
Rabbits;1062;idle;0.00;true;4;1;330.0;1000.0;true
Rabbits;1063;idle;0.00;true;4;1;330.0;1000.0;true
Rabbits;1064;idle;0.00;true;4;1;330.0;1000.0;true
Rabbits;1065;idle;0.00;true;4;1;330.0;1000.0;true
Rabbits;1066;idle;0.00;true;4;1;330.0;1000.0;true
Rabbits;1067;idle;0.00;true;4;1;330.0;1000.0;true
Rabbits;1068;idle;0.00;true;4;1;330.0;1000.0;true
Rabbits;1069;idle;0.00;true;4;1;330.0;1000.0;true
Rabbits;1070;idle;0.00;true;1;1;330.0;1000.0;true
Rabbits;1071;idle;0.00;true;1;1;330.0;1000.0;true
Rabbits;1072;idle;0.00;true;1;1;330.0;1000.0;true
Rabbits;1073;idle;0.00;true;1;1;330.0;1000.0;true
Rabbits;1074;idle;0.00;true;1;1;330.0;1000.0;true
Rabbits;1075;idle;0.00;true;1;1;330.0;1000.0;true
Rabbits;1076;idle;0.00;true;1;1;330.0;1000.0;true
Rabbits;1077;idle;0.00;true;1;1;330.0;1000.0;true
Rabbits;1078;idle;0.00;true;1;1;330.0;1000.0;true
Rabbits;1079;idle;0.00;true;2;1;330.0;1000.0;true
Rabbits;1080;idle;0.00;true;2;1;330.0;1000.0;true
Teleport;1081;cast;0.07;true;1;1;330.0;1000.0;true
Teleport;1082;cast;0.13;true;1;1;330.0;1000.0;true
Teleport;1083;cast;0.20;true;1;1;330.0;1000.0;true
Teleport;1084;cast;0.27;true;2;1;330.0;1000.0;true
Teleport;1085;cast;0.33;true;2;1;330.0;1000.0;true
Teleport;1086;cast;0.40;true;2;1;330.0;1000.0;true
Teleport;1087;cast;0.47;true;2;1;330.0;1000.0;true
Teleport;1088;cast;0.53;true;3;1;330.0;1000.0;false
Teleport;1089;cast;0.60;true;3;1;330.0;1000.0;false
Teleport;1090;cast;0.67;true;3;1;330.0;1000.0;false
Teleport;1091;cast;0.73;true;3;1;330.0;1000.0;false
Teleport;1092;cast;0.80;true;4;1;330.0;1000.0;false
Teleport;1093;cast;0.87;true;4;1;330.0;1000.0;false
Teleport;1094;cast;0.93;true;4;1;330.0;1000.0;false
Teleport;1095;cast;1.00;true;4;1;330.0;1000.0;false
Teleport;1096;cast;1.00;true;4;1;330.0;1000.0;false
Teleport;1097;cast;1.00;true;4;1;330.0;1000.0;false
Teleport;1098;cast;1.00;true;4;1;330.0;1000.0;false
Teleport;1099;cast;1.00;true;4;1;330.0;1000.0;false
Teleport;1100;cast;1.00;true;4;1;330.0;1000.0;false
Teleport;1101;cast;1.00;true;4;1;330.0;1000.0;false
Teleport;1102;cast;1.00;true;4;1;330.0;1000.0;false
Teleport;1103;cast;1.00;true;4;1;330.0;1000.0;false
Teleport;1104;cast;1.00;true;4;1;330.0;1000.0;false
Teleport;1105;cast;1.00;true;4;1;330.0;1000.0;false
Teleport;1106;cast;1.00;true;4;1;330.0;1000.0;false
Teleport;1107;cast;1.00;true;4;1;330.0;1000.0;false
Teleport;1108;cast;1.00;true;4;1;330.0;1000.0;false
Teleport;1109;cast;1.00;true;4;1;330.0;1000.0;false
Teleport;1110;cast;1.00;true;4;1;330.0;1000.0;false
Teleport;1111;cast;1.00;true;4;1;330.0;1000.0;false
Teleport;1112;cast;1.00;true;4;1;330.0;1000.0;false
Teleport;1113;cast;1.00;true;4;1;330.0;1000.0;false
Teleport;1114;cast;1.00;true;4;1;330.0;1000.0;false
Teleport;1115;cast;1.00;true;4;1;330.0;1000.0;false
Teleport;1116;cast;1.00;true;4;1;330.0;1000.0;false
Teleport;1117;cast;1.00;true;4;1;330.0;1000.0;false
Teleport;1118;cast;1.00;true;4;1;330.0;1000.0;false
Teleport;1119;cast;1.00;true;4;1;330.0;1000.0;false
Teleport;1120;cast;1.00;true;4;1;330.0;1000.0;false
Teleport;1121;cast;1.00;true;4;1;330.0;1000.0;false
Teleport;1122;cast;1.00;true;4;1;330.0;1000.0;false
Teleport;1123;cast;1.00;true;4;1;330.0;1000.0;false
Teleport;1124;cast;1.00;true;4;1;330.0;1000.0;false
Teleport;1125;cast;1.00;true;4;1;330.0;1000.0;false
Teleport;1126;cast;1.00;true;4;1;330.0;1000.0;false
Teleport;1127;cast;1.00;true;4;1;330.0;1000.0;false
Teleport;1128;cast;1.00;true;4;1;330.0;1000.0;false
Teleport;1129;cast;1.00;true;4;1;330.0;1000.0;false
Teleport;1130;cast;1.00;true;4;1;330.0;1000.0;false
Teleport;1131;cast;1.00;true;4;-1;1590.0;1000.0;false
Teleport;1132;cast;0.93;true;4;-1;1590.0;1000.0;false
Teleport;1133;cast;0.87;true;4;-1;1590.0;1000.0;false
Teleport;1134;cast;0.80;true;4;-1;1590.0;1000.0;false
Teleport;1135;cast;0.73;true;3;-1;1590.0;1000.0;false
Teleport;1136;cast;0.67;true;3;-1;1590.0;1000.0;false
Teleport;1137;cast;0.60;true;3;-1;1590.0;1000.0;false
Teleport;1138;cast;0.53;true;3;-1;1590.0;1000.0;false
Teleport;1139;cast;0.47;true;2;-1;1590.0;1000.0;true
Teleport;1140;cast;0.40;true;2;-1;1590.0;1000.0;true
Teleport;1141;cast;0.33;true;2;-1;1590.0;1000.0;true
Teleport;1142;cast;0.27;true;2;-1;1590.0;1000.0;true
Teleport;1143;cast;0.20;true;1;-1;1590.0;1000.0;true
Teleport;1144;cast;0.13;true;1;-1;1590.0;1000.0;true
Teleport;1145;cast;0.07;true;1;-1;1590.0;1000.0;true
Teleport;1146;cast;0.00;true;1;-1;1590.0;1000.0;true
Teleport;1147;cast;0.00;true;1;-1;1590.0;1000.0;true
Teleport;1148;cast;0.00;true;1;-1;1590.0;1000.0;true
Teleport;1149;cast;0.00;true;1;-1;1590.0;1000.0;true
Teleport;1150;cast;0.00;true;1;-1;1590.0;1000.0;true
Teleport;1151;cast;0.00;true;1;-1;1590.0;1000.0;true
Teleport;1152;cast;0.00;true;1;-1;1590.0;1000.0;true
Teleport;1153;cast;0.00;true;1;-1;1590.0;1000.0;true
Teleport;1154;cast;0.00;true;1;-1;1590.0;1000.0;true
Teleport;1155;cast;0.00;true;1;-1;1590.0;1000.0;true
Teleport;1156;cast;0.00;true;1;-1;1590.0;1000.0;true
Teleport;1157;cast;0.00;true;1;-1;1590.0;1000.0;true
Teleport;1158;throw;0.00;true;3;-1;1590.0;1000.0;true
Teleport;1159;throw;0.00;true;3;-1;1590.0;1000.0;true
Teleport;1160;throw;0.00;true;3;-1;1590.0;1000.0;true
Teleport;1161;throw;0.00;true;3;-1;1590.0;1000.0;true
Teleport;1162;throw;0.00;true;3;-1;1590.0;1000.0;true
Teleport;1163;throw;0.00;true;3;-1;1590.0;1000.0;true
Teleport;1164;throw;0.00;true;3;-1;1590.0;1000.0;true
Teleport;1165;throw;0.00;true;3;-1;1590.0;1000.0;true
Teleport;1166;throw;0.00;true;4;-1;1590.0;1000.0;true
Teleport;1167;throw;0.00;true;4;-1;1590.0;1000.0;true
Teleport;1168;throw;0.00;true;4;-1;1590.0;1000.0;true
Teleport;1169;throw;0.00;true;4;-1;1590.0;1000.0;true
Teleport;1170;throw;0.00;true;4;-1;1590.0;1000.0;true
Teleport;1171;throw;0.00;true;4;-1;1590.0;1000.0;true
Teleport;1172;throw;0.00;true;4;-1;1590.0;1000.0;true
Teleport;1173;throw;0.00;true;4;-1;1590.0;1000.0;true
Teleport;1174;throw;0.00;true;4;-1;1590.0;1000.0;true
Teleport;1175;throw;0.00;true;4;-1;1590.0;1000.0;true
Teleport;1176;throw;0.00;true;4;-1;1590.0;1000.0;true
Teleport;1177;throw;0.00;true;4;-1;1590.0;1000.0;true
Teleport;1178;throw;0.00;true;4;-1;1590.0;1000.0;true
Teleport;1179;throw;0.00;true;4;-1;1590.0;1000.0;true
Teleport;1180;throw;0.00;true;4;-1;1590.0;1000.0;true
Teleport;1181;throw;0.00;true;4;-1;1590.0;1000.0;true
Teleport;1182;throw;0.00;true;4;-1;1590.0;1000.0;true
Teleport;1183;throw;0.00;true;4;-1;1590.0;1000.0;true
Teleport;1184;throw;0.00;true;4;-1;1590.0;1000.0;true
Teleport;1185;throw;0.00;true;4;-1;1590.0;1000.0;true
Teleport;1186;throw;0.00;true;4;-1;1590.0;1000.0;true
Teleport;1187;throw;0.00;true;4;-1;1590.0;1000.0;true
Teleport;1188;throw;0.00;true;4;-1;1590.0;1000.0;true
Teleport;1189;throw;0.00;true;4;-1;1590.0;1000.0;true
Teleport;1190;throw;0.00;true;4;-1;1590.0;1000.0;true
Teleport;1191;throw;0.00;true;4;-1;1590.0;1000.0;true
Teleport;1192;throw;0.00;true;4;-1;1590.0;1000.0;true
Teleport;1193;throw;0.00;true;4;-1;1590.0;1000.0;true
Teleport;1194;throw;0.00;true;4;-1;1590.0;1000.0;true
Teleport;1195;throw;0.00;true;4;-1;1590.0;1000.0;true
Teleport;1196;throw;0.00;true;4;-1;1590.0;1000.0;true
Teleport;1197;throw;0.00;true;4;-1;1590.0;1000.0;true
Teleport;1198;throw;0.00;true;4;-1;1590.0;1000.0;true
Teleport;1199;throw;0.00;true;4;-1;1590.0;1000.0;true
Teleport;1200;throw;0.00;true;4;-1;1590.0;1000.0;true
Teleport;1201;throw;0.00;true;4;-1;1590.0;1000.0;true
Teleport;1202;throw;0.00;true;4;-1;1590.0;1000.0;true
Teleport;1203;throw;0.00;true;4;-1;1590.0;1000.0;true
Teleport;1204;throw;0.00;true;4;-1;1590.0;1000.0;true
Teleport;1205;throw;0.00;true;4;-1;1590.0;1000.0;true
Teleport;1206;throw;0.00;true;4;-1;1590.0;1000.0;true
Teleport;1207;throw;0.00;true;4;-1;1590.0;1000.0;true
Teleport;1208;throw;0.00;true;4;-1;1590.0;1000.0;true
Teleport;1209;throw;0.00;true;4;-1;1590.0;1000.0;true
Teleport;1210;throw;0.00;true;4;-1;1590.0;1000.0;true
Teleport;1211;throw;0.00;true;4;-1;1590.0;1000.0;true
Teleport;1212;throw;0.00;true;4;-1;1590.0;1000.0;true
Teleport;1213;throw;0.00;true;4;-1;1590.0;1000.0;true
Teleport;1214;throw;0.00;true;4;-1;1590.0;1000.0;true
Teleport;1215;throw;0.00;true;4;-1;1590.0;1000.0;true
Teleport;1216;throw;0.00;true;4;-1;1590.0;1000.0;true
Teleport;1217;throw;0.00;true;4;-1;1590.0;1000.0;true
Teleport;1218;throw;0.00;true;4;-1;1590.0;1000.0;true
Teleport;1219;throw;0.00;true;4;-1;1590.0;1000.0;true
Teleport;1220;throw;0.00;true;4;-1;1590.0;1000.0;true
Teleport;1221;throw;0.00;true;4;-1;1590.0;1000.0;true
Teleport;1222;throw;0.00;true;4;-1;1590.0;1000.0;true
Teleport;1223;throw;0.00;true;4;-1;1590.0;1000.0;true
Teleport;1224;throw;0.00;true;4;-1;1590.0;1000.0;true
Teleport;1225;throw;0.00;true;4;-1;1590.0;1000.0;true
Teleport;1226;throw;0.00;true;4;-1;1590.0;1000.0;true
Teleport;1227;throw;0.00;true;4;-1;1590.0;1000.0;true
Teleport;1228;throw;0.00;true;4;-1;1590.0;1000.0;true
Teleport;1229;throw;0.00;true;4;-1;1590.0;1000.0;true
Teleport;1230;throw;0.00;true;4;-1;1590.0;1000.0;true
Teleport;1231;throw;0.00;true;4;-1;1590.0;1000.0;true
Teleport;1232;throw;0.00;true;4;-1;1590.0;1000.0;true
Teleport;1233;throw;0.00;true;4;-1;1590.0;1000.0;true
Teleport;1234;throw;0.00;true;4;-1;1590.0;1000.0;true
Teleport;1235;throw;0.00;true;4;-1;1590.0;1000.0;true
Teleport;1236;throw;0.00;true;4;-1;1590.0;1000.0;true
Teleport;1237;throw;0.00;true;4;-1;1590.0;1000.0;true
Teleport;1238;throw;0.00;true;4;-1;1590.0;1000.0;true
Teleport;1239;throw;0.00;true;4;-1;1590.0;1000.0;true
Teleport;1240;throw;0.00;true;4;-1;1590.0;1000.0;true
Teleport;1241;throw;0.00;true;4;-1;1590.0;1000.0;true
Teleport;1242;throw;0.00;true;4;-1;1590.0;1000.0;true
Teleport;1243;throw;0.00;true;4;-1;1590.0;1000.0;true
Teleport;1244;throw;0.00;true;4;-1;1590.0;1000.0;true
Teleport;1245;throw;0.00;true;4;-1;1590.0;1000.0;true
Teleport;1246;throw;0.00;true;4;-1;1590.0;1000.0;true
Teleport;1247;throw;0.00;true;4;-1;1590.0;1000.0;true
Teleport;1248;throw;0.00;true;4;-1;1590.0;1000.0;true
Teleport;1249;throw;0.00;true;4;-1;1590.0;1000.0;true
Teleport;1250;throw;0.00;true;4;-1;1590.0;1000.0;true
Teleport;1251;throw;0.00;true;4;-1;1590.0;1000.0;true
Teleport;1252;throw;0.00;true;4;-1;1590.0;1000.0;true
Teleport;1253;throw;0.00;true;4;-1;1590.0;1000.0;true
Teleport;1254;throw;0.00;true;4;-1;1590.0;1000.0;true
Teleport;1255;idle;0.00;true;3;-1;1590.0;1000.0;true
Teleport;1256;idle;0.00;true;3;-1;1590.0;1000.0;true
Teleport;1257;idle;0.00;true;3;-1;1590.0;1000.0;true
Teleport;1258;idle;0.00;true;3;-1;1590.0;1000.0;true
Teleport;1259;idle;0.00;true;4;-1;1590.0;1000.0;true
Teleport;1260;idle;0.00;true;4;-1;1590.0;1000.0;true
Teleport;1261;idle;0.00;true;4;-1;1590.0;1000.0;true
Teleport;1262;idle;0.00;true;4;-1;1590.0;1000.0;true
Teleport;1263;idle;0.00;true;4;-1;1590.0;1000.0;true
Teleport;1264;idle;0.00;true;4;-1;1590.0;1000.0;true
Teleport;1265;idle;0.00;true;4;-1;1590.0;1000.0;true
Teleport;1266;idle;0.00;true;4;-1;1590.0;1000.0;true
Teleport;1267;idle;0.00;true;4;-1;1590.0;1000.0;true
Teleport;1268;idle;0.00;true;4;-1;1590.0;1000.0;true
Teleport;1269;idle;0.00;true;4;-1;1590.0;1000.0;true
Teleport;1270;idle;0.00;true;1;-1;1590.0;1000.0;true
Teleport;1271;idle;0.00;true;1;-1;1590.0;1000.0;true
Teleport;1272;idle;0.00;true;1;-1;1590.0;1000.0;true
Teleport;1273;idle;0.00;true;1;-1;1590.0;1000.0;true
Teleport;1274;idle;0.00;true;1;-1;1590.0;1000.0;true
Teleport;1275;idle;0.00;true;1;-1;1590.0;1000.0;true
Teleport;1276;idle;0.00;true;1;-1;1590.0;1000.0;true
Teleport;1277;idle;0.00;true;1;-1;1590.0;1000.0;true
Teleport;1278;idle;0.00;true;1;-1;1590.0;1000.0;true
Teleport;1279;idle;0.00;true;1;-1;1590.0;1000.0;true
Teleport;1280;idle;0.00;true;2;-1;1590.0;1000.0;true
Teleport;1281;idle;0.00;true;2;-1;1590.0;1000.0;true
Teleport;1282;idle;0.00;true;2;-1;1590.0;1000.0;true
Teleport;1283;idle;0.00;true;2;-1;1590.0;1000.0;true
Teleport;1284;idle;0.00;true;2;-1;1590.0;1000.0;true
Teleport;1285;idle;0.00;true;2;-1;1590.0;1000.0;true
Teleport;1286;idle;0.00;true;2;-1;1590.0;1000.0;true
Teleport;1287;idle;0.00;true;2;-1;1590.0;1000.0;true
Teleport;1288;idle;0.00;true;2;-1;1590.0;1000.0;true
Teleport;1289;idle;0.00;true;2;-1;1590.0;1000.0;true
Teleport;1290;idle;0.00;true;3;-1;1590.0;1000.0;true
Teleport;1291;idle;0.00;true;3;-1;1590.0;1000.0;true
Teleport;1292;idle;0.00;true;3;-1;1590.0;1000.0;true
Teleport;1293;idle;0.00;true;3;-1;1590.0;1000.0;true
Teleport;1294;idle;0.00;true;3;-1;1590.0;1000.0;true
Teleport;1295;idle;0.00;true;3;-1;1590.0;1000.0;true
Teleport;1296;idle;0.00;true;3;-1;1590.0;1000.0;true
Teleport;1297;idle;0.00;true;3;-1;1590.0;1000.0;true
Teleport;1298;idle;0.00;true;3;-1;1590.0;1000.0;true
Teleport;1299;idle;0.00;true;3;-1;1590.0;1000.0;true
Teleport;1300;idle;0.00;true;4;-1;1590.0;1000.0;true
Teleport;1301;idle;0.00;true;4;-1;1590.0;1000.0;true
Teleport;1302;idle;0.00;true;4;-1;1590.0;1000.0;true
Teleport;1303;idle;0.00;true;4;-1;1590.0;1000.0;true
Teleport;1304;idle;0.00;true;4;-1;1590.0;1000.0;true
Teleport;1305;idle;0.00;true;4;-1;1590.0;1000.0;true
Teleport;1306;idle;0.00;true;4;-1;1590.0;1000.0;true
Teleport;1307;idle;0.00;true;4;-1;1590.0;1000.0;true
Teleport;1308;idle;0.00;true;4;-1;1590.0;1000.0;true
Teleport;1309;idle;0.00;true;4;-1;1590.0;1000.0;true
Teleport;1310;idle;0.00;true;1;-1;1590.0;1000.0;true
Teleport;1311;idle;0.00;true;1;-1;1590.0;1000.0;true
Teleport;1312;idle;0.00;true;1;-1;1590.0;1000.0;true
Teleport;1313;idle;0.00;true;1;-1;1590.0;1000.0;true
Teleport;1314;idle;0.00;true;1;-1;1590.0;1000.0;true
Teleport;1315;idle;0.00;true;1;-1;1590.0;1000.0;true
Teleport;1316;idle;0.00;true;1;-1;1590.0;1000.0;true
Teleport;1317;idle;0.00;true;1;-1;1590.0;1000.0;true
Teleport;1318;idle;0.00;true;1;-1;1590.0;1000.0;true
Teleport;1319;idle;0.00;true;1;-1;1590.0;1000.0;true
Teleport;1320;idle;0.00;true;2;-1;1590.0;1000.0;true
Teleport;1321;idle;0.00;true;2;-1;1590.0;1000.0;true
Teleport;1322;idle;0.00;true;2;-1;1590.0;1000.0;true
Teleport;1323;idle;0.00;true;2;-1;1590.0;1000.0;true
Teleport;1324;idle;0.00;true;2;-1;1590.0;1000.0;true
Teleport;1325;idle;0.00;true;2;-1;1590.0;1000.0;true
Teleport;1326;idle;0.00;true;2;-1;1590.0;1000.0;true
Teleport;1327;idle;0.00;true;2;-1;1590.0;1000.0;true
Teleport;1328;idle;0.00;true;2;-1;1590.0;1000.0;true
Teleport;1329;idle;0.00;true;2;-1;1590.0;1000.0;true
Teleport;1330;idle;0.00;true;3;-1;1590.0;1000.0;true
Teleport;1331;idle;0.00;true;3;-1;1590.0;1000.0;true
Teleport;1332;idle;0.00;true;3;-1;1590.0;1000.0;true
Teleport;1333;idle;0.00;true;3;-1;1590.0;1000.0;true
Teleport;1334;idle;0.00;true;3;-1;1590.0;1000.0;true
Teleport;1335;idle;0.00;true;3;-1;1590.0;1000.0;true
Teleport;1336;idle;0.00;true;3;-1;1590.0;1000.0;true
Teleport;1337;idle;0.00;true;3;-1;1590.0;1000.0;true
Teleport;1338;idle;0.00;true;3;-1;1590.0;1000.0;true
Teleport;1339;idle;0.00;true;3;-1;1590.0;1000.0;true
Teleport;1340;idle;0.00;true;4;-1;1590.0;1000.0;true
Teleport;1341;idle;0.00;true;4;-1;1590.0;1000.0;true
Teleport;1342;idle;0.00;true;4;-1;1590.0;1000.0;true
Teleport;1343;idle;0.00;true;4;-1;1590.0;1000.0;true
Teleport;1344;idle;0.00;true;4;-1;1590.0;1000.0;true
Teleport;1345;idle;0.00;true;4;-1;1590.0;1000.0;true
Teleport;1346;idle;0.00;true;4;-1;1590.0;1000.0;true
Teleport;1347;idle;0.00;true;4;-1;1590.0;1000.0;true
Teleport;1348;idle;0.00;true;4;-1;1590.0;1000.0;true
Teleport;1349;idle;0.00;true;4;-1;1590.0;1000.0;true
Teleport;1350;idle;0.00;true;1;-1;1590.0;1000.0;true
Teleport;1351;idle;0.00;true;1;-1;1590.0;1000.0;true
Teleport;1352;idle;0.00;true;1;-1;1590.0;1000.0;true
Teleport;1353;idle;0.00;true;1;-1;1590.0;1000.0;true
Teleport;1354;idle;0.00;true;1;-1;1590.0;1000.0;true
Teleport;1355;idle;0.00;true;1;-1;1590.0;1000.0;true
Teleport;1356;idle;0.00;true;1;-1;1590.0;1000.0;true
Teleport;1357;idle;0.00;true;1;-1;1590.0;1000.0;true
Teleport;1358;idle;0.00;true;1;-1;1590.0;1000.0;true
Teleport;1359;idle;0.00;true;1;-1;1590.0;1000.0;true
Teleport;1360;idle;0.00;true;2;-1;1590.0;1000.0;true
Teleport;1361;idle;0.00;true;2;-1;1590.0;1000.0;true
Teleport;1362;idle;0.00;true;2;-1;1590.0;1000.0;true
Teleport;1363;idle;0.00;true;2;-1;1590.0;1000.0;true
Teleport;1364;idle;0.00;true;2;-1;1590.0;1000.0;true
Teleport;1365;idle;0.00;true;2;-1;1590.0;1000.0;true
Teleport;1366;idle;0.00;true;2;-1;1590.0;1000.0;true
Teleport;1367;idle;0.00;true;2;-1;1590.0;1000.0;true
Teleport;1368;idle;0.00;true;2;-1;1590.0;1000.0;true
Teleport;1369;idle;0.00;true;2;-1;1590.0;1000.0;true
Teleport;1370;idle;0.00;true;3;-1;1590.0;1000.0;true
Teleport;1371;idle;0.00;true;3;-1;1590.0;1000.0;true
Teleport;1372;idle;0.00;true;3;-1;1590.0;1000.0;true
Teleport;1373;idle;0.00;true;3;-1;1590.0;1000.0;true
Teleport;1374;idle;0.00;true;3;-1;1590.0;1000.0;true
Teleport;1375;idle;0.00;true;3;-1;1590.0;1000.0;true
Teleport;1376;idle;0.00;true;3;-1;1590.0;1000.0;true
Teleport;1377;idle;0.00;true;3;-1;1590.0;1000.0;true
Teleport;1378;idle;0.00;true;3;-1;1590.0;1000.0;true
Teleport;1379;idle;0.00;true;3;-1;1590.0;1000.0;true
Teleport;1380;idle;0.00;true;4;-1;1590.0;1000.0;true
Teleport;1381;idle;0.00;true;4;-1;1590.0;1000.0;true
Teleport;1382;idle;0.00;true;4;-1;1590.0;1000.0;true
Teleport;1383;idle;0.00;true;4;-1;1590.0;1000.0;true
Teleport;1384;idle;0.00;true;4;-1;1590.0;1000.0;true
Teleport;1385;idle;0.00;true;4;-1;1590.0;1000.0;true
Teleport;1386;idle;0.00;true;4;-1;1590.0;1000.0;true
Teleport;1387;idle;0.00;true;4;-1;1590.0;1000.0;true
Teleport;1388;idle;0.00;true;4;-1;1590.0;1000.0;true
Teleport;1389;idle;0.00;true;4;-1;1590.0;1000.0;true
Teleport;1390;idle;0.00;true;1;-1;1590.0;1000.0;true
Teleport;1391;idle;0.00;true;1;-1;1590.0;1000.0;true
Teleport;1392;idle;0.00;true;1;-1;1590.0;1000.0;true
Teleport;1393;idle;0.00;true;1;-1;1590.0;1000.0;true
Teleport;1394;idle;0.00;true;1;-1;1590.0;1000.0;true
Teleport;1395;idle;0.00;true;1;-1;1590.0;1000.0;true
Teleport;1396;idle;0.00;true;1;-1;1590.0;1000.0;true
Teleport;1397;idle;0.00;true;1;-1;1590.0;1000.0;true
Teleport;1398;idle;0.00;true;1;-1;1590.0;1000.0;true
Teleport;1399;idle;0.00;true;1;-1;1590.0;1000.0;true
Teleport;1400;idle;0.00;true;2;-1;1590.0;1000.0;true
Teleport;1401;idle;0.00;true;2;-1;1590.0;1000.0;true
Teleport;1402;idle;0.00;true;2;-1;1590.0;1000.0;true
Teleport;1403;idle;0.00;true;2;-1;1590.0;1000.0;true
Teleport;1404;idle;0.00;true;2;-1;1590.0;1000.0;true
Teleport;1405;idle;0.00;true;2;-1;1590.0;1000.0;true
Teleport;1406;idle;0.00;true;2;-1;1590.0;1000.0;true
Teleport;1407;idle;0.00;true;2;-1;1590.0;1000.0;true
Teleport;1408;idle;0.00;true;2;-1;1590.0;1000.0;true
Teleport;1409;idle;0.00;true;2;-1;1590.0;1000.0;true
Teleport;1410;idle;0.00;true;3;-1;1590.0;1000.0;true
Teleport;1411;idle;0.00;true;3;-1;1590.0;1000.0;true
Teleport;1412;idle;0.00;true;3;-1;1590.0;1000.0;true
Teleport;1413;idle;0.00;true;3;-1;1590.0;1000.0;true
Teleport;1414;idle;0.00;true;3;-1;1590.0;1000.0;true
Teleport;1415;idle;0.00;true;3;-1;1590.0;1000.0;true
Teleport;1416;idle;0.00;true;3;-1;1590.0;1000.0;true
Teleport;1417;idle;0.00;true;3;-1;1590.0;1000.0;true
Teleport;1418;idle;0.00;true;3;-1;1590.0;1000.0;true
Teleport;1419;idle;0.00;true;3;-1;1590.0;1000.0;true
Teleport;1420;idle;0.00;true;4;-1;1590.0;1000.0;true
Teleport;1421;idle;0.00;true;4;-1;1590.0;1000.0;true
Teleport;1422;idle;0.00;true;4;-1;1590.0;1000.0;true
Teleport;1423;idle;0.00;true;4;-1;1590.0;1000.0;true
Teleport;1424;idle;0.00;true;4;-1;1590.0;1000.0;true
Teleport;1425;idle;0.00;true;4;-1;1590.0;1000.0;true
Teleport;1426;idle;0.00;true;4;-1;1590.0;1000.0;true
Teleport;1427;idle;0.00;true;4;-1;1590.0;1000.0;true
Teleport;1428;idle;0.00;true;4;-1;1590.0;1000.0;true
Teleport;1429;idle;0.00;true;4;-1;1590.0;1000.0;true
Teleport;1430;idle;0.00;true;1;-1;1590.0;1000.0;true
Teleport;1431;idle;0.00;true;1;-1;1590.0;1000.0;true
Teleport;1432;idle;0.00;true;1;-1;1590.0;1000.0;true
Teleport;1433;idle;0.00;true;1;-1;1590.0;1000.0;true
Teleport;1434;idle;0.00;true;1;-1;1590.0;1000.0;true
Teleport;1435;idle;0.00;true;1;-1;1590.0;1000.0;true
Teleport;1436;idle;0.00;true;1;-1;1590.0;1000.0;true
Teleport;1437;idle;0.00;true;1;-1;1590.0;1000.0;true
Teleport;1438;idle;0.00;true;1;-1;1590.0;1000.0;true
Teleport;1439;idle;0.00;true;1;-1;1590.0;1000.0;true
Teleport;1440;idle;0.00;true;2;-1;1590.0;1000.0;true
ShellGame;1441;bow;0.00;false;0;-1;1584.3;1000.0;true
ShellGame;1442;bow;0.00;false;0;-1;1572.9;1000.0;true
ShellGame;1443;bow;0.00;false;0;-1;1556.0;1000.0;true
ShellGame;1444;bow;0.00;false;0;-1;1533.9;1000.0;true
ShellGame;1445;bow;0.00;false;0;-1;1506.8;1000.0;true
ShellGame;1446;bow;0.00;false;0;-1;1475.3;1000.0;true
ShellGame;1447;bow;0.00;false;0;-1;1439.7;1000.0;true
ShellGame;1448;bow;0.00;false;0;-1;1400.6;1000.0;true
ShellGame;1449;bow;0.00;false;0;-1;1358.5;1000.0;true
ShellGame;1450;bow;0.00;false;0;-1;1314.2;1000.0;true
ShellGame;1451;bow;0.00;false;0;-1;1268.1;1000.0;true
ShellGame;1452;bow;0.00;false;0;-1;1220.9;1000.0;true
ShellGame;1453;bow;0.00;false;0;-1;1173.2;1000.0;true
ShellGame;1454;bow;0.00;false;0;-1;1125.5;1000.0;true
ShellGame;1455;bow;0.00;false;0;-1;1078.3;1000.0;true
ShellGame;1456;bow;0.00;false;0;-1;1032.3;1000.0;true
ShellGame;1457;bow;0.00;false;0;-1;987.7;1000.0;true
ShellGame;1458;bow;0.00;false;0;-1;944.9;1000.0;true
ShellGame;1459;bow;0.00;false;0;-1;904.3;1000.0;true
ShellGame;1460;bow;0.00;false;0;-1;866.0;1000.0;true
ShellGame;1461;bow;0.00;false;0;-1;830.3;1000.0;true
ShellGame;1462;bow;0.00;false;0;-1;797.3;1000.0;true
ShellGame;1463;bow;0.00;false;0;-1;767.0;1000.0;true
ShellGame;1464;bow;0.00;false;0;-1;739.4;1000.0;true
ShellGame;1465;bow;0.00;false;0;-1;714.5;1000.0;true
ShellGame;1466;bow;0.00;false;0;-1;692.1;1000.0;true
ShellGame;1467;bow;0.00;false;0;-1;672.3;1000.0;true
ShellGame;1468;bow;0.04;true;1;-1;654.8;1000.0;false
ShellGame;1469;bow;0.07;true;1;-1;639.6;1000.0;false
ShellGame;1470;bow;0.11;true;1;-1;626.3;1000.0;false
ShellGame;1471;bow;0.15;true;1;-1;614.9;1000.0;false
ShellGame;1472;bow;0.19;true;1;-1;605.1;1000.0;false
ShellGame;1473;bow;0.22;true;1;-1;596.9;1000.0;false
ShellGame;1474;bow;0.26;true;2;-1;589.9;1000.0;false
ShellGame;1475;bow;0.30;true;2;-1;584.1;1000.0;false
ShellGame;1476;bow;0.33;true;2;-1;579.3;1000.0;false
ShellGame;1477;bow;0.37;true;2;-1;575.3;1000.0;false
ShellGame;1478;bow;0.41;true;2;-1;572.1;1000.0;false
ShellGame;1479;bow;0.44;true;2;-1;569.5;1000.0;false
ShellGame;1480;bow;0.48;true;2;-1;567.4;1000.0;false
ShellGame;1481;bow;0.52;true;3;-1;565.7;1000.0;false
ShellGame;1482;bow;0.56;true;3;-1;564.4;1000.0;false
ShellGame;1483;bow;0.59;true;3;-1;563.3;1000.0;false
ShellGame;1484;bow;0.63;true;3;-1;562.5;1000.0;false
ShellGame;1485;bow;0.67;true;3;-1;561.9;1000.0;false
ShellGame;1486;bow;0.70;true;3;-1;561.4;1000.0;false
ShellGame;1487;bow;0.74;true;3;-1;561.0;1000.0;false
ShellGame;1488;bow;0.78;true;4;-1;560.8;1000.0;false
ShellGame;1489;bow;0.81;true;4;-1;560.6;1000.0;false
ShellGame;1490;bow;0.85;true;4;-1;560.4;1000.0;false
ShellGame;1491;bow;0.89;true;4;-1;560.3;1000.0;false
ShellGame;1492;bow;0.93;true;4;-1;560.2;1000.0;false
ShellGame;1493;bow;0.96;true;4;-1;560.1;1000.0;false
ShellGame;1494;bow;0.96;true;4;-1;560.1;1000.0;false
ShellGame;1495;bow;0.96;true;4;-1;560.1;1000.0;false
ShellGame;1496;bow;0.96;true;4;-1;560.1;1000.0;false
ShellGame;1497;bow;0.96;true;4;-1;560.1;1000.0;false
ShellGame;1498;bow;0.96;true;4;-1;560.1;1000.0;false
ShellGame;1499;bow;0.96;true;4;-1;560.1;1000.0;false
ShellGame;1500;bow;0.96;true;4;-1;560.1;1000.0;false
ShellGame;1501;bow;0.96;true;4;-1;560.1;1000.0;false
ShellGame;1502;bow;0.96;true;4;-1;560.1;1000.0;false
ShellGame;1503;bow;0.96;true;4;-1;560.1;1000.0;false
ShellGame;1504;bow;0.96;true;4;-1;560.1;1000.0;false
ShellGame;1505;bow;0.96;true;4;-1;560.1;1000.0;false
ShellGame;1506;bow;0.96;true;4;-1;560.1;1000.0;false
ShellGame;1507;bow;0.96;true;4;-1;560.1;1000.0;false
ShellGame;1508;bow;0.96;true;4;-1;560.1;1000.0;false
ShellGame;1509;bow;0.96;true;4;-1;560.1;1000.0;false
ShellGame;1510;bow;0.96;true;4;-1;560.1;1000.0;false
ShellGame;1511;bow;0.96;true;4;-1;560.1;1000.0;false
ShellGame;1512;bow;0.96;true;4;-1;560.1;1000.0;false
ShellGame;1513;bow;0.96;true;4;-1;560.1;1000.0;false
ShellGame;1514;bow;0.96;true;4;-1;560.1;1000.0;false
ShellGame;1515;bow;0.96;true;4;-1;560.1;1000.0;false
ShellGame;1516;bow;0.96;true;4;-1;560.1;1000.0;false
ShellGame;1517;bow;0.96;true;4;-1;560.1;1000.0;false
ShellGame;1518;bow;0.96;true;4;-1;560.1;1000.0;false
ShellGame;1519;bow;0.96;true;4;-1;560.1;1000.0;false
ShellGame;1520;bow;0.96;true;4;-1;560.1;1000.0;false
ShellGame;1521;bow;0.96;true;4;-1;560.1;1000.0;false
ShellGame;1522;bow;0.96;true;4;-1;560.1;1000.0;false
ShellGame;1523;bow;0.96;true;4;-1;560.1;1000.0;false
ShellGame;1524;bow;0.96;true;4;-1;560.1;1000.0;false
ShellGame;1525;bow;0.96;true;4;-1;560.1;1000.0;false
ShellGame;1526;bow;0.96;true;4;-1;560.1;1000.0;false
ShellGame;1527;bow;0.96;true;4;-1;560.1;1000.0;false
ShellGame;1528;bow;0.96;true;4;-1;560.1;1000.0;false
ShellGame;1529;bow;0.96;true;4;-1;560.1;1000.0;false
ShellGame;1530;bow;0.96;true;4;-1;560.1;1000.0;false
ShellGame;1531;bow;0.96;true;4;-1;560.1;1000.0;false
ShellGame;1532;bow;0.96;true;4;-1;560.1;1000.0;false
ShellGame;1533;bow;0.96;true;4;-1;560.1;1000.0;false
ShellGame;1534;bow;0.96;true;4;-1;560.1;1000.0;false
ShellGame;1535;bow;0.96;true;4;-1;560.1;1000.0;false
ShellGame;1536;bow;0.96;true;4;-1;560.1;1000.0;false
ShellGame;1537;bow;0.96;true;4;-1;560.1;1000.0;false
ShellGame;1538;bow;0.96;true;4;-1;560.1;1000.0;false
ShellGame;1539;bow;0.96;true;4;-1;560.1;1000.0;false
ShellGame;1540;bow;0.96;true;4;-1;560.1;1000.0;false
ShellGame;1541;bow;0.96;true;4;-1;560.1;1000.0;false
ShellGame;1542;bow;0.96;true;4;-1;560.1;1000.0;false
ShellGame;1543;bow;0.96;true;4;-1;560.1;1000.0;false
ShellGame;1544;bow;0.96;true;4;-1;560.1;1000.0;false
ShellGame;1545;bow;0.96;true;4;-1;560.1;1000.0;false
ShellGame;1546;bow;0.96;true;4;-1;560.1;1000.0;false
ShellGame;1547;bow;0.96;true;4;-1;560.1;1000.0;false
ShellGame;1548;bow;0.96;true;4;-1;560.1;1000.0;false
ShellGame;1549;bow;0.96;true;4;-1;560.1;1000.0;false
ShellGame;1550;bow;0.96;true;4;-1;560.1;1000.0;false
ShellGame;1551;bow;0.96;true;4;-1;560.1;1000.0;false
ShellGame;1552;bow;0.96;true;4;-1;560.1;1000.0;false
ShellGame;1553;bow;0.96;true;4;-1;560.1;1000.0;false
ShellGame;1554;bow;0.96;true;4;-1;560.1;1000.0;false
ShellGame;1555;bow;0.96;true;4;-1;560.1;1000.0;false
ShellGame;1556;bow;0.96;true;4;-1;560.1;1000.0;false
ShellGame;1557;bow;0.96;true;4;-1;560.1;1000.0;false
ShellGame;1558;bow;0.96;true;4;-1;560.1;1000.0;false
ShellGame;1559;bow;0.96;true;4;-1;560.1;1000.0;false
ShellGame;1560;bow;0.96;true;4;-1;560.1;1000.0;false
ShellGame;1561;bow;0.96;true;4;-1;560.1;1000.0;false
ShellGame;1562;bow;0.96;true;4;-1;560.1;1000.0;false
ShellGame;1563;bow;0.96;true;4;-1;560.1;1000.0;false
ShellGame;1564;bow;0.96;true;4;-1;560.1;1000.0;false
ShellGame;1565;bow;0.96;true;4;-1;560.1;1000.0;false
ShellGame;1566;bow;0.96;true;4;-1;560.1;1000.0;false
ShellGame;1567;bow;0.96;true;4;-1;560.1;1000.0;false
ShellGame;1568;bow;0.96;true;4;-1;560.1;1000.0;false
ShellGame;1569;bow;0.96;true;4;-1;560.1;1000.0;false
ShellGame;1570;bow;0.96;true;4;-1;560.1;1000.0;false
ShellGame;1571;bow;0.96;true;4;-1;560.1;1000.0;false
ShellGame;1572;bow;0.96;true;4;-1;560.1;1000.0;false
ShellGame;1573;bow;0.96;true;4;-1;560.1;1000.0;false
ShellGame;1574;bow;0.96;true;4;-1;560.1;1000.0;false
ShellGame;1575;bow;0.96;true;4;-1;560.1;1000.0;false
ShellGame;1576;bow;0.96;true;4;-1;560.1;1000.0;false
ShellGame;1577;bow;0.96;true;4;-1;560.1;1000.0;false
ShellGame;1578;bow;0.96;true;4;-1;560.1;1000.0;false
ShellGame;1579;bow;0.96;true;4;-1;560.1;1000.0;false
ShellGame;1580;bow;0.96;true;4;-1;560.1;1000.0;false
ShellGame;1581;bow;0.96;true;4;-1;560.1;1000.0;false
ShellGame;1582;bow;0.96;true;4;-1;560.1;1000.0;false
ShellGame;1583;bow;0.96;true;4;-1;560.1;1000.0;false
ShellGame;1584;bow;0.96;true;4;-1;560.1;1000.0;false
ShellGame;1585;bow;0.96;true;4;-1;560.1;1000.0;false
ShellGame;1586;bow;0.96;true;4;-1;560.1;1000.0;false
ShellGame;1587;bow;0.96;true;4;-1;560.1;1000.0;false
ShellGame;1588;bow;0.96;true;4;-1;560.1;1000.0;false
ShellGame;1589;bow;0.96;true;4;-1;560.1;1000.0;false
ShellGame;1590;bow;0.96;true;4;-1;560.1;1000.0;false
ShellGame;1591;bow;0.96;true;4;-1;560.1;1000.0;false
ShellGame;1592;bow;0.96;true;4;-1;560.1;1000.0;false
ShellGame;1593;bow;0.96;true;4;-1;560.1;1000.0;false
ShellGame;1594;bow;0.96;true;4;-1;560.1;1000.0;false
ShellGame;1595;bow;0.96;true;4;-1;560.1;1000.0;false
ShellGame;1596;bow;0.96;true;4;-1;560.1;1000.0;false
ShellGame;1597;bow;0.96;true;4;-1;560.1;1000.0;false
ShellGame;1598;bow;0.96;true;4;-1;560.1;1000.0;false
ShellGame;1599;bow;0.96;true;4;-1;560.1;1000.0;false
ShellGame;1600;bow;0.96;true;4;-1;560.1;1000.0;false
ShellGame;1601;bow;0.96;true;4;-1;560.1;1000.0;false
ShellGame;1602;bow;0.96;true;4;-1;560.1;1000.0;false
ShellGame;1603;bow;0.96;true;4;-1;560.1;1000.0;false
ShellGame;1604;bow;0.96;true;4;-1;560.1;1000.0;false
ShellGame;1605;bow;0.96;true;4;-1;560.1;1000.0;false
ShellGame;1606;bow;0.96;true;4;-1;560.1;1000.0;false
ShellGame;1607;bow;0.96;true;4;-1;560.1;1000.0;false
ShellGame;1608;bow;0.96;true;4;-1;560.1;1000.0;false
ShellGame;1609;bow;0.96;true;4;-1;560.1;1000.0;false
ShellGame;1610;bow;0.96;true;4;-1;560.1;1000.0;false
ShellGame;1611;bow;0.96;true;4;-1;560.1;1000.0;false
ShellGame;1612;bow;0.96;true;4;-1;560.1;1000.0;false
ShellGame;1613;bow;0.96;true;4;-1;560.1;1000.0;false
ShellGame;1614;bow;0.96;true;4;-1;560.1;1000.0;false
ShellGame;1615;bow;0.96;true;4;-1;560.1;1000.0;false
ShellGame;1616;bow;0.96;true;4;-1;560.1;1000.0;false
ShellGame;1617;bow;0.96;true;4;-1;560.1;1000.0;false
ShellGame;1618;bow;0.96;true;4;-1;560.1;1000.0;false
ShellGame;1619;bow;0.96;true;4;-1;560.1;1000.0;false
ShellGame;1620;bow;0.96;true;4;-1;560.1;1000.0;false
ShellGame;1621;bow;0.96;true;4;-1;560.1;1000.0;false
ShellGame;1622;bow;0.96;true;4;-1;560.1;1000.0;false
ShellGame;1623;bow;0.96;true;4;-1;560.1;1000.0;false
ShellGame;1624;bow;0.96;true;4;-1;560.1;1000.0;false
ShellGame;1625;bow;0.96;true;4;-1;560.1;1000.0;false
ShellGame;1626;bow;0.96;true;4;-1;560.1;1000.0;false
ShellGame;1627;bow;0.96;true;4;-1;560.1;1000.0;false
ShellGame;1628;bow;0.96;true;4;-1;560.1;1000.0;false
ShellGame;1629;bow;0.96;true;4;-1;560.1;1000.0;false
ShellGame;1630;bow;0.96;true;4;-1;560.1;1000.0;false
ShellGame;1631;bow;0.96;true;4;-1;560.1;1000.0;false
ShellGame;1632;bow;0.96;true;4;-1;560.1;1000.0;false
ShellGame;1633;bow;0.96;true;4;-1;560.1;1000.0;false
ShellGame;1634;bow;0.96;true;4;-1;560.1;1000.0;false
ShellGame;1635;bow;0.96;true;4;-1;560.1;1000.0;false
ShellGame;1636;bow;0.96;true;4;-1;560.1;1000.0;false
ShellGame;1637;bow;0.96;true;4;-1;560.1;1000.0;false
ShellGame;1638;bow;0.96;true;4;-1;560.1;1000.0;false
ShellGame;1639;bow;0.96;true;4;-1;560.1;1000.0;false
ShellGame;1640;bow;0.96;true;4;-1;560.1;1000.0;false
ShellGame;1641;bow;0.96;true;4;-1;560.1;1000.0;false
ShellGame;1642;bow;0.96;true;4;-1;560.1;1000.0;false
ShellGame;1643;bow;0.96;true;4;-1;560.1;1000.0;false
ShellGame;1644;bow;0.96;true;4;-1;560.1;1000.0;false
ShellGame;1645;bow;0.96;true;4;-1;560.1;1000.0;false
ShellGame;1646;bow;0.96;true;4;-1;560.1;1000.0;false
ShellGame;1647;bow;0.96;true;4;-1;560.1;1000.0;false
ShellGame;1648;bow;0.96;true;4;-1;560.1;1000.0;false
ShellGame;1649;bow;0.96;true;4;-1;560.1;1000.0;false
ShellGame;1650;bow;0.96;true;4;-1;560.1;1000.0;false
ShellGame;1651;bow;0.96;true;4;-1;560.1;1000.0;false
ShellGame;1652;bow;0.96;true;4;-1;560.1;1000.0;false
ShellGame;1653;bow;0.96;true;4;-1;560.1;1000.0;false
ShellGame;1654;bow;0.96;true;4;-1;560.1;1000.0;false
ShellGame;1655;bow;0.96;true;4;-1;560.1;1000.0;false
ShellGame;1656;bow;0.96;true;4;-1;560.1;1000.0;false
ShellGame;1657;bow;0.96;true;4;-1;560.1;1000.0;false
ShellGame;1658;bow;0.96;true;4;-1;560.1;1000.0;false
ShellGame;1659;bow;0.96;true;4;-1;560.1;1000.0;false
ShellGame;1660;bow;0.96;true;4;-1;560.1;1000.0;false
ShellGame;1661;bow;0.96;true;4;-1;560.1;1000.0;false
ShellGame;1662;bow;0.96;true;4;-1;560.1;1000.0;false
ShellGame;1663;bow;0.96;true;4;-1;560.1;1000.0;false
ShellGame;1664;bow;0.96;true;4;-1;560.1;1000.0;false
ShellGame;1665;bow;0.96;true;4;-1;560.1;1000.0;false
ShellGame;1666;bow;0.96;true;4;-1;560.1;1000.0;false
ShellGame;1667;bow;0.96;true;4;-1;560.1;1000.0;false
ShellGame;1668;bow;0.96;true;4;-1;560.1;1000.0;false
ShellGame;1669;bow;0.96;true;4;-1;560.1;1000.0;false
ShellGame;1670;bow;0.96;true;4;-1;560.1;1000.0;false
ShellGame;1671;bow;0.96;true;4;-1;560.1;1000.0;false
ShellGame;1672;bow;0.96;true;4;-1;560.1;1000.0;false
ShellGame;1673;bow;0.96;true;4;-1;560.1;1000.0;false
ShellGame;1674;bow;0.96;true;4;-1;560.1;1000.0;false
ShellGame;1675;bow;0.96;true;4;-1;560.1;1000.0;false
ShellGame;1676;bow;0.96;true;4;-1;560.1;1000.0;false
ShellGame;1677;bow;0.96;true;4;-1;560.1;1000.0;false
ShellGame;1678;bow;0.96;true;4;-1;560.1;1000.0;false
ShellGame;1679;bow;0.96;true;4;-1;560.1;1000.0;false
ShellGame;1680;bow;0.96;true;4;-1;560.1;1000.0;false
ShellGame;1681;bow;0.96;true;4;-1;560.1;1000.0;false
ShellGame;1682;bow;0.96;true;4;-1;560.1;1000.0;false
ShellGame;1683;bow;0.96;true;4;-1;560.1;1000.0;false
ShellGame;1684;bow;0.96;true;4;-1;560.1;1000.0;false
ShellGame;1685;bow;0.96;true;4;-1;560.1;1000.0;false
ShellGame;1686;bow;0.96;true;4;-1;560.1;1000.0;false
ShellGame;1687;bow;0.96;true;4;-1;560.1;1000.0;false
ShellGame;1688;bow;0.96;true;4;-1;560.1;1000.0;false
ShellGame;1689;bow;0.96;true;4;-1;560.1;1000.0;false
ShellGame;1690;bow;0.96;true;4;-1;560.1;1000.0;false
ShellGame;1691;bow;0.96;true;4;-1;560.1;1000.0;false
ShellGame;1692;bow;0.96;true;4;-1;560.1;1000.0;false
ShellGame;1693;bow;0.96;true;4;-1;560.1;1000.0;false
ShellGame;1694;bow;0.96;true;4;-1;560.1;1000.0;false
ShellGame;1695;bow;0.96;true;4;-1;560.1;1000.0;false
ShellGame;1696;bow;0.96;true;4;-1;560.1;1000.0;false
ShellGame;1697;bow;0.96;true;4;-1;560.1;1000.0;false
ShellGame;1698;bow;0.96;true;4;-1;560.1;1000.0;false
ShellGame;1699;bow;0.96;true;4;-1;560.1;1000.0;false
ShellGame;1700;bow;0.96;true;4;-1;560.1;1000.0;false
ShellGame;1701;bow;0.96;true;4;-1;560.1;1000.0;false
ShellGame;1702;bow;0.96;true;4;-1;560.1;1000.0;false
ShellGame;1703;bow;0.96;true;4;-1;560.1;1000.0;false
ShellGame;1704;bow;0.96;true;4;-1;560.1;1000.0;false
ShellGame;1705;bow;0.96;true;4;-1;560.1;1000.0;false
ShellGame;1706;bow;0.96;true;4;-1;560.1;1000.0;false
ShellGame;1707;bow;0.96;true;4;-1;560.1;1000.0;false
ShellGame;1708;bow;0.96;true;4;-1;560.1;1000.0;false
ShellGame;1709;bow;0.96;true;4;-1;560.1;1000.0;false
ShellGame;1710;bow;0.96;true;4;-1;560.1;1000.0;false
ShellGame;1711;bow;0.96;true;4;-1;560.1;1000.0;false
ShellGame;1712;bow;0.96;true;4;-1;560.1;1000.0;false
ShellGame;1713;bow;0.96;true;4;-1;560.1;1000.0;false
ShellGame;1714;bow;0.96;true;4;-1;560.1;1000.0;false
ShellGame;1715;bow;0.96;true;4;-1;560.1;1000.0;false
ShellGame;1716;bow;0.96;true;4;-1;560.1;1000.0;false
ShellGame;1717;bow;0.96;true;4;-1;560.1;1000.0;false
ShellGame;1718;bow;0.96;true;4;-1;560.1;1000.0;false
ShellGame;1719;bow;0.96;true;4;-1;560.1;1000.0;false
ShellGame;1720;bow;0.96;true;4;-1;560.1;1000.0;false
ShellGame;1721;bow;0.96;true;4;-1;560.1;1000.0;false
ShellGame;1722;bow;0.96;true;4;-1;560.1;1000.0;false
ShellGame;1723;bow;0.96;true;4;-1;560.1;1000.0;false
ShellGame;1724;bow;0.96;true;4;-1;560.1;1000.0;false
ShellGame;1725;bow;0.96;true;4;-1;560.1;1000.0;false
ShellGame;1726;bow;0.96;true;4;-1;560.1;1000.0;false
ShellGame;1727;bow;0.96;true;4;-1;560.1;1000.0;false
ShellGame;1728;bow;0.96;true;4;-1;560.1;1000.0;false
ShellGame;1729;bow;0.96;true;4;-1;560.1;1000.0;false
ShellGame;1730;bow;0.96;true;4;-1;560.1;1000.0;false
ShellGame;1731;bow;0.96;true;4;-1;560.1;1000.0;false
ShellGame;1732;bow;0.96;true;4;-1;560.1;1000.0;false
ShellGame;1733;bow;0.96;true;4;-1;560.1;1000.0;false
ShellGame;1734;bow;0.96;true;4;-1;560.1;1000.0;false
ShellGame;1735;bow;0.96;true;4;-1;560.1;1000.0;false
ShellGame;1736;bow;0.96;true;4;-1;560.1;1000.0;false
ShellGame;1737;bow;0.96;true;4;-1;560.1;1000.0;false
ShellGame;1738;bow;0.96;true;4;-1;560.1;1000.0;false
ShellGame;1739;bow;0.96;true;4;-1;560.1;1000.0;false
ShellGame;1740;bow;0.96;true;4;-1;560.1;1000.0;false
ShellGame;1741;bow;0.96;true;4;-1;560.1;1000.0;false
ShellGame;1742;bow;0.96;true;4;-1;560.1;1000.0;false
ShellGame;1743;bow;0.96;true;4;-1;560.1;1000.0;false
ShellGame;1744;bow;0.96;true;4;-1;560.1;1000.0;false
ShellGame;1745;bow;0.96;true;4;-1;560.1;1000.0;false
ShellGame;1746;bow;0.96;true;4;-1;560.1;1000.0;false
ShellGame;1747;bow;0.96;true;4;-1;560.1;1000.0;false
ShellGame;1748;bow;0.96;true;4;-1;560.1;1000.0;false
ShellGame;1749;bow;0.96;true;4;-1;560.1;1000.0;false
ShellGame;1750;bow;0.96;true;4;-1;560.1;1000.0;false
ShellGame;1751;bow;0.96;true;4;-1;560.1;1000.0;false
ShellGame;1752;bow;0.96;true;4;-1;560.1;1000.0;false
ShellGame;1753;bow;0.96;true;4;-1;560.1;1000.0;false
ShellGame;1754;bow;0.96;true;4;-1;560.1;1000.0;false
ShellGame;1755;bow;0.96;true;4;-1;560.1;1000.0;false
ShellGame;1756;bow;0.96;true;4;-1;560.1;1000.0;false
ShellGame;1757;bow;0.96;true;4;-1;560.1;1000.0;false
ShellGame;1758;bow;0.96;true;4;-1;560.1;1000.0;false
ShellGame;1759;bow;0.96;true;4;-1;560.1;1000.0;false
ShellGame;1760;bow;0.96;true;4;-1;560.1;1000.0;false
ShellGame;1761;bow;0.96;true;4;-1;560.1;1000.0;false
ShellGame;1762;bow;0.96;true;4;-1;560.1;1000.0;false
ShellGame;1763;bow;0.96;true;4;-1;560.1;1000.0;false
ShellGame;1764;bow;0.96;true;4;-1;560.1;1000.0;false
ShellGame;1765;bow;0.96;true;4;-1;560.1;1000.0;false
ShellGame;1766;bow;0.96;true;4;-1;560.1;1000.0;false
ShellGame;1767;bow;0.96;true;4;-1;560.1;1000.0;false
ShellGame;1768;bow;0.96;true;4;-1;560.1;1000.0;false
ShellGame;1769;bow;0.96;true;4;-1;560.1;1000.0;false
ShellGame;1770;bow;0.96;true;4;-1;560.1;1000.0;false
ShellGame;1771;bow;0.96;true;4;-1;560.1;1000.0;false
ShellGame;1772;bow;0.96;true;4;-1;560.1;1000.0;false
ShellGame;1773;bow;0.96;true;4;-1;560.1;1000.0;false
ShellGame;1774;bow;0.96;true;4;-1;560.1;1000.0;false
ShellGame;1775;bow;0.96;true;4;-1;560.1;1000.0;false
ShellGame;1776;bow;0.96;true;4;-1;560.1;1000.0;false
ShellGame;1777;bow;0.96;true;4;-1;560.1;1000.0;false
ShellGame;1778;bow;0.96;true;4;-1;560.1;1000.0;false
ShellGame;1779;bow;0.96;true;4;-1;560.1;1000.0;false
ShellGame;1780;bow;0.96;true;4;-1;560.1;1000.0;false
ShellGame;1781;bow;0.96;true;4;-1;560.1;1000.0;false
ShellGame;1782;bow;0.96;true;4;-1;560.1;1000.0;false
ShellGame;1783;bow;0.96;true;4;-1;560.1;1000.0;false
ShellGame;1784;bow;0.96;true;4;-1;560.1;1000.0;false
ShellGame;1785;bow;0.96;true;4;-1;560.1;1000.0;false
ShellGame;1786;bow;0.96;true;4;-1;560.1;1000.0;false
ShellGame;1787;bow;0.96;true;4;-1;560.1;1000.0;false
ShellGame;1788;bow;0.96;true;4;-1;560.1;1000.0;false
ShellGame;1789;bow;0.96;true;4;-1;560.1;1000.0;false
ShellGame;1790;bow;0.96;true;4;-1;560.1;1000.0;false
ShellGame;1791;bow;0.96;true;4;-1;560.1;1000.0;false
ShellGame;1792;bow;0.96;true;4;-1;560.1;1000.0;false
ShellGame;1793;bow;0.96;true;4;-1;560.1;1000.0;false
ShellGame;1794;bow;0.96;true;4;-1;560.1;1000.0;false
ShellGame;1795;bow;0.96;true;4;-1;560.1;1000.0;false
ShellGame;1796;bow;0.96;true;4;-1;560.1;1000.0;false
ShellGame;1797;bow;0.96;true;4;-1;560.1;1000.0;false
ShellGame;1798;bow;0.96;true;4;-1;560.1;1000.0;false
ShellGame;1799;bow;0.96;true;4;-1;560.1;1000.0;false
ShellGame;1800;bow;0.96;true;4;-1;560.1;1000.0;false
