ataque;quadro;jogador;evento;dist_area_rosa;x;y;parries
0;143;1;pulo;155.4;480.0;1000.0;0
0;146;1;tentativa;102.7;480.0;932.0;0
0;187;1;tentativa;94.5;480.0;899.4;1
1;91;1;pulo;364.5;480.0;999.9;2
1;107;1;tentativa;103.9;480.0;745.6;2
1;170;1;pulo;364.5;480.0;999.9;3
1;186;1;tentativa;103.9;480.0;745.6;3
2;130;1;pulo;364.5;480.0;999.9;4
2;146;1;tentativa;103.9;480.0;745.6;4
2;193;1;tentativa;99.3;480.0;830.3;5
3;91;1;pulo;364.6;480.0;1000.0;6
3;107;1;tentativa;103.9;480.0;745.6;6
4;130;1;pulo;364.5;480.0;999.9;7
4;146;1;tentativa;103.9;480.0;745.6;7
4;193;1;tentativa;99.3;480.0;830.3;8
5;91;1;pulo;364.6;480.0;1000.0;9
5;107;1;tentativa;103.9;480.0;745.6;9
5;170;1;pulo;364.5;480.0;999.9;10
5;186;1;tentativa;103.9;480.0;745.6;10
